URL,Campaign,ThreatFamily,Creation Time
kiwi.officesuport.com,Cyber Threat Advisory - China-Backed Hackers Hit 17 Nations in 3-Year Campaign,Malware,2023
b1k10pk9.caamanitoba.us,Cyber Threat Advisory - China-Backed Hackers Hit 17 Nations in 3-Year Campaign,Malware,2023
sibersystems.xyz,Cyber Threat Advisory - China-Backed Hackers Hit 17 Nations in 3-Year Campaign,Malware,2023
downloads.ekaldhfl.club,Cyber Threat Advisory - China-Backed Hackers Hit 17 Nations in 3-Year Campaign,Malware,2023
qbxlwr4nkq.itcom666.live,Cyber Threat Advisory - China-Backed Hackers Hit 17 Nations in 3-Year Campaign,Malware,2023
livehost.live,Cyber Threat Advisory - New Leak Unmasks China's Use of Private Firms for Cyberattacks,Exfiltration,2023
remote.officesuport.com,Cyber Threat Advisory - China-Backed Hackers Hit 17 Nations in 3-Year Campaign,Malware,2023
plt.ekaldhfl.club,Cyber Threat Advisory - China-Backed Hackers Hit 17 Nations in 3-Year Campaign,Malware,2023
ntpc.officesuport.com,Cyber Threat Advisory - China-Backed Hackers Hit 17 Nations in 3-Year Campaign,Malware,2023
main.officesuport.com,Cyber Threat Advisory - China-Backed Hackers Hit 17 Nations in 3-Year Campaign,Malware,2023
itsm-uat-app.itcom888.live,Cyber Threat Advisory - China-Backed Hackers Hit 17 Nations in 3-Year Campaign,Malware,2023
liveonlin.com,Cyber Threat Advisory - China-Backed Hackers Hit 17 Nations in 3-Year Campaign,Malware,2023
8kmobvy5o.itcom666.live,Cyber Threat Advisory - China-Backed Hackers Hit 17 Nations in 3-Year Campaign,Malware,2023
ekaldhfl.club,Cyber Threat Advisory - China-Backed Hackers Hit 17 Nations in 3-Year Campaign,Malware,2023
nvw3tdetwx.itcom888.live,Cyber Threat Advisory - China-Backed Hackers Hit 17 Nations in 3-Year Campaign,Malware,2023
test.officesuport.com,Cyber Threat Advisory - China-Backed Hackers Hit 17 Nations in 3-Year Campaign,Malware,2023
api.asia-cdn.asia,Cyber Threat Advisory - China-Backed Hackers Hit 17 Nations in 3-Year Campaign,Malware,2023
excel.officesuport.com,Cyber Threat Advisory - China-Backed Hackers Hit 17 Nations in 3-Year Campaign,Malware,2023
mail.officesuport.com,Cyber Threat Advisory - China-Backed Hackers Hit 17 Nations in 3-Year Campaign,Malware,2023
conhostsadas.website,Cyber Threat Advisory - China-Backed Hackers Hit 17 Nations in 3-Year Campaign,Malware,2023
fyalluw0.sibersystems.xyz,Cyber Threat Advisory - China-Backed Hackers Hit 17 Nations in 3-Year Campaign,Malware,2023
0j10u9wi.itcom888.live,Cyber Threat Advisory - China-Backed Hackers Hit 17 Nations in 3-Year Campaign,Malware,2023
r77wu4s847.sibersystems.xyz,Cyber Threat Advisory - China-Backed Hackers Hit 17 Nations in 3-Year Campaign,Malware,2023
caamanitoba.us,Cyber Threat Advisory - China-Backed Hackers Hit 17 Nations in 3-Year Campaign,Malware,2023
itcom666.live,Cyber Threat Advisory - China-Backed Hackers Hit 17 Nations in 3-Year Campaign,Malware,2023
yt-sslvpn.itcom888.live,Cyber Threat Advisory - China-Backed Hackers Hit 17 Nations in 3-Year Campaign,Malware,2023
ist.ekaldhfl.club,Cyber Threat Advisory - China-Backed Hackers Hit 17 Nations in 3-Year Campaign,Malware,2023
us.ekaldhfl.club,Cyber Threat Advisory - China-Backed Hackers Hit 17 Nations in 3-Year Campaign,Malware,2023
itcom888.live,Cyber Threat Advisory - China-Backed Hackers Hit 17 Nations in 3-Year Campaign,Malware,2023
mtlklabs.co,Cyber Threat Advisory - China-Backed Hackers Hit 17 Nations in 3-Year Campaign,Malware,2023
3tgdtyfpt9.sibersystems.xyz,Cyber Threat Advisory - China-Backed Hackers Hit 17 Nations in 3-Year Campaign,Malware,2023
sci.livehost.live,Cyber Threat Advisory - China-Backed Hackers Hit 17 Nations in 3-Year Campaign,Malware,2023
usa.ekaldhfl.club,Cyber Threat Advisory - China-Backed Hackers Hit 17 Nations in 3-Year Campaign,Malware,2023
sijqlfnbes.sibersystems.xyz,Cyber Threat Advisory - China-Backed Hackers Hit 17 Nations in 3-Year Campaign,Malware,2023
thy.ekaldhfl.club,Cyber Threat Advisory - China-Backed Hackers Hit 17 Nations in 3-Year Campaign,Malware,2023
jw7uvtodx4.caamanitoba.us,Cyber Threat Advisory - China-Backed Hackers Hit 17 Nations in 3-Year Campaign,Malware,2023
officesuport.com,Cyber Threat Advisory - China-Backed Hackers Hit 17 Nations in 3-Year Campaign,Malware,2023
bwlgrafana.itcom888.live,Cyber Threat Advisory - China-Backed Hackers Hit 17 Nations in 3-Year Campaign,Malware,2023
dkxvb0mf.itcom888.live,Cyber Threat Advisory - China-Backed Hackers Hit 17 Nations in 3-Year Campaign,Malware,2023
2h3cvvhgtf.sibersystems.xyz,Cyber Threat Advisory - China-Backed Hackers Hit 17 Nations in 3-Year Campaign,Malware,2023
tlt.ekaldhfl.club,Cyber Threat Advisory - China-Backed Hackers Hit 17 Nations in 3-Year Campaign,Malware,2023
vappvcsa.itcom888.live,Cyber Threat Advisory - China-Backed Hackers Hit 17 Nations in 3-Year Campaign,Malware,2023
711zm77cwq.sibersystems.xyz,Cyber Threat Advisory - China-Backed Hackers Hit 17 Nations in 3-Year Campaign,Malware,2023
94ceaugp.itcom888.live,Cyber Threat Advisory - China-Backed Hackers Hit 17 Nations in 3-Year Campaign,Malware,2023
xdryqrbe.caamanitoba.us,Cyber Threat Advisory - China-Backed Hackers Hit 17 Nations in 3-Year Campaign,Malware,2023
jmz8xhxen3.sibersystems.xyz,Cyber Threat Advisory - China-Backed Hackers Hit 17 Nations in 3-Year Campaign,Malware,2023
6hi6m62bzp.caamanitoba.us,Cyber Threat Advisory - China-Backed Hackers Hit 17 Nations in 3-Year Campaign,Malware,2023
ts.ekaldhfl.club,Cyber Threat Advisory - China-Backed Hackers Hit 17 Nations in 3-Year Campaign,Malware,2023
n71qtqemam.sibersystems.xyz,Cyber Threat Advisory - China-Backed Hackers Hit 17 Nations in 3-Year Campaign,Malware,2023
cdn.officesuport.com,Cyber Threat Advisory - China-Backed Hackers Hit 17 Nations in 3-Year Campaign,Malware,2023
pps.ekaldhfl.club,Cyber Threat Advisory - China-Backed Hackers Hit 17 Nations in 3-Year Campaign,Malware,2023
https://telete.in/bpa1010100102,Raccoon Stealer,Malware,2023
https://telete.in/baudemars,Raccoon Stealer,Malware,2023
https://telete.in/jiocacossa,Raccoon Stealer,Malware,2023
https://tttttt.me/brikitiki,Raccoon Stealer,Malware,2023
https://tttttt.me/antitantief3,Raccoon Stealer,Malware,2023
https://tttttt.me/kokajakprozak,Raccoon Stealer,Malware,2023
https://tttttt.me/ch0koalpengold,Raccoon Stealer,Malware,2023
telecut.in,Raccoon Stealer,Malware,2023
tlgr.org,Raccoon Stealer,Malware,2023
telegram.cat,Raccoon Stealer,Malware,2023
tttttt.me,Raccoon Stealer,Malware,2023
tgraph.io,Raccoon Stealer,Malware,2023
telete.in,Raccoon Stealer,Malware,2023
telegram.services,Raccoon Stealer,Malware,2023
https://raw.githubusercontent.com/limerboy/hackpy/master/modules/audio.zip,QwixxRAT,SuspiciousActivity,2023
https://raw.githubusercontent.com/tedburke.commandcam/master.commandcam.exe,QwixxRAT,SuspiciousActivity,2023
https://raw.githubusercontent.com/limerboy/toxiceye/master/telegramrat/telegramrat/core/libs/audioswitcher.audioapi.dll,QwixxRAT,SuspiciousActivity,2023
https://raw.githubusercontent.com/limerboy/toxiceye/master/telegramrat/telegramrat/core/libs/audioswitcher.audioapi.coreaudio.dll,QwixxRAT,SuspiciousActivity,2023
zxcss.com,BlueShell Malware,Malware,2023
lt.yxavkb.xyz,BlueShell Malware,Malware,2023
http://154.93.7.99:8090/cdgserver3/images/zh/mcods.exe,China-Linked Threat Actors Target Semiconductor Companies in East Asia,Malware,2023
http://154.93.7.99:8090/cdgserver3/images/zh/bin.config,China-Linked Threat Actors Target Semiconductor Companies in East Asia,Malware,2023
http://154.93.7.99:8090/cdgserver3/images/zh/mcvsocfg.dll,China-Linked Threat Actors Target Semiconductor Companies in East Asia,Malware,2023
http://38.54.119.239:443/jquery-3.3.1.min.js,China-Linked Threat Actors Target Semiconductor Companies in East Asia,Malware,2023
http://45.77.37.145:8443/,China-Linked Threat Actors Target Semiconductor Companies in East Asia,Malware,2023
http://154.93.7.99:8090/cdgserver3/images/zh/bin,China-Linked Threat Actors Target Semiconductor Companies in East Asia,Malware,2023
statisticscripts.com,Balada Injector Attacks,Malware,2023
listwithstats.com,Balada Injector Attacks,Malware,2023
stratosbody.com,Balada Injector Attacks,Malware,2023
getmygateway.com,Balada Injector Attacks,Malware,2023
dataofpages.com,Balada Injector Attacks,Malware,2023
promsmotion.com,Balada Injector Attacks,Malware,2023
stablelightway.com,Balada Injector Attacks,Malware,2023
decentralappps.com,Balada Injector Attacks,Malware,2023
specialnewspaper.com,Balada Injector Attacks,Malware,2023
specialtaskevents.com,Balada Injector Attacks,Malware,2023
http://tp-globa.xyz//odhlca1mlup/lz5rzpxwsh/7yzkyqi43s/fp7savdx6c/bfc,Cyber Threat Advisory - North Korean Hackers ,Malware,2023
tp-globa.xyz,Cyber Threat Advisory - North Korean Hackers ,Malware,2023
https://winccp.net,WinSCP Users Through Google Ads,Malware,2023
https://pr-uae.com/winscp_v6.1.zip,WinSCP Users Through Google Ads,Malware,2023
https://advocates4consumerprotection.com/wp-includes/js/tinymce/skins/iudjh9iwd182.php?id=1,WailingCrab Malware,Malware,2023
https://cdn.discordapp.com/attachments/1124390807626076192/1128383419970240662/s42.iso,WailingCrab Malware,Malware,2023
https://tournadre.dc1-mtp.fr/wp-content/plugins/kona-instagram-feed-for-gutenbargwfn/4dionaq9d0219d.php?id=1,WailingCrab Malware,Malware,2023
https://rgjllc.pro/wp-content/themes/sydney/inc/notices/uiqbw123udibjk1d2.php?id=1,WailingCrab Malware,Malware,2023
https://epikurgroup.com/plugins/content/jw_allvideos/jw_allvideos/tmpl/responsive/oiyqnk182.php?id=1,WailingCrab Malware,Malware,2023
https://vivalisme.fr/forms/forms/kiikxnmlogx/frrydjqb/vendor/9818hd218hd21.php?id=1,WailingCrab Malware,Malware,2023
https://www.p-e-c.nl/wp-content/themes/twentytwentyone/hudiiiwj1.php?id=1,WailingCrab Malware,Malware,2023
https://inspiration-canopee.fr/vendor/fields/assets/idnileeal/sifyhewmiyq/3jnd9021j9dj129.php?id=1,WailingCrab Malware,Malware,2023
https://awesscholarship.in/upload/abc009.pdf,RusticWeb,Malware,2023
https://awesscholarship.in/upload/1.pdf,RusticWeb,Malware,2023
https://awesscholarship.in/upload/file.zip,RusticWeb,Malware,2023
https://awesscholarship.in/ppam/syscheck.zip,RusticWeb,Malware,2023
https://awesscholarship.in/upload/dsop-nom.zip,RusticWeb,Malware,2023
https://parichay.epar.in/win/mail_check.ps1,RusticWeb,Malware,2023
https://rb.gy/gbfsi,RusticWeb,Malware,2023
https://awesscholarship.in/upload/in.ps1,RusticWeb,Malware,2023
https://awesscholarship.in/upload/upload.php,RusticWeb,Malware,2023
https://awesscholarship.in/upload/file1.zip,RusticWeb,Malware,2023
https://awesscholarship.in/ppam/mail_check.ps1,RusticWeb,Malware,2023
https://parichay.epar.in/win/1.pdf,RusticWeb,Malware,2023
awesscholarship.in,RusticWeb,Malware,2023
alfa-aeafa-default-rtdb.firebaseio.com,RusticWeb,Malware,2023
parichay.epar.in,RusticWeb,Malware,2023
hgfdytrywq.com,DarkGate Malware,Malware,2024
https://luke.compeyson.eu.org/runservice/api/public.php,USB Malware Payload,Malware,2024
http://ncnskjhrbefwifjhww.tk/updater.php,USB Malware Payload,Malware,2024
https://euserv3.herokuapp.com/c0s1ta/index.php,USB Malware Payload,Malware,2024
http://studiofotografico35mm.altervista.org/updater.php,USB Malware Payload,Malware,2024
https://bobsmith.apiworld.cf/license.php,USB Malware Payload,Malware,2024
https://eu1.microtunnel.it/c0s1ta/index.php,USB Malware Payload,Malware,2024
https://captcha.tgbot.it/updater.php,USB Malware Payload,Malware,2024
https://luke.compeyson.eu.org/runservice/api/public_result.php,USB Malware Payload,Malware,2024
https://lucaespo.altervista.org/updater.php,USB Malware Payload,Malware,2024
https://luke.compeyson.eu.org/wp-admin.php,USB Malware Payload,Malware,2024
https://captcha.grouphelp.top/updater.php,USB Malware Payload,Malware,2024
https://monumental.ga/wp-admin.php,USB Malware Payload,Malware,2024
https://evh001.gitlab.io/src.txt,USB Malware Payload,Malware,2024
https://wjecpujpanmwm.tk/updater.php?from=usb1,USB Malware Payload,Malware,2024
https://lucaesposito.herokuapp.com/c0s1ta/index.php,USB Malware Payload,Malware,2024
https://evinfeoptasw.dedyn.io/updater.php,USB Malware Payload,Malware,2024
https://davebeerblog.eu.org/wp-admin.php,USB Malware Payload,Malware,2024
https://vimeo.com/api/v2/video/804838895.json,USB Malware Payload,Malware,2024
https://eldi8.github.io/src.txt,USB Malware Payload,Malware,2024
https://arstechnica.com/civis/members/frncbf22.1062014/about/,USB Malware Payload,Malware,2024
http://geraldonsboutique.altervista.org/updater.php,USB Malware Payload,Malware,2024
https://wjecpujpanmwm.tk/updater.php,USB Malware Payload,Malware,2024
https://uploaddeimagens.com.br/,Mispadu Malware,Malware,2024
http://23.95.128.195/080/igfxem.exe,Mispadu Malware,Malware,2024
http://24.199.98.128/verificacion58/6504926283/3072491614.exe,Mispadu Malware,Malware,2024
http://23.95.128.195/fgv/1/8o0o0oo0o0o0o0o00o0o0o00o0o00o0o00000000000000%23%23%23%23%23%23%23%23%23%23%23%23%23%23000000%23%23%23%23%23%23%23%23%23%23%23%23%23%2300000.doc,Mispadu Malware,Malware,2024
http://192.3.216.144/456/system_root.vbs,Mispadu Malware,Malware,2024
http://192.3.216.144/650/system.vbs,Mispadu Malware,Malware,2024
http://24.199.98.128/expediente38/8869881268/8594605066.exe,Mispadu Malware,Malware,2024
http://tttmundo2022.eastus.cloudapp.azure.com/rmdeshome/28p/2585.txt,Mispadu Malware,Malware,2024
http://192.3.216.144/prow/,Mispadu Malware,Malware,2024
http://80.76.51.248/qasx.vbs,Mispadu Malware,Malware,2024
http://23.95.128.195/fgv/1/8o0o0oo0o0o0o0o00o0o0o00o0o00o0o00000000000000,Mispadu Malware,Malware,2024
http://193.42.33.63/aktivooooosssss.vbs,Mispadu Malware,Malware,2024
http://tttmundo2022.eastus.cloudapp.azure.com/15fresgf/777/777/77/js-mister.txt,Mispadu Malware,Malware,2024
http://192.3.216.144/windows/windwindiwindiwndinwindnwindinw%23%23%23%23%23%23%23%23%23%23%23%23%23%23%23%23%23%23%23windiwisnwindiwnsiwndins.doc,Mispadu Malware,Malware,2024
http://tttmundo2022.eastus.cloudapp.azure.com/rmdeshome/,Mispadu Malware,Malware,2024
https://uploaddeimagens.com.br/images/004,Mispadu Malware,Malware,2024
https://104.168.46.25/doc0/,Mispadu Malware,Malware,2024
https://104.168.46.25/90o/receipt.vbs,Mispadu Malware,Malware,2024
https://cdn.discordapp.com/attachments/1155652290661843037/1155652731529334895/777enviosrocor.txt,Mispadu Malware,Malware,2024
https://plinqok.com/3dzy14ebg/buhumo0/it.php,Mispadu Malware,Malware,2024
http://trilivok.com/4g3031ar0/cb6y1dh/it.php,Mispadu Malware,Malware,2024
http://24.199.98.128/impresion73/5464893028/8024251449.exe,Mispadu Malware,Malware,2024
https://textbin.net/raw/,Mispadu Malware,Malware,2024
http://192.3.216.144/650/swiss/,Mispadu Malware,Malware,2024
http://104.168.46.25/qw/,Mispadu Malware,Malware,2024
https://104.168.46.25/80o/x.vbs,Mispadu Malware,Malware,2024
http://104.168.46.25/80o/receipt.vbs,Mispadu Malware,Malware,2024
http://192.3.216.144/650/swiss/swissswissswissswisssiwsssiwissswiss%23%23%23%23%23%23%23%23%23%23%23%23%23%23%23%23%23swissswisswiswiswis%23%23%23%23%23%23%23%23%23%23%23%23%23%23%23%23swisswisssiswissiswiss.doc,Mispadu Malware,Malware,2024
https://52.152.223.228/,Mispadu Malware,Malware,2024
tttmundo2022.eastus.cloudapp.azure.com,Mispadu Malware,Malware,2024
plinqok.com,Mispadu Malware,Malware,2024
trilivok.com,Mispadu Malware,Malware,2024
uploaddeimagens.com.br,Mispadu Malware,Malware,2024
http://221.199.171.174:16543/08388e25.png,PurpleFox,Malware,2024
http://121.201.103.253:18101/c558b828.png,PurpleFox,Malware,2024
http://138.68.78.116:11016/08388e25.png,PurpleFox,Malware,2024
http://36.7.175.92:18879/c558b828.png,PurpleFox,Malware,2024
http://60.223.244.12:11053/c558b828.png,PurpleFox,Malware,2024
http://222.186.134.123:11700/08388e25.png,PurpleFox,Malware,2024
http://178.128.103.246:17880/08388e25.png,PurpleFox,Malware,2024
http://160.3.221.54:15591/c558b828.png,PurpleFox,Malware,2024
http://61.160.233.68:19583/c558b828.png,PurpleFox,Malware,2024
http://103.39.232.29:18601/c558b828.png,PurpleFox,Malware,2024
http://89.111.243.60:17320/08388e25.png,PurpleFox,Malware,2024
http://61.146.235.242:17770/c558b828.png,PurpleFox,Malware,2024
http://110.45.196.155:14753/c558b828.png,PurpleFox,Malware,2024
http://190.111.12.242:17742/c558b828.png,PurpleFox,Malware,2024
http://149.88.77.33:19566/c558b828.png,PurpleFox,Malware,2024
http://201.230.62.167:15840/c558b828.png,PurpleFox,Malware,2024
http://195.154.237.3:20175/c558b828.png,PurpleFox,Malware,2024
http://187.39.137.14:12399/c558b828.png,PurpleFox,Malware,2024
http://103.97.202.40:11592/08388e25.png,PurpleFox,Malware,2024
http://187.84.208.218:17009/c558b828.png,PurpleFox,Malware,2024
http://36.7.175.92:18879/08388e25.png,PurpleFox,Malware,2024
http://114.244.48.11:19650/c558b828.png,PurpleFox,Malware,2024
http://118.97.59.84:18079/c558b828.png,PurpleFox,Malware,2024
http://112.26.121.7:19139/c558b828.png,PurpleFox,Malware,2024
http://41.33.183.69:19811/c558b828.png,PurpleFox,Malware,2024
http://103.73.161.184:17487/c558b828.png,PurpleFox,Malware,2024
http://187.189.218.211:16789/c558b828.png,PurpleFox,Malware,2024
http://85.191.122.242:17756/c558b828.png,PurpleFox,Malware,2024
http://91.135.200.114:10872/c558b828.png,PurpleFox,Malware,2024
http://113.161.145.95:19153/c558b828.png,PurpleFox,Malware,2024
http://192.250.197.178:16932/08388e25.png,PurpleFox,Malware,2024
http://138.68.78.116:11016/c558b828.png,PurpleFox,Malware,2024
http://212.233.205.81:17849/c558b828.png,PurpleFox,Malware,2024
http://221.199.171.174:16543/c558b828.png,PurpleFox,Malware,2024
http://123.192.32.191:18102/c558b828.png,PurpleFox,Malware,2024
http://219.150.217.124:11825/08388e25.png,PurpleFox,Malware,2024
http://144.172.122.165:15673/c558b828.png,PurpleFox,Malware,2024
http://74.96.232.10:19408/c558b828.png,PurpleFox,Malware,2024
http://220.194.177.52:14975/c558b828.png,PurpleFox,Malware,2024
http://64.227.152.193:18336/08388e25.png,PurpleFox,Malware,2024
http://160.3.221.54:15591/08388e25.png,PurpleFox,Malware,2024
http://219.150.217.124:11825/c558b828.png,PurpleFox,Malware,2024
http://221.230.11.85:18156/c558b828.png,PurpleFox,Malware,2024
http://170.246.224.162:15427/c558b828.png,PurpleFox,Malware,2024
http://172.93.220.105:20127/c558b828.png,PurpleFox,Malware,2024
http://64.227.152.193:18336/c558b828.png,PurpleFox,Malware,2024
http://170.246.224.162:15427/08388e25.png,PurpleFox,Malware,2024
http://222.92.147.235:17538/c558b828.png,PurpleFox,Malware,2024
http://178.128.103.246:17880/c558b828.png,PurpleFox,Malware,2024
http://8.137.17.159:15066/c558b828.png,PurpleFox,Malware,2024
http://121.22.124.78:17535/c558b828.png,PurpleFox,Malware,2024
http://195.189.28.244:17807/c558b828.png,PurpleFox,Malware,2024
http://159.89.31.59:16801/08388e25.png,PurpleFox,Malware,2024
http://172.93.220.105:20127/08388e25.png,PurpleFox,Malware,2024
http://212.233.205.81:17849/08388e25.png,PurpleFox,Malware,2024
http://173.230.225.13:11843/c558b828.png,PurpleFox,Malware,2024
kew.1qw.us,PurpleFox,Malware,2024
nk.1qw.us,PurpleFox,Malware,2024
ret.6bc.us,PurpleFox,Malware,2024
kew.8df.us,PurpleFox,Malware,2024
rpc.1qw.us,PurpleFox,Malware,2024
http://171.22.30.147/tony/five/fre.php,TicTacToe Dropper,Malware,2024
http://64.227.48.212/project/five/fre.php,TicTacToe Dropper,Malware,2024
hitsbitsx.com,Espionage Campaign,Malware,2024
recsecas.com,Espionage Campaign,Malware,2024
ocsp-reloads.com,Espionage Campaign,Malware,2024
bugiplaysec.com,Espionage Campaign,Malware,2024
minagroua.org,Operation Texonto,SuspiciousActivity,2024
choicelive149200.com,Operation Texonto,SuspiciousActivity,2024
minuaregionbecareful.com,Operation Texonto,SuspiciousActivity,2024
navalny-votes.net,Operation Texonto,SuspiciousActivity,2024
ua-minagro.com,Operation Texonto,SuspiciousActivity,2024
login.microsoftidonline.com,Operation Texonto,SuspiciousActivity,2024
infoattention.com,Operation Texonto,SuspiciousActivity,2024
minuaregion.org,Operation Texonto,SuspiciousActivity,2024
navalny-votesmart.net,Operation Texonto,SuspiciousActivity,2024
stronginfo1.com,Operation Texonto,SuspiciousActivity,2024
navalny-voting.net,Operation Texonto,SuspiciousActivity,2024
infonotifi.com,Operation Texonto,SuspiciousActivity,2024
uamtu.com,Operation Texonto,SuspiciousActivity,2024
infonotification.com,Operation Texonto,SuspiciousActivity,2024
uaminagro.com,Operation Texonto,SuspiciousActivity,2024
http://newujs.com/a14407a2,WogRAT,SuspiciousActivity,2024
https://jp.anotepad.com/note/read/b896abi9,WogRAT,SuspiciousActivity,2024
https://t0rguard.net/c/,WogRAT,SuspiciousActivity,2024
http://newujs.com/cff/wins.jpg,WogRAT,SuspiciousActivity,2024
http://newujs.com/dddddd_oo,WogRAT,SuspiciousActivity,2024
https://js.domaiso.com/,WogRAT,SuspiciousActivity,2024
https://w.newujs.com/c/,WogRAT,SuspiciousActivity,2024
http://newujs.com/abc,WogRAT,SuspiciousActivity,2024
w.linuxwork.net,WogRAT,SuspiciousActivity,2024
linuxwork.net,WogRAT Campaign Exploits Windows and Linux Servers,SuspiciousActivity,2024
https://cloudmine.online/cloudmine/cloudmine1_5.exe?e=access&y=guest,ScreenCast Blocked,SuspiciousActivity,2024
addonswallet.lat,ScreenCast Blocked,SuspiciousActivity,2024
jbkza9h7.atwebpages.com,North Korean Hackers Backdoor,SuspiciousActivity,2024
3cym4ims.medianewsonline.com,North Korean Hackers Backdoor,SuspiciousActivity,2024
t8nptw2h.mywebcommunity.org,North Korean Hackers Backdoor,SuspiciousActivity,2024
c6cdg4su.sportsontheweb.net,North Korean Hackers Backdoor,SuspiciousActivity,2024
99695njd.myartsonline.com,North Korean Hackers Backdoor,SuspiciousActivity,2024
p593d8g9.mygamesonline.org,North Korean Hackers Backdoor,SuspiciousActivity,2024
5s6bqbea.sportsontheweb.net,North Korean Hackers Backdoor,SuspiciousActivity,2024
zcvbm1zv.onlinewebshop.net,North Korean Hackers Backdoor,SuspiciousActivity,2024
tl2j38w9.mypressonline.com,North Korean Hackers Backdoor,SuspiciousActivity,2024
cor8xcib.getenjoyment.net,North Korean Hackers Backdoor,SuspiciousActivity,2024
88zr7cua.atwebpages.com,North Korean Hackers Backdoor,SuspiciousActivity,2024
w9uzs9la.mywebcommunity.org,North Korean Hackers Backdoor,SuspiciousActivity,2024
24ev0apa.scienceontheweb.net,North Korean Hackers Backdoor,SuspiciousActivity,2024
g66nzt8q.mygamesonline.org,North Korean Hackers Backdoor,SuspiciousActivity,2024
694qf6w8.scienceontheweb.net,North Korean Hackers Backdoor,SuspiciousActivity,2024
mbfasq54.mypressonline.com,North Korean Hackers Backdoor,SuspiciousActivity,2024
p8tebfel.getenjoyment.net,North Korean Hackers Backdoor,SuspiciousActivity,2024
victory-2024.mywebcommunity.org,North Korean Hackers Backdoor,SuspiciousActivity,2024
zomfaa9a.onlinewebshop.net,North Korean Hackers Backdoor,SuspiciousActivity,2024
j1p75639.medianewsonline.com,North Korean Hackers Backdoor,SuspiciousActivity,2024
mhhnv7s9.myartsonline.com,North Korean Hackers Backdoor,SuspiciousActivity,2024
https://fus.rngupdatem.buzz,Python Malicious Package,SuspiciousActivity,2024
us.archive-ubuntu.top,Python Malicious Package,SuspiciousActivity,2024
suscripcion95.servicioslomex.online,TimbreStealer,SuspiciousActivity,2024
factura72.serragrandreunion.com,TimbreStealer,SuspiciousActivity,2024
cumplimiento43.commerxion.buzz,TimbreStealer,SuspiciousActivity,2024
auditoria82.taoshome4sale.com,TimbreStealer,SuspiciousActivity,2024
suscripcion38.mariageorgina.com,TimbreStealer,SuspiciousActivity,2024
factura4.servicioslocomer.online,TimbreStealer,SuspiciousActivity,2024
suscripcion0.venagard.com,TimbreStealer,SuspiciousActivity,2024
timbrado17.marcialledo.com,TimbreStealer,SuspiciousActivity,2024
auditoria67.mariageorgina.com,TimbreStealer,SuspiciousActivity,2024
auditoria84.meinastrohoroskop.com,TimbreStealer,SuspiciousActivity,2024
cumplimiento91.miramantolama.com,TimbreStealer,SuspiciousActivity,2024
comprobante27.mariageorgina.com,TimbreStealer,SuspiciousActivity,2024
auditoria93.serragrandreunion.com,TimbreStealer,SuspiciousActivity,2024
pdf21.changjiangys.net,TimbreStealer,SuspiciousActivity,2024
factura59.altavista100.com,TimbreStealer,SuspiciousActivity,2024
folio90.servicioslocomer.online,TimbreStealer,SuspiciousActivity,2024
factura46.facturasfiel.com,TimbreStealer,SuspiciousActivity,2024
comprobante63.serragrandreunion.com,TimbreStealer,SuspiciousActivity,2024
factura81.altavista100.com,TimbreStealer,SuspiciousActivity,2024
folio53.mariageorgina.com,TimbreStealer,SuspiciousActivity,2024
folio76.miramantolama.com,TimbreStealer,SuspiciousActivity,2024
auditoria38.meinastrohoroskop.com,TimbreStealer,SuspiciousActivity,2024
factura90.changjiangys.net,TimbreStealer,SuspiciousActivity,2024
folio83.altavista100.com,TimbreStealer,SuspiciousActivity,2024
comprobante27.servicioslocomer.online,TimbreStealer,SuspiciousActivity,2024
factura91.servicioslocomer.online,TimbreStealer,SuspiciousActivity,2024
comprobante91.servicioslocomer.online,TimbreStealer,SuspiciousActivity,2024
cumplimiento47.solucionegos.top,TimbreStealer,SuspiciousActivity,2024
suscripcion38.eagleservice.buzz,TimbreStealer,SuspiciousActivity,2024
factura10.miramantolama.com,TimbreStealer,SuspiciousActivity,2024
folio75.taoshome4sale.com,TimbreStealer,SuspiciousActivity,2024
pdf59.venagard.com,TimbreStealer,SuspiciousActivity,2024
folio60.callarlene.net,TimbreStealer,SuspiciousActivity,2024
trilivok.com,TimbreStealer,SuspiciousActivity,2024
portal90.meinastrohoroskop.com,TimbreStealer,SuspiciousActivity,2024
factura40.miramantolama.com,TimbreStealer,SuspiciousActivity,2024
portal55.solucionegos.top,TimbreStealer,SuspiciousActivity,2024
comprobante70.miramantolama.com,TimbreStealer,SuspiciousActivity,2024
factura20.solunline.top,TimbreStealer,SuspiciousActivity,2024
comprobante51.meinastrohoroskop.com,TimbreStealer,SuspiciousActivity,2024
pdf65.verificatutramite.com,TimbreStealer,SuspiciousActivity,2024
pdf33.venagard.com,TimbreStealer,SuspiciousActivity,2024
comprobante75.meinastrohoroskop.com,TimbreStealer,SuspiciousActivity,2024
cumplimiento72.serragrandreunion.com,TimbreStealer,SuspiciousActivity,2024
timbrado0.meinastrohoroskop.com,TimbreStealer,SuspiciousActivity,2024
chidoriland.com,TimbreStealer,SuspiciousActivity,2024
comprobante27.serragrandreunion.com,TimbreStealer,SuspiciousActivity,2024
timbrado2.solucionegos.top,TimbreStealer,SuspiciousActivity,2024
validacion22.hb56.cc,TimbreStealer,SuspiciousActivity,2024
factura50.callarlene.net,TimbreStealer,SuspiciousActivity,2024
suscripcion24.venagard.com,TimbreStealer,SuspiciousActivity,2024
cumplimiento48.callarlene.net,TimbreStealer,SuspiciousActivity,2024
cumplimiento56.timbradoelectronico.com,TimbreStealer,SuspiciousActivity,2024
factura44.servicioslocales.online,TimbreStealer,SuspiciousActivity,2024
timbrado33.meinastrohoroskop.com,TimbreStealer,SuspiciousActivity,2024
cumplimiento94.meinastrohoroskop.com,TimbreStealer,SuspiciousActivity,2024
pdf50.changjiangys.net,TimbreStealer,SuspiciousActivity,2024
comprobante14.miramantolama.com,TimbreStealer,SuspiciousActivity,2024
cumplimiento19.altavista100.com,TimbreStealer,SuspiciousActivity,2024
cumplimiento98.serragrandreunion.com,TimbreStealer,SuspiciousActivity,2024
cumplimiento39.meinastrohoroskop.com,TimbreStealer,SuspiciousActivity,2024
folio24.serragrandreunion.com,TimbreStealer,SuspiciousActivity,2024
folio75.venagard.com,TimbreStealer,SuspiciousActivity,2024
timbrado6.meinastrohoroskop.com,TimbreStealer,SuspiciousActivity,2024
factura20.facturascorporativas.com,TimbreStealer,SuspiciousActivity,2024
factura73.mariageorgina.com,TimbreStealer,SuspiciousActivity,2024
auditoria7.miramantolama.com,TimbreStealer,SuspiciousActivity,2024
auditoria88.mariageorgina.com,TimbreStealer,SuspiciousActivity,2024
comprobante2.marcialledo.com,TimbreStealer,SuspiciousActivity,2024
pdf49.marcialledo.com,TimbreStealer,SuspiciousActivity,2024
pdf93.venagard.com,TimbreStealer,SuspiciousActivity,2024
folio99.solunline.top,TimbreStealer,SuspiciousActivity,2024
portal27.marcialledo.com,TimbreStealer,SuspiciousActivity,2024
portal50.solucionegos.top,TimbreStealer,SuspiciousActivity,2024
0.solucionegos.top,TimbreStealer,SuspiciousActivity,2024
factura7.taoshome4sale.com,TimbreStealer,SuspiciousActivity,2024
factura71.servicioslomex.online,TimbreStealer,SuspiciousActivity,2024
factura49.marcialledo.com,TimbreStealer,SuspiciousActivity,2024
suscripcion57.changjiangys.net,TimbreStealer,SuspiciousActivity,2024
pdf43.marcialledo.com,TimbreStealer,SuspiciousActivity,2024
auditoria92.venagard.com,TimbreStealer,SuspiciousActivity,2024
factura34.changjiangys.net,TimbreStealer,SuspiciousActivity,2024
pdf81.photographyride.com,TimbreStealer,SuspiciousActivity,2024
folio89.changjiangys.net,TimbreStealer,SuspiciousActivity,2024
folio47.marcialledo.com,TimbreStealer,SuspiciousActivity,2024
cumplimiento35.solucionegos.top,TimbreStealer,SuspiciousActivity,2024
portal80.changjiangys.net,TimbreStealer,SuspiciousActivity,2024
auditoria42.altavista100.com,TimbreStealer,SuspiciousActivity,2024
folio24.spacefordailyrituals.com,TimbreStealer,SuspiciousActivity,2024
timbrado11.verificatutramite.com,TimbreStealer,SuspiciousActivity,2024
manderlyx.com,TimbreStealer,SuspiciousActivity,2024
comprobante68.portafoliocfdi.com,TimbreStealer,SuspiciousActivity,2024
comprobante45.altavista100.com,TimbreStealer,SuspiciousActivity,2024
auditoria89.venagard.com,TimbreStealer,SuspiciousActivity,2024
comprobante80.serragrandreunion.com,TimbreStealer,SuspiciousActivity,2024
comprobante93.venagard.com,TimbreStealer,SuspiciousActivity,2024
timbrado54.changjiangys.net,TimbreStealer,SuspiciousActivity,2024
https://timbrado17.mariageorgina.com/seg_factura/95a6c2c0e004d8,TimbreStealer,SuspiciousActivity,2024
https://auditoria42.altavista100.com/factura/b20569ae393e7e,TimbreStealer,SuspiciousActivity,2024
https://comprobante70.miramantolama.com/timbredigital/18665ae0a7b9e1,TimbreStealer,SuspiciousActivity,2024
https://comprobante2.marcialledo.com/factura/3ce069ac2b865e,TimbreStealer,SuspiciousActivity,2024
https://timbrado2.serviciosna.top/facdigital/c5cb33d68be323,TimbreStealer,SuspiciousActivity,2024
https://trilivok.com/2ysz0gghg/cbt0mer/it.php?f=2&w=windows%2010,TimbreStealer,SuspiciousActivity,2024
https://cumplimiento81.paulfenelon.com/cfdi/20149ee8e1d3b2,TimbreStealer,SuspiciousActivity,2024
https://timbrado16.taoshome4sale.com/timbredigital/259029c9d7f330,TimbreStealer,SuspiciousActivity,2024
https://folio76.miramantolama.com/cfdi/a74b25b75c7182,TimbreStealer,SuspiciousActivity,2024
https://portal50.solucionegos.top/factura/8d4c6f7e2a4c7f,TimbreStealer,SuspiciousActivity,2024
https://portal86.serragrandreunion.com/facdigital/68da4282591283,TimbreStealer,SuspiciousActivity,2024
https://cumplimiento43.commerxion.buzz/facdigital/1ac5acb1a5525b,TimbreStealer,SuspiciousActivity,2024
https://pdf93.venagard.com/factura/f24a53f8932b3f,TimbreStealer,SuspiciousActivity,2024
https://chidoriland.com/1r49ucc73/hs4q07q/it.php?f=2&w=windows%2010,TimbreStealer,SuspiciousActivity,2024
https://cumplimiento19.altavista100.com/timbredigital/dd141e683a3056,TimbreStealer,SuspiciousActivity,2024
https://portal92.solucionpiens.top/timbredigital/34893de446d532,TimbreStealer,SuspiciousActivity,2024
https://pdf70.mariageorgina.com/cfdi/fab1264f158f44,TimbreStealer,SuspiciousActivity,2024
https://factura40.miramantolama.com/cfdi/9318466130e6af,TimbreStealer,SuspiciousActivity,2024
https://folio90.servicioslocomer.online/facdigital/d1950dc8f24757,TimbreStealer,SuspiciousActivity,2024
https://folio24.serragrandreunion.com/seg_factura/548b685f48dd30,TimbreStealer,SuspiciousActivity,2024
https://suscripcion95.servicioslomex.online/cfdi/0faa4a21fff2bb,TimbreStealer,SuspiciousActivity,2024
https://suscripcion84.taoshome4sale.com/cfdi/e4af3e6e22a8a6,TimbreStealer,SuspiciousActivity,2024
https://suscripcion38.mariageorgina.com/factura/9c787623800b5e,TimbreStealer,SuspiciousActivity,2024
https://timbrado90.porcesososo.online/factura/cde31eb6fcac1d,TimbreStealer,SuspiciousActivity,2024
http://pdf43.marcialledo.com/factura/50e1e86db86ff2,TimbreStealer,SuspiciousActivity,2024
https://timbrado11.verificatutramite.com/facdigital/f7640878ebc0f9,TimbreStealer,SuspiciousActivity,2024
https://comprobante80.serragrandreunion.com/timbredigital/bf4a8735ed3953,TimbreStealer,SuspiciousActivity,2024
https://timbrado80.paulfenelon.com/timbredigital/684bc3f7d7e7f9,TimbreStealer,SuspiciousActivity,2024
https://comprobante91.servicioslocomer.online/timbredigital/adb6403b186182,TimbreStealer,SuspiciousActivity,2024
https://timbrado2.solucionegos.top/seg_factura/7c867709e85c67,TimbreStealer,SuspiciousActivity,2024
https://pdf98.solunline.top/timbredigital/f57e558c31a86e,TimbreStealer,SuspiciousActivity,2024
https://comprobante51.meinastrohoroskop.com/facdigital/121c0388193ba5,TimbreStealer,SuspiciousActivity,2024
https://pdf63.paulfenelon.com/timbredigital/3ae250718da0ca,TimbreStealer,SuspiciousActivity,2024
https://pdf49.marcialledo.com/factura/729c18972d690c,TimbreStealer,SuspiciousActivity,2024
https://pdf34.solucionpiens.top/seg_factura/2dfed5bc7fcbf6,TimbreStealer,SuspiciousActivity,2024
https://pdf39.facturasonlinemx.com/seg_factura/66971f3669145a,TimbreStealer,SuspiciousActivity,2024
https://cumplimiento48.callarlene.net/seg_factura/c19a0dd4addc3e,TimbreStealer,SuspiciousActivity,2024
https://folio75.taoshome4sale.com/cfdi/7482bf3f2690af,TimbreStealer,SuspiciousActivity,2024
https://pdf59.venagard.com/cfdi/5791bf23c6929e,TimbreStealer,SuspiciousActivity,2024
https://cumplimiento98.serragrandreunion.com/factura/3f209bc16cbb9a,TimbreStealer,SuspiciousActivity,2024
https://suscripcion24.facturasonlinemx.com/factura/d6a6f8208ed508,TimbreStealer,SuspiciousActivity,2024
https://trilivok.com/3s9p2w9yy/bvhcc5x/it.php?f=9&w=windows%2010,TimbreStealer,SuspiciousActivity,2024
https://portal34.solunline.top/cfdi/a068bb0da7eea1,TimbreStealer,SuspiciousActivity,2024
https://bailandolambada.com/5iplivg7q/gn4md5c/it.php?f=2&w=windows%2010,TimbreStealer,SuspiciousActivity,2024
https://comprobante93.venagard.com/cfdi/57880f98ef2b70,TimbreStealer,SuspiciousActivity,2024
https://cumplimiento47.solucionegos.top/seg_factura/7fa6018dc9b68f,TimbreStealer,SuspiciousActivity,2024
https://timbrado17.marcialledo.com/factura/2ea580ee99d5f1,TimbreStealer,SuspiciousActivity,2024
https://suscripcion24.venagard.com/timbredigital/50c6f1fad17f5e,TimbreStealer,SuspiciousActivity,2024
https://factura90.changjiangys.net/timbredigital/029a6531330379,TimbreStealer,SuspiciousActivity,2024
http://folio24.spacefordailyrituals.com/facdigital/55ae12184283dc,TimbreStealer,SuspiciousActivity,2024
https://folio75.venagard.com/cfdi/7718efe0fd3952,TimbreStealer,SuspiciousActivity,2024
https://auditoria93.serragrandreunion.com/timbredigital/a2e79b61ac4635,TimbreStealer,SuspiciousActivity,2024
https://portal48.solucionpiens.top/timbredigital/15ec5fc2aaf26a,TimbreStealer,SuspiciousActivity,2024
https://factura73.mariageorgina.com/cfdi/71deea8cdbcb10,TimbreStealer,SuspiciousActivity,2024
https://portal90.meinastrohoroskop.com/factura/64f247c6238c38,TimbreStealer,SuspiciousActivity,2024
https://timbrado6.meinastrohoroskop.com/cfdi/5290b37e80850a,TimbreStealer,SuspiciousActivity,2024
https://factura50.callarlene.net/cfdi/867d138f26fb23,TimbreStealer,SuspiciousActivity,2024
https://pdf81.photographyride.com/seg_factura/4eb3832fe6d1bd,TimbreStealer,SuspiciousActivity,2024
http://suscripcion95.servicioslomex.online/cfdi/0faa4a21fff2bb,TimbreStealer,SuspiciousActivity,2024
https://timbrado54.changjiangys.net/cfdi/04e4e38338d82a,TimbreStealer,SuspiciousActivity,2024
https://suscripcion65.g1ooseradas.buzz/factura/9f03d9ef3d73b5,TimbreStealer,SuspiciousActivity,2024
https://factura49.marcialledo.com/factura/fc2cc5bf671dd0,TimbreStealer,SuspiciousActivity,2024
https://portal80.changjiangys.net/cfdi/2224782a3b7f1d,TimbreStealer,SuspiciousActivity,2024
https://cumplimiento94.meinastrohoroskop.com/cfdi/bd56529f9d1411,TimbreStealer,SuspiciousActivity,2024
https://timbrado96.paulfenelon.com/facdigital/ef18828525a8fb,TimbreStealer,SuspiciousActivity,2024
https://timbrado84.miramantolama.com/cfdi/18864dcecc9e9c,TimbreStealer,SuspiciousActivity,2024
https://portal63.paulfenelon.com/seg_factura/77907fa76c7c59,TimbreStealer,SuspiciousActivity,2024
https://suscripcion0.venagard.com/timbredigital/5c86c63ca1ffda,TimbreStealer,SuspiciousActivity,2024
https://factura20.solunline.top/cfdi/6401eac16211b2,TimbreStealer,SuspiciousActivity,2024
https://factura71.servicioslomex.online/timbredigital/5de7db415c7e8e,TimbreStealer,SuspiciousActivity,2024
https://portal27.marcialledo.com/timbredigital/f8a5f05b3c1651,TimbreStealer,SuspiciousActivity,2024
https://comprobante63.serragrandreunion.com/facdigital/3c45bca741d4f6,TimbreStealer,SuspiciousActivity,2024
https://factura34.changjiangys.net/facdigital/52490c838bd94f,TimbreStealer,SuspiciousActivity,2024
https://timbrado73.mariageorgina.com/timbredigital/ff862f9245e8b6,TimbreStealer,SuspiciousActivity,2024
https://folio53.mariageorgina.com/seg_factura/ca2fd939c046fa,TimbreStealer,SuspiciousActivity,2024
https://folio24.spacefordailyrituals.com/facdigital/55ae12184283dc,TimbreStealer,SuspiciousActivity,2024
https://pdf33.venagard.com/timbredigital/91849e7d9fe4ad,TimbreStealer,SuspiciousActivity,2024
https://auditoria88.mariageorgina.com/factura/3db4832ada4f80,TimbreStealer,SuspiciousActivity,2024
https://comprobante14.miramantolama.com/seg_factura/fb0b02b2d41b12,TimbreStealer,SuspiciousActivity,2024
https://auditoria82.taoshome4sale.com/seg_factura/efebfc104991d4,TimbreStealer,SuspiciousActivity,2024
https://cumplimiento39.meinastrohoroskop.com/seg_factura/d4e9d7823adff2,TimbreStealer,SuspiciousActivity,2024
https://comprobante27.servicioslocomer.online/factura/2003b3fe7ae6f4,TimbreStealer,SuspiciousActivity,2024
https://timbrado74.callarlene.net/timbredigital/eb52e334a2c0b3,TimbreStealer,SuspiciousActivity,2024
https://comprobante45.altavista100.com/cfdi/d13011c95ba2b0,TimbreStealer,SuspiciousActivity,2024
https://timbrado74.mexicofacturacion.com/factura/14fcb6e3eaf351,TimbreStealer,SuspiciousActivity,2024
https://factura81.altavista100.com/factura/8421cd5cb1c8e4,TimbreStealer,SuspiciousActivity,2024
https://suscripcion57.changjiangys.net/factura/22ad73593f724a,TimbreStealer,SuspiciousActivity,2024
https://0.solucionegos.top/timbredigital/e99522f778ea6a,TimbreStealer,SuspiciousActivity,2024
https://comprobante75.meinastrohoroskop.com/timbredigital/bfa30824f1120b,TimbreStealer,SuspiciousActivity,2024
https://factura4.servicioslocomer.online/cfdi/f2369d09a54ad9,TimbreStealer,SuspiciousActivity,2024
https://cumplimiento35.solucionegos.top/factura/bde64155cabbe5,TimbreStealer,SuspiciousActivity,2024
https://cumplimiento72.serragrandreunion.com/seg_factura/92cd2425a6c150,TimbreStealer,SuspiciousActivity,2024
https://pdf57.visual8298.top/factura/5239e15a8324ab,TimbreStealer,SuspiciousActivity,2024
https://factura59.altavista100.com/seg_factura/0179ae05a51830,TimbreStealer,SuspiciousActivity,2024
https://comprobante27.mariageorgina.com/timbredigital/eada68119275aa,TimbreStealer,SuspiciousActivity,2024
https://comprobante27.serragrandreunion.com/facdigital/bca7513c9e00b9,TimbreStealer,SuspiciousActivity,2024
https://auditoria92.venagard.com/factura/2c6652a143f815,TimbreStealer,SuspiciousActivity,2024
https://pdf65.verificatutramite.com/facdigital/e1ec8098e50a0b,TimbreStealer,SuspiciousActivity,2024
https://timbrado33.meinastrohoroskop.com/timbredigital/aaf2cc575db42c,TimbreStealer,SuspiciousActivity,2024
https://pdf85.miramantolama.com/factura/74f871b7ca1977,TimbreStealer,SuspiciousActivity,2024
https://suscripcion38.eagleservice.buzz/cfdi/6dadfe1a18cffc,TimbreStealer,SuspiciousActivity,2024
https://factura46.facturasfiel.com/factura/021bd5fa122bb2,TimbreStealer,SuspiciousActivity,2024
https://folio47.marcialledo.com/seg_factura/e6bab6d032e282,TimbreStealer,SuspiciousActivity,2024
https://validacion22.hb56.cc/seg_factura/8f845f6ba70820,TimbreStealer,SuspiciousActivity,2024
https://factura72.serragrandreunion.com/seg_factura/728423dceff50c,TimbreStealer,SuspiciousActivity,2024
https://pdf50.changjiangys.net/factura/cdb5ed3876c4bf,TimbreStealer,SuspiciousActivity,2024
https://auditoria84.meinastrohoroskop.com/timbredigital/8f7b2f8304d08e,TimbreStealer,SuspiciousActivity,2024
https://factura44.servicioslocales.online/cfdi/25e8a6f5393e1f,TimbreStealer,SuspiciousActivity,2024
https://auditoria38.meinastrohoroskop.com/factura/b5b0c16b999573,TimbreStealer,SuspiciousActivity,2024
https://folio60.callarlene.net/seg_factura/367b377baf47e5,TimbreStealer,SuspiciousActivity,2024
https://suscripcion10.solunline.xyz/facdigital/ebe0cb51090e51,TimbreStealer,SuspiciousActivity,2024
https://folio99.solunline.top/facdigital/b7928d4e0eade5,TimbreStealer,SuspiciousActivity,2024
https://cumplimiento91.miramantolama.com/seg_factura/e907d32bf0d056,TimbreStealer,SuspiciousActivity,2024
https://folio83.altavista100.com/factura/20f00b7d569c85,TimbreStealer,SuspiciousActivity,2024
https://auditoria89.venagard.com/timbredigital/f6a5f34123d980,TimbreStealer,SuspiciousActivity,2024
https://timbrado0.meinastrohoroskop.com/cfdi/515c9b9087c737,TimbreStealer,SuspiciousActivity,2024
http://folio47.marcialledo.com/seg_factura/e6bab6d032e282,TimbreStealer,SuspiciousActivity,2024
https://suscripcion32.servicioslocomer.online/facdigital/22ccd8880c217e,TimbreStealer,SuspiciousActivity,2024
https://portal55.solucionegos.top/seg_factura/f5f59070b20629,TimbreStealer,SuspiciousActivity,2024
https://timbrado42.mariageorgina.com/facdigital/f0f82ab0c87b32,TimbreStealer,SuspiciousActivity,2024
https://factura10.miramantolama.com/factura/039d9cbaeec9b5,TimbreStealer,SuspiciousActivity,2024
https://pdf21.changjiangys.net/cfdi/2f99e7adf61c47,TimbreStealer,SuspiciousActivity,2024
https://factura91.servicioslocomer.online/timbredigital/2952b54a9542f1,TimbreStealer,SuspiciousActivity,2024
https://factura7.taoshome4sale.com/factura/eebf49f810a0a6,TimbreStealer,SuspiciousActivity,2024
https://auditoria7.miramantolama.com/factura/d84d576baf1513,TimbreStealer,SuspiciousActivity,2024
https://folio89.changjiangys.net/factura/b645784e80f71a,TimbreStealer,SuspiciousActivity,2024
https://auditoria67.mariageorgina.com/cfdi/bb743b25f5c526,TimbreStealer,SuspiciousActivity,2024
https://portal70.solunline.top/timbredigital/92b380d91a67a0,TimbreStealer,SuspiciousActivity,2024
matbaiteahe.mooo.com,Routers Under Siege Cybercrime and Espionage via Compromised Devices,Malware,2024
antotehlant.theworkpc.com,Routers Under Siege Cybercrime and Espionage via Compromised Devices,Malware,2024
onechoice.gleeze.com,Routers Under Siege Cybercrime and Espionage via Compromised Devices,Malware,2024
gneivaientga.ignorelist.com,Routers Under Siege Cybercrime and Espionage via Compromised Devices,Malware,2024
1stemployer.com,Iranian Hackers Aerospace,SuspiciousActivity,2024
teledyneflir.com.de,Iranian Hackers Aerospace,SuspiciousActivity,2024
questionsapplicationbackup.azurewebsites.net,Iranian Hackers Aerospace,SuspiciousActivity,2024
xboxplayservice.com,Iranian Hackers Aerospace,SuspiciousActivity,2024
questionsapplicationapijson.azurewebsites.net,Iranian Hackers Aerospace,SuspiciousActivity,2024
blogvolleyballstatus.azurewebsites.net,Iranian Hackers Aerospace,SuspiciousActivity,2024
efaeldevrssfeed.centralus.cloudapp.azure.com,Iranian Hackers Aerospace,SuspiciousActivity,2024
airconnectionsapi.azurewebsites.net,Iranian Hackers Aerospace,SuspiciousActivity,2024
customercareserviceapi.azurewebsites.net,Iranian Hackers Aerospace,SuspiciousActivity,2024
airconnectionsapijson.azurewebsites.net,Iranian Hackers Aerospace,SuspiciousActivity,2024
notebooktextcheckings.com,Iranian Hackers Aerospace,SuspiciousActivity,2024
countrybasedquestions.azurewebsites.net,Iranian Hackers Aerospace,SuspiciousActivity,2024
coffeeonlineshoping.azurewebsites.net,Iranian Hackers Aerospace,SuspiciousActivity,2024
vsliveagent.com,Iranian Hackers Aerospace,SuspiciousActivity,2024
tnlsowkis.westus3.cloudapp.azure.com,Iranian Hackers Aerospace,SuspiciousActivity,2024
testmanagementapis.azurewebsites.net,Iranian Hackers Aerospace,SuspiciousActivity,2024
coffeeonlineshop.azurewebsites.net,Iranian Hackers Aerospace,SuspiciousActivity,2024
blogvolleyballstatusapi.azurewebsites.net,Iranian Hackers Aerospace,SuspiciousActivity,2024
browsercheckingapi.azurewebsites.net,Iranian Hackers Aerospace,SuspiciousActivity,2024
browsercheckap.azurewebsites.net,Iranian Hackers Aerospace,SuspiciousActivity,2024
jupyternotebookcollections.com,Iranian Hackers Aerospace,SuspiciousActivity,2024
join-skype.info,Cyber Threat Advisory - Android and Windows RATs Distributed Through Deceptive Online Meeting Websites,Malware,2024
us06webzoomus.pro,Cyber Threat Advisory - Android and Windows RATs Distributed Through Deceptive Online Meeting Websites,Malware,2024
online-cloudmeeting.pro,Cyber Threat Advisory - Android and Windows RATs Distributed Through Deceptive Online Meeting Websites,Malware,2024
http://94.103.91.246/upload,Hackers Claim Major Breach of UAE Government Servers,Malware,2024
http://94.103.91.246/incrementlaunch,Hackers Claim Major Breach of UAE Government Servers,Malware,2024
http://94.103.91.246/addinfection,Hackers Claim Major Breach of UAE Government Servers,Malware,2024
http://94.103.91.246/login?next=,Hackers Claim Major Breach of UAE Government Servers,Malware,2024
https://blamefade.com.br/,Infostealer Malware Targeting Windows Users in Disguised Adobe Reader Installer,Malware,2024
https://thinkforce.com.br/,Infostealer Malware Targeting Windows Users in Disguised Adobe Reader Installer,Malware,2024
https://webattach.mail.yandex.net/message_part_real/notafiscalesdeletronicasufactrub66667kujhdfdjrwewgfg09t5h6854jhgjuur.zip,"Cyber Threat Advisory - New Banking Trojan ""CHAVECLOAK"" Uses Malicious PDFs to Attack Brazilians",Trojan,2024
mariashow.ddns.net,"Cyber Threat Advisory - New Banking Trojan ""CHAVECLOAK"" Uses Malicious PDFs to Attack Brazilians",Trojan,2024
comunidadebet20102.hopto.org,"Cyber Threat Advisory - New Banking Trojan ""CHAVECLOAK"" Uses Malicious PDFs to Attack Brazilians",Trojan,2024
https://dynamic-linx.com/gettask.php,Hacked WordPress Sites Weaponized in Large-Scale Browser-Based Attacks,Malware,2024
https://hostpdf.co/pinche.php,Hacked WordPress Sites Weaponized in Large-Scale Browser-Based Attacks,Malware,2024
https://dynamiclinks.cfd/cachingjs/turboturbo.js,Hacked WordPress Sites Weaponized in Large-Scale Browser-Based Attacks,Malware,2024
https://dynamic-linx.com/chx.js,Hacked WordPress Sites Weaponized in Large-Scale Browser-Based Attacks,Malware,2024
https://dynamiclink.lol/cachingjs/turboturbo.js,Hacked WordPress Sites Weaponized in Large-Scale Browser-Based Attacks,Malware,2024
https://dynamic-linx.com/completetask.php,Hacked WordPress Sites Weaponized in Large-Scale Browser-Based Attacks,Malware,2024
billlionair.app,Hacked WordPress Sites Weaponized in Large-Scale Browser-Based Attacks,Malware,2024
dynamiclink.lol,Hacked WordPress Sites Weaponized in Large-Scale Browser-Based Attacks,Malware,2024
dynamic-linx.com,Hackers deploy crypto drainers on thousands of WordPress sites,Malware,2024
https://b.9-9-8.com,"Golang Malware Campaign Targets Docker, Hadoop, Redis, and Confluence Servers",Malware,2024
https://b.9-9-8.com/brysj/d/ar.sh,"Golang Malware Campaign Targets Docker, Hadoop, Redis, and Confluence Servers",Malware,2024
https://b.9-9-8.com/brysj/d/c.sh,"Golang Malware Campaign Targets Docker, Hadoop, Redis, and Confluence Servers",Malware,2024
https://b.9-9-8.com/brysj/cronb.sh,"Golang Malware Campaign Targets Docker, Hadoop, Redis, and Confluence Servers",Malware,2024
https://b.9-9-8.com/brysj/d/h.sh,"Golang Malware Campaign Targets Docker, Hadoop, Redis, and Confluence Servers",Malware,2024
https://b.9-9-8.com/brysj/d/d.sh,"Golang Malware Campaign Targets Docker, Hadoop, Redis, and Confluence Servers",Malware,2024
https://b.9-9-8.com/brysj/d/enbio.tar,"Golang Malware Campaign Targets Docker, Hadoop, Redis, and Confluence Servers",Malware,2024
shortsync.net,Hackers Target Businesses with Fake U.S. Government Emails,Malware,2024
orga-portal.com,Hackers Target Businesses with Fake U.S. Government Emails,Malware,2024
http://tracking.tender-usdabids.com,Hackers Target Businesses with Fake U.S. Government Emails,Malware,2024
https://auth01-usda.com,Hackers Target Businesses with Fake U.S. Government Emails,Malware,2024
govermentu.ru,SapphireStealer Malware Campaign Uses Deceptive Tactics to Target Russians,Malware,2024
https://govermentu.ru/media/federalnoeupravlenie_postanovlenie_o_vozbuzdenie_ispolnitelnogo_proizvodstava.exe,SapphireStealer Malware Campaign Uses Deceptive Tactics to Target Russians,Malware,2024
giottusmh.com,India Faces Surge in Pig-Butchering Scams Targeting Investors,Malware,2024
giottusmk.com,India Faces Surge in Pig-Butchering Scams Targeting Investors,Malware,2024
app.yongljt.com,India Faces Surge in Pig-Butchering Scams Targeting Investors,Malware,2024
app.panth-ss.vip,India Faces Surge in Pig-Butchering Scams Targeting Investors,Malware,2024
host.cloudsonicwave.com,WordPress Plugin Flaw Leads to Widespread Site Infections,Malware,2024
ttincoming.traveltraffic.cc,WordPress Plugin Flaw Leads to Widespread Site Infections,Malware,2024
dev-clientservice.com,Cactus Ransomware - Understanding the Escalating Cyber Risk,Malware,2024
oncloud-analytics.com,Cactus Ransomware - Understanding the Escalating Cyber Risk,Malware,2024
allsecurehosting.com,Cactus Ransomware - Understanding the Escalating Cyber Risk,Malware,2024
mailchimp-addons.com,Cactus Ransomware - Understanding the Escalating Cyber Risk,Malware,2024
cloudflareaddons.com,Cactus Ransomware - Understanding the Escalating Cyber Risk,Malware,2024
https://91.92.240.113/login.cgi,Magnet Goblin Group Spreads Custom Malware on Linux Systems,Malware,2024
https://45.9.149.215/agent,Magnet Goblin Group Spreads Custom Malware on Linux Systems,Malware,2024
https://www.miltonhouse.nl/pub/opt/processor.php,Magnet Goblin Group Spreads Custom Malware on Linux Systems,Malware,2024
https://94.156.71.115/ligocert.dat,Magnet Goblin Group Spreads Custom Malware on Linux Systems,Malware,2024
https://94.156.71.115/windows.xml,Magnet Goblin Group Spreads Custom Malware on Linux Systems,Malware,2024
https://94.156.71.115/instal1.ps1,Magnet Goblin Group Spreads Custom Malware on Linux Systems,Malware,2024
https://91.92.240.113/agent,Magnet Goblin Group Spreads Custom Malware on Linux Systems,Malware,2024
https://45.9.149.215/aparche2,Magnet Goblin Group Spreads Custom Malware on Linux Systems,Malware,2024
https://cloudflareaddons.com/assets/img/image_slider15.1.png,Magnet Goblin Group Spreads Custom Malware on Linux Systems,Malware,2024
httpss://theroots.in/pub/media/avatar/223sam.jpg,Magnet Goblin Group Spreads Custom Malware on Linux Systems,Malware,2024
https://biondocenere.com/pub/health_check.php,Magnet Goblin Group Spreads Custom Malware on Linux Systems,Malware,2024
https://91.92.240.113/aparche2,Magnet Goblin Group Spreads Custom Malware on Linux Systems,Malware,2024
https://94.156.71.115/instali.ps1,Magnet Goblin Group Spreads Custom Malware on Linux Systems,Malware,2024
https://www.fernandestechnical.com/pub/health_check.php,Magnet Goblin Group Spreads Custom Malware on Linux Systems,Malware,2024
https://94.156.71.115/agent,Magnet Goblin Group Spreads Custom Malware on Linux Systems,Malware,2024
https://94.156.71.115/angel.dat,Magnet Goblin Group Spreads Custom Malware on Linux Systems,Malware,2024
https://91.92.240.113/auth.js,Magnet Goblin Group Spreads Custom Malware on Linux Systems,Malware,2024
https://94.156.71.115/maintenance.ps1,Magnet Goblin Group Spreads Custom Malware on Linux Systems,Malware,2024
https://94.156.71.115/baba.dat,Magnet Goblin Group Spreads Custom Malware on Linux Systems,Malware,2024
https://94.156.71.115/lxrt,Magnet Goblin Group Spreads Custom Malware on Linux Systems,Malware,2024
https://oncloud-analytics.com/files/mg/elf/rt1.50.png,Magnet Goblin Group Spreads Custom Malware on Linux Systems,Malware,2024
https://checkingsoftwareupdate.at/,Matanbuchus Uses XLS Files to Hijack Windows Systems,Malware,2024
https://softwareupdatechecking.at/,Matanbuchus Uses XLS Files to Hijack Windows Systems,Malware,2024
https://checkingupdatesoftware.at,Matanbuchus Uses XLS Files to Hijack Windows Systems,Malware,2024
privacy.hopto.org,Andariel Group Exploits Domestic Asset Management for Cyberattacks,Malware,2024
https://www.mssrv.kro.kr/view.php,Andariel Group Exploits Domestic Asset Management for Cyberattacks,Malware,2024
https://www.mssrv.kro.kr/modewrite.php,Andariel Group Exploits Domestic Asset Management for Cyberattacks,Malware,2024
https://www.ipservice.kro.kr/view.php,Andariel Group Exploits Domestic Asset Management for Cyberattacks,Malware,2024
https://privatemake.bounceme.net:443/,Andariel Group Exploits Domestic Asset Management for Cyberattacks,Malware,2024
https://privacy.hopto.org:443/,Andariel Group Exploits Domestic Asset Management for Cyberattacks,Malware,2024
https://www.mssrv.kro.kr/modeview.php,Andariel Group Exploits Domestic Asset Management for Cyberattacks,Malware,2024
https://www.ipservice.kro.kr/moderead.php,Andariel Group Exploits Domestic Asset Management for Cyberattacks,Malware,2024
riseappbucket.s3.ap-southeast-1.amazonaws.com,Phishing Campaign Uses Obfuscated Malware to Deploy VCURMS RAT and Steal Data,Malware,2024
ofornta.ddns.net,Phishing Campaign Uses Obfuscated Malware to Deploy VCURMS RAT and Steal Data,Malware,2024
backinghof.ddns.net,Phishing Campaign Uses Obfuscated Malware to Deploy VCURMS RAT and Steal Data,Malware,2024
jbfrost.live,Phishing Campaign Uses Obfuscated Malware to Deploy VCURMS RAT and Steal Data,Malware,2024
bankofindustry.s3.us-east-2.amazonaws.com,Phishing Campaign Uses Obfuscated Malware to Deploy VCURMS RAT and Steal Data,Malware,2024
https://nc1337.online/,New Stealer Xehook Targets Crypto Wallets and 2FA,Malware,2024
https://trecube.com/,New Stealer Xehook Targets Crypto Wallets and 2FA,Malware,2024
https://45.15.156.174/index.php/s/24sr2fjzqm8gxfa/download/ketamine.exe,New Stealer Xehook Targets Crypto Wallets and 2FA,Malware,2024
jenb128hiuedfhajduihfa.com,Microsoft Windows SmartScreen Flaw Exploited by DarkGate Operators,Malware,2024
asareholdings.com,Microsoft Windows SmartScreen Flaw Exploited by DarkGate Operators,Malware,2024
pjnbadfjandkadm3kd.com,Microsoft Windows SmartScreen Flaw Exploited by DarkGate Operators,Malware,2024
streammobs.com,Microsoft Windows SmartScreen Flaw Exploited by DarkGate Operators,Malware,2024
newdomainfortesteenestle.com,Phishing Emails Deliver Venom RAT Across Latin America,Malware,2024
wegrowcoaching.com,Microsoft Windows SmartScreen Flaw Exploited by DarkGate Operators,Malware,2024
stachmentsuprimeresult.com,Microsoft Windows SmartScreen Flaw Exploited by DarkGate Operators,Malware,2024
duelmener-naturtrailpark.org,Microsoft Windows SmartScreen Flaw Exploited by DarkGate Operators,Malware,2024
aakritifitness.com,Microsoft Windows SmartScreen Flaw Exploited by DarkGate Operators,Malware,2024
lili19mainmasters.com,Microsoft Windows SmartScreen Flaw Exploited by DarkGate Operators,Malware,2024
bizabiza.mywire.org,Microsoft Windows SmartScreen Flaw Exploited by DarkGate Operators,Malware,2024
higreens.co.in,Microsoft Windows SmartScreen Flaw Exploited by DarkGate Operators,Malware,2024
elshoppingdelalimpieza.com.ar,Microsoft Windows SmartScreen Flaw Exploited by DarkGate Operators,Malware,2024
selectwendormo9tres.com,Microsoft Windows SmartScreen Flaw Exploited by DarkGate Operators,Malware,2024
projetodegente.com,Microsoft Windows SmartScreen Flaw Exploited by DarkGate Operators,Malware,2024
strongdomainsercgerhhost.com,Microsoft Windows SmartScreen Flaw Exploited by DarkGate Operators,Malware,2024
njnjnjs.duckdns.org,Blind Eagle Targets North American Manufacturers with Ande Loader Malware,Malware,2024
ads-change.top,FakeBat Loader Infects Users with Various Malware,Malware,2024
ads-eagle.xyz,FakeBat Loader Infects Users with Various Malware,Malware,2024
bandi-cam.cc,FakeBat Malware Spreads Through Deceptive Ads,Malware,2024
ads-strong.site,FakeBat Loader Infects Users with Various Malware,Malware,2024
ads-change.xyz,FakeBat Loader Infects Users with Various Malware,Malware,2024
breavas.app,FakeBat Malware Spreads Through Deceptive Ads,Malware,2024
ads-star.online,FakeBat Loader Infects Users with Various Malware,Malware,2024
ads-analyze.site,FakeBat Loader Infects Users with Various Malware,Malware,2024
ads-pill.xyz,FakeBat Loader Infects Users with Various Malware,Malware,2024
ads-strong.online,FakeBat Loader Infects Users with Various Malware,Malware,2024
ads-work.xyz,FakeBat Loader Infects Users with Various Malware,Malware,2024
blcnder.org,FakeBat Malware Spreads Through Deceptive Ads,Malware,2024
ads-work.top,FakeBat Loader Infects Users with Various Malware,Malware,2024
epicgames-store.org,FakeBat Malware Spreads Through Deceptive Ads,Malware,2024
ads-work.site,FakeBat Loader Infects Users with Various Malware,Malware,2024
onenote-download.com,FakeBat Malware Spreads Through Deceptive Ads,Malware,2024
cecar.com.ar,FakeBat Malware Spreads Through Deceptive Ads,Malware,2024
open-project.org,FakeBat Malware Spreads Through Deceptive Ads,Malware,2024
ads-change.site,FakeBat Loader Infects Users with Various Malware,Malware,2024
ads-pill.top,FakeBat Loader Infects Users with Various Malware,Malware,2024
ads-change.online,FakeBat Loader Infects Users with Various Malware,Malware,2024
ads-hoop.top,FakeBat Loader Infects Users with Various Malware,Malware,2024
ads-analyze.top,FakeBat Loader Infects Users with Various Malware,Malware,2024
ads-star.xyz,FakeBat Loader Infects Users with Various Malware,Malware,2024
ads-strong.top,FakeBat Loader Infects Users with Various Malware,Malware,2024
ads-strong.xyz,FakeBat Loader Infects Users with Various Malware,Malware,2024
estiloplus.tur.ar,FakeBat Malware Spreads Through Deceptive Ads,Malware,2024
obs-software.cc,FakeBat Malware Spreads Through Deceptive Ads,Malware,2024
ads-analyze.xyz,FakeBat Loader Infects Users with Various Malware,Malware,2024
ads-tooth.xyz,FakeBat Loader Infects Users with Various Malware,Malware,2024
ads-star.site,FakeBat Loader Infects Users with Various Malware,Malware,2024
ads-star.top,FakeBat Loader Infects Users with Various Malware,Malware,2024
https://avr-energie.com/trello-full-installer-x64.msix,FakeBat Malware Spreads Through Deceptive Ads,Malware,2024
https://church-notes.com/braavos-wallet.msix,FakeBat Malware Spreads Through Deceptive Ads,Malware,2024
https://avr-energie.com/notion%20setup%203.2.1.msix,FakeBat Malware Spreads Through Deceptive Ads,Malware,2024
https://church-notes.com/onenote_setup.msix,FakeBat Malware Spreads Through Deceptive Ads,Malware,2024
https://bezynet.com/bandicam_7.21_win64.msix,FakeBat Malware Spreads Through Deceptive Ads,Malware,2024
https://church-notes.com/epic-games_setup.msix,FakeBat Malware Spreads Through Deceptive Ads,Malware,2024
https://bezynet.com/obs-studio-30.0.2-full-installer-x64.msix,FakeBat Malware Spreads Through Deceptive Ads,Malware,2024
httpss://steamcommunity.com/profiles/76561199642171824/,"Malware ""StealC"" Disguised as Installer Steals Sensitive Data",Malware,2024
httpss://qu.ax/ppkk.png,"Malware ""StealC"" Disguised as Installer Steals Sensitive Data",Malware,2024
httpss://qu.ax/bvmc.png,"Malware ""StealC"" Disguised as Installer Steals Sensitive Data",Malware,2024
httpss://37.27.36.6/,"Malware ""StealC"" Disguised as Installer Steals Sensitive Data",Malware,2024
httpss://i.ibb.co/c1szv4r/3351445504.png,"Malware ""StealC"" Disguised as Installer Steals Sensitive Data",Malware,2024
httpss://i.ibb.co/qk1prqs/2373180300.png,"Malware ""StealC"" Disguised as Installer Steals Sensitive Data",Malware,2024
httpss://qu.ax/cwqb.png,"Malware ""StealC"" Disguised as Installer Steals Sensitive Data",Malware,2024
httpss://i.ibb.co/sqxvvvz/648044317.png,"Malware ""StealC"" Disguised as Installer Steals Sensitive Data",Malware,2024
httpss://t.me/hypergog/,"Malware ""StealC"" Disguised as Installer Steals Sensitive Data",Malware,2024
httpss://gcdnb.pbrd.co/images/tkqrzoty6ps8.png?o=1,"Malware ""StealC"" Disguised as Installer Steals Sensitive Data",Malware,2024
httpss://qu.ax/dpfx.png,"Malware ""StealC"" Disguised as Installer Steals Sensitive Data",Malware,2024
httpss://qu.ax/jruo.png,"Malware ""StealC"" Disguised as Installer Steals Sensitive Data",Malware,2024
httpss://65.109.172.49/,"Malware ""StealC"" Disguised as Installer Steals Sensitive Data",Malware,2024
httpss://gcdnb.pbrd.co/images/u8847youmz4x.png?o=1,"Malware ""StealC"" Disguised as Installer Steals Sensitive Data",Malware,2024
httpss://gcdnb.pbrd.co/images/oxcme8xyi8rr.png?o=1,"Malware ""StealC"" Disguised as Installer Steals Sensitive Data",Malware,2024
httpss://gcdnb.pbrd.co/images/v5x684hwbx2v.png?o=1,"Malware ""StealC"" Disguised as Installer Steals Sensitive Data",Malware,2024
https://steamcommunity.com/profiles/76561199642171824/,"Malware ""StealC"" Disguised as Installer Steals Sensitive Data",Malware,2024
https://qu.ax/ppkk.png,"Malware ""StealC"" Disguised as Installer Steals Sensitive Data",Malware,2024
https://qu.ax/bvmc.png,"Malware ""StealC"" Disguised as Installer Steals Sensitive Data",Malware,2024
https://37.27.36.6/,"Malware ""StealC"" Disguised as Installer Steals Sensitive Data",Malware,2024
https://i.ibb.co/c1szv4r/3351445504.png,"Malware ""StealC"" Disguised as Installer Steals Sensitive Data",Malware,2024
https://i.ibb.co/qk1prqs/2373180300.png,"Malware ""StealC"" Disguised as Installer Steals Sensitive Data",Malware,2024
https://qu.ax/cwqb.png,"Malware ""StealC"" Disguised as Installer Steals Sensitive Data",Malware,2024
https://i.ibb.co/sqxvvvz/648044317.png,"Malware ""StealC"" Disguised as Installer Steals Sensitive Data",Malware,2024
https://t.me/hypergog/,"Malware ""StealC"" Disguised as Installer Steals Sensitive Data",Malware,2024
https://gcdnb.pbrd.co/images/tkqrzoty6ps8.png?o=1,"Malware ""StealC"" Disguised as Installer Steals Sensitive Data",Malware,2024
https://qu.ax/dpfx.png,"Malware ""StealC"" Disguised as Installer Steals Sensitive Data",Malware,2024
https://qu.ax/jruo.png,"Malware ""StealC"" Disguised as Installer Steals Sensitive Data",Malware,2024
https://65.109.172.49/,"Malware ""StealC"" Disguised as Installer Steals Sensitive Data",Malware,2024
https://gcdnb.pbrd.co/images/u8847youmz4x.png?o=1,"Malware ""StealC"" Disguised as Installer Steals Sensitive Data",Malware,2024
https://gcdnb.pbrd.co/images/oxcme8xyi8rr.png?o=1,"Malware ""StealC"" Disguised as Installer Steals Sensitive Data",Malware,2024
https://gcdnb.pbrd.co/images/v5x684hwbx2v.png?o=1,"Malware ""StealC"" Disguised as Installer Steals Sensitive Data",Malware,2024
vnote.fuwenkeji.cn,Fake Notepad++ and VNote Installers Targeting Chinese Users,Malware,2024
vnotepad.com,Fake Notepad++ and VNote Installers Targeting Chinese Users,Malware,2024
vnote-1321786806.cos.ap-hongkong.myqcloud.com,Fake Notepad++ and VNote Installers Targeting Chinese Users,Malware,2024
dns.transferusee.com,Fake Notepad++ and VNote Installers Targeting Chinese Users,Malware,2024
vnote.info,Fake Notepad++ and VNote Installers Targeting Chinese Users,Malware,2024
https://update.transferusee.com/onl/mac/,Fake Notepad++ and VNote Installers Targeting Chinese Users,Malware,2024
https://update.transferusee.com/dpysmacm1,Fake Notepad++ and VNote Installers Targeting Chinese Users,Malware,2024
https://update.transferusee.com/dpysmac64,Fake Notepad++ and VNote Installers Targeting Chinese Users,Malware,2024
https://update.transferusee.com/onl/lnx/,Fake Notepad++ and VNote Installers Targeting Chinese Users,Malware,2024
wody-info-files.firstcloudit.com,"APT28 Phishing Campaign Targets Europe, Americas, and Asia",Malware,2024
ua-calendar.firstcloudit.com,"APT28 Phishing Campaign Targets Europe, Americas, and Asia",Malware,2024
calendar-ua.firstcloudit.com,"APT28 Phishing Campaign Targets Europe, Americas, and Asia",Malware,2024
webmail.facadesolutionsuae.com,"APT28 Phishing Campaign Targets Europe, Americas, and Asia",Malware,2024
e-presidencia.firstcloudit.com,"APT28 Phishing Campaign Targets Europe, Americas, and Asia",Malware,2024
presidencia-docs.firstcloudit.com,"APT28 Phishing Campaign Targets Europe, Americas, and Asia",Malware,2024
rada-zakon.firstcloudit.com,"APT28 Phishing Campaign Targets Europe, Americas, and Asia",Malware,2024
e-mod.firstcloudit.com,"APT28 Phishing Campaign Targets Europe, Americas, and Asia",Malware,2024
info-mod.firstcloudit.com,"APT28 Phishing Campaign Targets Europe, Americas, and Asia",Malware,2024
dls-gov.firstcloudit.com,"APT28 Phishing Campaign Targets Europe, Americas, and Asia",Malware,2024
presidencia-files.firstcloudit.com,"APT28 Phishing Campaign Targets Europe, Americas, and Asia",Malware,2024
nas-files.firstcloudit.com,"APT28 Phishing Campaign Targets Europe, Americas, and Asia",Malware,2024
e-nas.firstcloudit.com,"APT28 Phishing Campaign Targets Europe, Americas, and Asia",Malware,2024
sgg-files.firstcloudit.com,"APT28 Phishing Campaign Targets Europe, Americas, and Asia",Malware,2024
kzgw-wody.firstcloudit.com,"APT28 Phishing Campaign Targets Europe, Americas, and Asia",Malware,2024
gcsd.firstcloudit.com,"APT28 Phishing Campaign Targets Europe, Americas, and Asia",Malware,2024
e-gov-am.firstcloudit.com,"APT28 Phishing Campaign Targets Europe, Americas, and Asia",Malware,2024
emod.firstcloudit.com,"APT28 Phishing Campaign Targets Europe, Americas, and Asia",Malware,2024
presidencia-gob.firstcloudit.com,"APT28 Phishing Campaign Targets Europe, Americas, and Asia",Malware,2024
calendarua.firstcloudit.com,"APT28 Phishing Campaign Targets Europe, Americas, and Asia",Malware,2024
files-presidencia.firstcloudit.com,"APT28 Phishing Campaign Targets Europe, Americas, and Asia",Malware,2024
eecommission-drive.firstcloudit.com,"APT28 Phishing Campaign Targets Europe, Americas, and Asia",Malware,2024
presidencia-gov.firstcloudit.com,"APT28 Phishing Campaign Targets Europe, Americas, and Asia",Malware,2024
e-military.firstcloudit.com,"APT28 Phishing Campaign Targets Europe, Americas, and Asia",Malware,2024
eecommission.firstcloudit.com,"APT28 Phishing Campaign Targets Europe, Americas, and Asia",Malware,2024
e-gov.firstcloudit.com,"APT28 Phishing Campaign Targets Europe, Americas, and Asia",Malware,2024
sgg-gov.firstcloudit.com,"APT28 Phishing Campaign Targets Europe, Americas, and Asia",Malware,2024
militarysupport.firstcloudit.com,"APT28 Phishing Campaign Targets Europe, Americas, and Asia",Malware,2024
https://194.126.178.8:55555/,"APT28 Phishing Campaign Targets Europe, Americas, and Asia",Malware,2024
https://172.114.170.18:55155/,"APT28 Phishing Campaign Targets Europe, Americas, and Asia",Malware,2024
https://digitalxnetwork.com/installer%20pa$$word%20git1hub1free.rar,Hackers Use Cracked Software to Spread RisePro Malware,Malware,2024
http://minish.wiki.gd/index.php,North Korean Hackers Target Public Institutions,Malware,2024
http://minish.wiki.gd/eng.db,North Korean Hackers Target Public Institutions,Malware,2024
https://fitting-discrete-lemur.ngrok-free.app/minish/index.php,North Korean Hackers Target Public Institutions,Malware,2024
https://real-joey-nicely.ngrok-free.app/mir/index.php,North Korean Hackers Target Public Institutions,Malware,2024
http://210.16.120.210/rdpclip.dat,North Korean Hackers Target Public Institutions,Malware,2024
http://minish.wiki.gd/upload.php,North Korean Hackers Target Public Institutions,Malware,2024
http://gbionet.com/inc/basl/up1/list.php?query=6,DEEP#GOSU,Malware,2024
https://sites.google.com/view/scan2web/google-scanner?sharedfile=transactions_5841mc_30_01_2024.pdf&hidfile=48483668291021154,Azorult infostealer,Malware,2024
https://sites.google.com/view/scan-files-2/google-files?file=chase_statement_feb_09_2024.pdf&fid=13141718,Azorult infostealer,Malware,2024
http://mayanboats.com/,Azorult infostealer,Malware,2024
https://sites.google.com/view/scan-to-mail/google-scanner?sharedfile=transactions_4341visa_31_01_2024.pdf&hidfile=48978593810214,Azorult infostealer,Malware,2024
http://sqjeans.com/,Azorult infostealer,Malware,2024
https://sites.google.com/view/scan-files-1/google-files?file=chase_statement_feb_05_2024.pdf&fid=57980442,Azorult infostealer,Malware,2024
https://sites.google.com/view/pixel-screencapture/getimages?mutli=screenshot_05_02_2024.zip&hid=47584359868716391,Azorult infostealer,Malware,2024
http://195.123.220.40/index.php,Azorult infostealer,Malware,2024
digitalcodecrafters.com,Curious Serpens,Malware,2024
http://tinyurl.com/4jnvfsns,Google's advertising Malware,Malware,2024
https://textbin.net/raw/oumciccl6b,Google's advertising Malware,Malware,2024
https://yogapets.xyz/@abcmse1.exe,Google's advertising Malware,Malware,2024
https://alternativebehavioralconcepts.org/databack/notwin.php,Google's advertising Malware,Malware,2024
http://birdarid.org/@abcds.exe,Google's advertising Malware,Malware,2024
http://tinyurl.com/mrx7263e,Google's advertising Malware,Malware,2024
http://tinyurl.com/253x7rnn,Google's advertising Malware,Malware,2024
https://niscarea.com/in.php,Kimsuky Malicious Help Files,Malware,2024
http://gosiweb.gosiclass.com/m/gnu/convert/html/com/list.php?query=6,Kimsuky Malicious Help Files,Malware,2024
astrosphere.world,Rhadamanthys Stealer,Malware,2024
puttyconnect.info,Rhadamanthys Stealer,Malware,2024
arnaudpairoto.com,Rhadamanthys Stealer,Malware,2024
http://172.245.68.110:8888,China-Linked Hackers Exploit Software Flaws to Breach Networks,Malware,2024
mw-solaris.com,LNK-delivered AutoIt Malware,Malware,2024
4m2swl.7e2r.com,"Phishing Kit Bypasses MFA in Microsoft 365, Gmail",SuspiciousActivity,2024
5me78.methw.ru,"Phishing Kit Bypasses MFA in Microsoft 365, Gmail",SuspiciousActivity,2024
77p3e.rimesh3.com,"Phishing Kit Bypasses MFA in Microsoft 365, Gmail",SuspiciousActivity,2024
kjsdflwe.nitertym.ru,"Phishing Kit Bypasses MFA in Microsoft 365, Gmail",SuspiciousActivity,2024
gz238.uatimin.com,"Phishing Kit Bypasses MFA in Microsoft 365, Gmail",SuspiciousActivity,2024
kjlvo.ningeona.com,"Phishing Kit Bypasses MFA in Microsoft 365, Gmail",SuspiciousActivity,2024
jp1y36.it2ua.com,"Phishing Kit Bypasses MFA in Microsoft 365, Gmail",SuspiciousActivity,2024
oo99v.coqqwx.ru,"Phishing Kit Bypasses MFA in Microsoft 365, Gmail",SuspiciousActivity,2024
8000n.uqin.ru,"Phishing Kit Bypasses MFA in Microsoft 365, Gmail",SuspiciousActivity,2024
xva.tjlpkcia.com,"Phishing Kit Bypasses MFA in Microsoft 365, Gmail",SuspiciousActivity,2024
bloggcenter.com,"Phishing Kit Bypasses MFA in Microsoft 365, Gmail",SuspiciousActivity,2024
p1v12.17nor.com,"Phishing Kit Bypasses MFA in Microsoft 365, Gmail",SuspiciousActivity,2024
pmd8ot6xhw.3qjpc.com,"Phishing Kit Bypasses MFA in Microsoft 365, Gmail",SuspiciousActivity,2024
o6t94g.3tdx2r.com,"Phishing Kit Bypasses MFA in Microsoft 365, Gmail",SuspiciousActivity,2024
e85t8.nechsha.com,"Phishing Kit Bypasses MFA in Microsoft 365, Gmail",SuspiciousActivity,2024
35fu2.ouchar.ru,"Phishing Kit Bypasses MFA in Microsoft 365, Gmail",SuspiciousActivity,2024
zaqaxu.dthiterp.ru,"Phishing Kit Bypasses MFA in Microsoft 365, Gmail",SuspiciousActivity,2024
k348d.venti71.com,"Phishing Kit Bypasses MFA in Microsoft 365, Gmail",SuspiciousActivity,2024
tlger-surveillance.com,"Phishing Kit Bypasses MFA in Microsoft 365, Gmail",SuspiciousActivity,2024
25rw2.canweal.com,"Phishing Kit Bypasses MFA in Microsoft 365, Gmail",SuspiciousActivity,2024
9c43r.theq0.com,"Phishing Kit Bypasses MFA in Microsoft 365, Gmail",SuspiciousActivity,2024
buneji.fiernmar.com,"Phishing Kit Bypasses MFA in Microsoft 365, Gmail",SuspiciousActivity,2024
8uecv.gnornamb.com,"Phishing Kit Bypasses MFA in Microsoft 365, Gmail",SuspiciousActivity,2024
4343w.jgu0.com,"Phishing Kit Bypasses MFA in Microsoft 365, Gmail",SuspiciousActivity,2024
x12y.restrice.ru,"Phishing Kit Bypasses MFA in Microsoft 365, Gmail",SuspiciousActivity,2024
43rw98nop8.m1p8z.com,"Phishing Kit Bypasses MFA in Microsoft 365, Gmail",SuspiciousActivity,2024
wasogo.shantowd.com,"Phishing Kit Bypasses MFA in Microsoft 365, Gmail",SuspiciousActivity,2024
beacon.diremsto.com,"Phishing Kit Bypasses MFA in Microsoft 365, Gmail",SuspiciousActivity,2024
9oc0y2isa27.demur3.com,"Phishing Kit Bypasses MFA in Microsoft 365, Gmail",SuspiciousActivity,2024
q908q.refec7.com,"Phishing Kit Bypasses MFA in Microsoft 365, Gmail",SuspiciousActivity,2024
fiq75d.rexj.ru,"Phishing Kit Bypasses MFA in Microsoft 365, Gmail",SuspiciousActivity,2024
n29k4.ilert.ru,"Phishing Kit Bypasses MFA in Microsoft 365, Gmail",SuspiciousActivity,2024
libudi.oreversa.com,"Phishing Kit Bypasses MFA in Microsoft 365, Gmail",SuspiciousActivity,2024
0q5e0.nemen9.com,"Phishing Kit Bypasses MFA in Microsoft 365, Gmail",SuspiciousActivity,2024
xrs.chenebystie.com,"Phishing Kit Bypasses MFA in Microsoft 365, Gmail",SuspiciousActivity,2024
explore.atlester.ru,"Phishing Kit Bypasses MFA in Microsoft 365, Gmail",SuspiciousActivity,2024
r298y.sem01.com,"Phishing Kit Bypasses MFA in Microsoft 365, Gmail",SuspiciousActivity,2024
horizon.sologerg.com,"Phishing Kit Bypasses MFA in Microsoft 365, Gmail",SuspiciousActivity,2024
zekal6.tnjxb.com,"Phishing Kit Bypasses MFA in Microsoft 365, Gmail",SuspiciousActivity,2024
rlpq.tk9u.com,"Phishing Kit Bypasses MFA in Microsoft 365, Gmail",SuspiciousActivity,2024
zemj4f.ymarir.ru,"Phishing Kit Bypasses MFA in Microsoft 365, Gmail",SuspiciousActivity,2024
fisaca.trodeckh.com,"Phishing Kit Bypasses MFA in Microsoft 365, Gmail",SuspiciousActivity,2024
l846d.ferver8.com,"Phishing Kit Bypasses MFA in Microsoft 365, Gmail",SuspiciousActivity,2024
ex1uo.rhknt.ru,"Phishing Kit Bypasses MFA in Microsoft 365, Gmail",SuspiciousActivity,2024
galume.aricente.com,"Phishing Kit Bypasses MFA in Microsoft 365, Gmail",SuspiciousActivity,2024
6j312.rchan0.com,"Phishing Kit Bypasses MFA in Microsoft 365, Gmail",SuspiciousActivity,2024
tnyr.moporins.com,"Phishing Kit Bypasses MFA in Microsoft 365, Gmail",SuspiciousActivity,2024
roriku.orankfix.com,"Phishing Kit Bypasses MFA in Microsoft 365, Gmail",SuspiciousActivity,2024
n9zph.lw8opi.com,"Phishing Kit Bypasses MFA in Microsoft 365, Gmail",SuspiciousActivity,2024
98q5e.ructin.com,"Phishing Kit Bypasses MFA in Microsoft 365, Gmail",SuspiciousActivity,2024
http://pypihosted.org/version,Fake Python package/Compromised Github account,Malware,2024
https://files.pypihosted.org/packages/d8/53/6f443c9a4a8358a93a6792e2acffb9d9d5cb0a5cfd8802644b7b1c9a02e4/colorama-0.4.6.tar.gz,Fake Python package/Compromised Github account,Malware,2024
https://files.pypihosted.org/packages/d8/53/6f443c9a4a8358a93a6792e2acffb9d9d5cb0a5cfd8802644b7b1c9a02e4/colorama-0.4.3.tar.gz,Fake Python package/Compromised Github account,Malware,2024
www.openservername.com,Cyber Espionage in ASEAN Nations,SuspiciousActivity,2024
http://pool.hashvault.pro/,Shadow Ray,SuspiciousActivity,2024
http://bore.pub/,Shadow Ray,SuspiciousActivity,2024
http://kryptex.network/,Shadow Ray,SuspiciousActivity,2024
http://rx.unmineable.com/,Shadow Ray,SuspiciousActivity,2024
http://clo4q41v1v85ed814bogstepb5jwkbxtj.oast.fun/,Shadow Ray,SuspiciousActivity,2024
http://zeph.kryptex.network/,Shadow Ray,SuspiciousActivity,2024
http://zephyr.miningocean.org/,Shadow Ray,SuspiciousActivity,2024
http://xna.2miners.com/,Shadow Ray,SuspiciousActivity,2024
https://textbin.net/raw/qo6iwgrjgy,WarzoneRAT Malware Resurfaces with New Tactics After Takedown,Malware,2024
https://1287123hjdfsdyu8923748394234234234.duckdns.org/hvrm/,WarzoneRAT Malware Resurfaces with New Tactics After Takedown,Malware,2024
artemis-rat.com,Improved Agent Tesla Malware,SuspiciousActivity,2024
http://merve@temikan.com.tr/,Improved Agent Tesla Malware,SuspiciousActivity,2024
https://artemis-rat.com/get/65f0e7dd5b705f429be16c65,Improved Agent Tesla Malware,SuspiciousActivity,2024
https://artemis-rat.com/get/65eb0afe3a680a9851f23712,Improved Agent Tesla Malware,SuspiciousActivity,2024
funcaptcha.ru,Python Package Index (PyPI) Locks Down to Thwart Malware Attack,SuspiciousActivity,2024
https://funcaptcha.ru/paste2,Python Package Index (PyPI) Locks Down to Thwart Malware Attack,SuspiciousActivity,2024
https://funcaptcha.ru/atomic/app.asar,Python Package Index (PyPI) Locks Down to Thwart Malware Attack,SuspiciousActivity,2024
https://wondera.app/,New Wave of Crypto Drainers,SuspiciousActivity,2024
https://cabinet-yandex.info:7000/,Phantom Core WinRAR Bug,SuspiciousActivity,2024
https://ugroteches.ru:80/,Phantom Core WinRAR Bug,SuspiciousActivity,2024
https://filetransfer.io/data-package/x250yuoz/download,Phantom Core WinRAR Bug,SuspiciousActivity,2024
https://games.cabinet-company.info:7000/,Phantom Core WinRAR Bug,SuspiciousActivity,2024
https://filetransfer.io/data-package/sxb66dym/download,Phantom Core WinRAR Bug,SuspiciousActivity,2024
https://filetransfer.io/data-package/hmiqv0vh/download,Phantom Core WinRAR Bug,SuspiciousActivity,2024
https://wheelprom.ru:80/,Phantom Core WinRAR Bug,SuspiciousActivity,2024
https://syncscheduler.com/r3direct/redirector/proxy.php,Sync-Scheduler Stealer Targets Office Documents and User Files,Malware,2024
contdskl.bounceme.net,Banking Trojan Mispadu Spreads Tentacles Across Europe,Malware,2024
contdjf.pro,Banking Trojan Mispadu Spreads Tentacles Across Europe,Malware,2024
1fu11ubut.zapto.org,Banking Trojan Mispadu Spreads Tentacles Across Europe,Malware,2024
arq.carpedum.com,Banking Trojan Mispadu Spreads Tentacles Across Europe,Malware,2024
160.126.168.184.host.secureserver.net,Banking Trojan Mispadu Spreads Tentacles Across Europe,Malware,2024
betmaniaplus.com,Banking Trojan Mispadu Spreads Tentacles Across Europe,Malware,2024
mtw.toh.info,Banking Trojan Mispadu Spreads Tentacles Across Europe,Malware,2024
sistecmastegodd.life,Banking Trojan Mispadu Spreads Tentacles Across Europe,Malware,2024
https://78.47.221.177/,Cybercriminals Hijacking YouTube Channels to Spread Malware,Malware,2024
https://interferencesandyshiw.shop/api,Cybercriminals Hijacking YouTube Channels to Spread Malware,Malware,2024
https://t.me/sa9ok,Cybercriminals Hijacking YouTube Channels to Spread Malware,Malware,2024
https://affordcharmcropwo.shop/api,Cybercriminals Hijacking YouTube Channels to Spread Malware,Malware,2024
https://diskretainvigorousiw.shop/api,Cybercriminals Hijacking YouTube Channels to Spread Malware,Malware,2024
https://chokepopilarvirusew.shop/api,Cybercriminals Hijacking YouTube Channels to Spread Malware,Malware,2024
https://communicationgenerwo.shop/api,Cybercriminals Hijacking YouTube Channels to Spread Malware,Malware,2024
https://enthusiasimtitleow.shop/api,Cybercriminals Hijacking YouTube Channels to Spread Malware,Malware,2024
https://worryfillvolcawoi.shop/api,Cybercriminals Hijacking YouTube Channels to Spread Malware,Malware,2024
https://cleartotalfisherwo.shop/api,Cybercriminals Hijacking YouTube Channels to Spread Malware,Malware,2024
https://steamcommunity.com/profiles/76561199658817715,Cybercriminals Hijacking YouTube Channels to Spread Malware,Malware,2024
http://syncscheduler.com/r3direct/redirector/proxy.php,Sync-Scheduler Stealer,SuspiciousActivity,2024
klindriverfor.com,Hackers Exploit Microsoft OneNote for Cyber Attacks,Malware,2024
aerilaponawki.com,Hackers Exploit Microsoft OneNote for Cyber Attacks,Malware,2024
mrassociattes.com,Hackers Exploit Microsoft OneNote for Cyber Attacks,Malware,2024
alishaskainz.com,Hackers Exploit Microsoft OneNote for Cyber Attacks,Malware,2024
msc-mvc-updates.com,Hackers Exploit Microsoft OneNote for Cyber Attacks,Malware,2024
https://api.telegram.org/bot6893451039:aagmofyl9rf8rfokqusizmaqvr28tkmgpy/sendmessage,Evil Ant: The Ransomware that Lurks in the Shadows,Malware,2024
https://uploaddeimagens.com.br/images/004/731/958/original/new_image.jpg?1707143673,Remcos RAT Leverages Obfuscation and Process Hollowing,Malware,2024
https://masterbotsbrothers.xyz:2404/,Remcos RAT Leverages Obfuscation and Process Hollowing,Malware,2024
https://lora1.safesopko.net:2404/,Remcos RAT Leverages Obfuscation and Process Hollowing,Malware,2024
https://lora1.safesopkoco.com:2404/,Remcos RAT Leverages Obfuscation and Process Hollowing,Malware,2024
https://safesopkoco.com:2404/,Remcos RAT Leverages Obfuscation and Process Hollowing,Malware,2024
https://lora2.safesopkoco.com:2404/,Remcos RAT Leverages Obfuscation and Process Hollowing,Malware,2024
https://paste.ee/d/azfhe,Remcos RAT Leverages Obfuscation and Process Hollowing,Malware,2024
https://mota2.masterbotsbrothers.xyz:2404/,Remcos RAT Leverages Obfuscation and Process Hollowing,Malware,2024
https://lora2.safesopko.net:2404/,Remcos RAT Leverages Obfuscation and Process Hollowing,Malware,2024
https://mota1.masterbotsbrothers.xyz:2404/,Remcos RAT Leverages Obfuscation and Process Hollowing,Malware,2024
https://lora1.safesopkoco.co:2404/,Remcos RAT Leverages Obfuscation and Process Hollowing,Malware,2024
https://lora2.safesopkoco.co:2404/,Remcos RAT Leverages Obfuscation and Process Hollowing,Malware,2024
https://5.181.159.64/downloads/trefald.zip,Phishing Emails Deliver Venom RAT Across Latin America,Malware,2024
https://duelmener-naturtrailpark.org/images/demo/january-25-2024-fwd897.zip,Phishing Emails Deliver Venom RAT Across Latin America,Malware,2024
emailmarketing.locaweb.com.br,Phishing Emails Deliver Venom RAT Across Latin America,Malware,2024
mainsercheronlinehostingbot.com,Phishing Emails Deliver Venom RAT Across Latin America,Malware,2024
https://35.185.187.24/ps.exe,Metasploit Backdoor Malware Targeting Insecure Redis Services,Malware,2024
https://35.185.187.24/printspoofer.exe,Metasploit Backdoor Malware Targeting Insecure Redis Services,Malware,2024
https://35.185.187.24/meteran.exe,Metasploit Backdoor Malware Targeting Insecure Redis Services,Malware,2024
https://jimmyserv.online/,Fake E-commerce Campaign Expands Across Southeast Asia,Malware,2024
https://mastralakkot.live/live/,New Latrodectus malware replaces IcedID in network breaches,Malware,2024
https://plwskoret.top/live,New Latrodectus malware replaces IcedID in network breaches,Malware,2024
https://lemonimonakio.com/live,New Latrodectus malware replaces IcedID in network breaches,Malware,2024
https://grebiunti.top/live/,New Latrodectus malware replaces IcedID in network breaches,Malware,2024
https://popfealt.one/live/,New Latrodectus malware replaces IcedID in network breaches,Malware,2024
https://aytobusesre.com/live/,New Latrodectus malware replaces IcedID in network breaches,Malware,2024
https://scifimond.com/live/,New Latrodectus malware replaces IcedID in network breaches,Malware,2024
https://postolwepok.tech/live/,New Latrodectus malware replaces IcedID in network breaches,Malware,2024
http://95.164.3.171/share/cisa.msi,New Latrodectus malware replaces IcedID in network breaches,Malware,2024
https://aprettopizza.world/live/,New Latrodectus malware replaces IcedID in network breaches,Malware,2024
http://128.140.36.37/cqtdio/0.43650426987684443.dat,New Latrodectus malware replaces IcedID in network breaches,Malware,2024
https://mazdakrichest.com/live/,New Latrodectus malware replaces IcedID in network breaches,Malware,2024
https://frotneels.shop/live/,New Latrodectus malware replaces IcedID in network breaches,Malware,2024
http://superiorcoin.com/ga/index.php,New Latrodectus malware replaces IcedID in network breaches,Malware,2024
https://jertacco.com/live/,New Latrodectus malware replaces IcedID in network breaches,Malware,2024
https://arsimonopa.com/live,New Latrodectus malware replaces IcedID in network breaches,Malware,2024
https://drifajizo.fun/live/,New Latrodectus malware replaces IcedID in network breaches,Malware,2024
https://fluraresto.me/live/,New Latrodectus malware replaces IcedID in network breaches,Malware,2024
https://titnovacrion.top/live/,New Latrodectus malware replaces IcedID in network breaches,Malware,2024
https://nimeklroboti.info/live/,New Latrodectus malware replaces IcedID in network breaches,Malware,2024
http://162.55.217.30/grms/0.6395541546258323.dat,New Latrodectus malware replaces IcedID in network breaches,Malware,2024
https://ginzbargatey.tech/live/,New Latrodectus malware replaces IcedID in network breaches,Malware,2024
https://sluitionsbad.tech/live/,New Latrodectus malware replaces IcedID in network breaches,Malware,2024
https://hukosafaris.com/elearning/f/q/daas-area/chief/index.php,New Latrodectus malware replaces IcedID in network breaches,Malware,2024
https://minndarespo.icu/live/,New Latrodectus malware replaces IcedID in network breaches,Malware,2024
https://zumkoshapsret.com/liv,New Latrodectus malware replaces IcedID in network breaches,Malware,2024
https://peermangoz.me/live/,New Latrodectus malware replaces IcedID in network breaches,Malware,2024
https://riverhasus.com/live/,New Latrodectus malware replaces IcedID in network breaches,Malware,2024
http://178.23.190.199:80/share/gsm.msi,New Latrodectus malware replaces IcedID in network breaches,Malware,2024
http://5.252.21.207@80/share/escape.msi,New Latrodectus malware replaces IcedID in network breaches,Malware,2024
http://superiorcoin.com/ga/m/6.dll,New Latrodectus malware replaces IcedID in network breaches,Malware,2024
https://miistoria.com/live,New Latrodectus malware replaces IcedID in network breaches,Malware,2024
http://sokingscrosshotel.com/share/upd.msi,New Latrodectus malware replaces IcedID in network breaches,Malware,2024
http://157.90.166.88/o3zlynw/0.7797109211833805.dat,New Latrodectus malware replaces IcedID in network breaches,Malware,2024
https://trasenanoyr.best/live/,New Latrodectus malware replaces IcedID in network breaches,Malware,2024
http://5.252.21.207/share/escape.msi,New Latrodectus malware replaces IcedID in network breaches,Malware,2024
akapush.us.to,China Hackers Exploit Major Flaws in Ivanti Software,Malware,2024
oast.fun,China Hackers Exploit Major Flaws in Ivanti Software,Malware,2024
pan.xj.hk,China Hackers Exploit Major Flaws in Ivanti Software,Malware,2024
blamefade.com.br,Fake Adobe Updates Spread Byakugan Malware,Malware,2024
thinkforce.com.br,Fake Adobe Updates Spread Byakugan Malware,Malware,2024
hudukpgdgfytpddswq.ddns.net,New JSOutProx Malware Targets Financial Institutions,Malware,2024
mdytreudsgurifedei.ddns.net,New JSOutProx Malware Targets Financial Institutions,Malware,2024
eopgupgdpopopfuupi.ddns.net,New JSOutProx Malware Targets Financial Institutions,Malware,2024
ykderpgdgopopfuvgt.ddns.net,New JSOutProx Malware Targets Financial Institutions,Malware,2024
kiftpuseridsfryiri.ddns.net,New JSOutProx Malware Targets Financial Institutions,Malware,2024
suedxcapuertggando.ddns.net,New JSOutProx Malware Targets Financial Institutions,Malware,2024
besthord-vpn.com,SecTopRAT Malware Spreads Through Fake NordVPN Ads,Malware,2024
nordivpn.xyz,SecTopRAT Malware Spreads Through Fake NordVPN Ads,Malware,2024
https://facturasmex.cloud,Cybercriminals Targeting Latin America with Sophisticated Phishing Scheme,Malware,2024
http://ad2.gotdns.ch/22/22,Cybercriminals Targeting Latin America with Sophisticated Phishing Scheme,Malware,2024
https://facturas.co.in/index.php?va,Cybercriminals Targeting Latin America with Sophisticated Phishing Scheme,Malware,2024
http://86.38.217.167/ps/index.php,Cybercriminals Targeting Latin America with Sophisticated Phishing Scheme,Malware,2024
https://www.dropbox.com/scl/fi/k6hxua7lwt1qcgmqou6q3/m.zip?rlkey=7wu6x4pfvbt64atx11uqpk34l&dl=1,Cybercriminals Targeting Latin America with Sophisticated Phishing Scheme,Malware,2024
webftpcloud.com,DarkBeatC2 Latest C2 Framework in MuddyWater’s Arsenal,Malware,2024
googlevalues.com,DarkBeatC2 Latest C2 Framework in MuddyWater’s Arsenal,Malware,2024
websiteapicloud.com,DarkBeatC2 Latest C2 Framework in MuddyWater’s Arsenal,Malware,2024
websiteftpcloud.com,DarkBeatC2 Latest C2 Framework in MuddyWater’s Arsenal,Malware,2024
googlelinks.net,DarkBeatC2 Latest C2 Framework in MuddyWater’s Arsenal,Malware,2024
asure-onlinee.com,DarkBeatC2 Latest C2 Framework in MuddyWater’s Arsenal,Malware,2024
domainsoftcloud.com,DarkBeatC2 Latest C2 Framework in MuddyWater’s Arsenal,Malware,2024
googleonlinee.com,DarkBeatC2 Latest C2 Framework in MuddyWater’s Arsenal,Malware,2024
google-word.com,DarkBeatC2 Latest C2 Framework in MuddyWater’s Arsenal,Malware,2024
softwaree-cloud.com,DarkBeatC2 Latest C2 Framework in MuddyWater’s Arsenal,Malware,2024
webapicloud.com,DarkBeatC2 Latest C2 Framework in MuddyWater’s Arsenal,Malware,2024
microsoft-corp.com,DarkBeatC2 Latest C2 Framework in MuddyWater’s Arsenal,Malware,2024
security-onedrive.com,DarkBeatC2 Latest C2 Framework in MuddyWater’s Arsenal,Malware,2024
catalog.micrisoftdrivers.com,Microsoft Fixes Actively Exploited Zero-Day Flaws in Windows,Malware,2024
https://bit.ly/48wdj1m,Starry Addax Campaign Targets Activists with Fake Apps and Login Pages,Malware,2024
https://www.ondroid.store/al2mohh1,Starry Addax Campaign Targets Activists with Fake Apps and Login Pages,Malware,2024
https://www.ondroid.store/ties5shizooqu1ei/,Starry Addax Campaign Targets Activists with Fake Apps and Login Pages,Malware,2024
https://bit.ly/48e4w3n,Starry Addax Campaign Targets Activists with Fake Apps and Login Pages,Malware,2024
ondroid.site,Starry Addax Campaign Targets Activists with Fake Apps and Login Pages,Malware,2024
ondroid.store,Starry Addax Campaign Targets Activists with Fake Apps and Login Pages,Malware,2024
https://kisanbethak.com/p/,"Multi-Stage Malware Delivery via Invoice Phishing with Obfuscation Tools (BatCloak, ScrubCrypt)",Malware,2024
https://nanoshield.pro/new_image2.jpg?166154725,"Multi-Stage Malware Delivery via Invoice Phishing with Obfuscation Tools (BatCloak, ScrubCrypt)",Malware,2024
https://kisanbethak.com/k/,"Multi-Stage Malware Delivery via Invoice Phishing with Obfuscation Tools (BatCloak, ScrubCrypt)",Malware,2024
https://nanoshd.pro/files/new_image.jpg?14441723,"Multi-Stage Malware Delivery via Invoice Phishing with Obfuscation Tools (BatCloak, ScrubCrypt)",Malware,2024
markjohnhvncpure.duckdns.org,"Multi-Stage Malware Delivery via Invoice Phishing with Obfuscation Tools (BatCloak, ScrubCrypt)",Malware,2024
mup830634.duckdns.org,"Multi-Stage Malware Delivery via Invoice Phishing with Obfuscation Tools (BatCloak, ScrubCrypt)",Malware,2024
homoney177.duckdns.org,"Multi-Stage Malware Delivery via Invoice Phishing with Obfuscation Tools (BatCloak, ScrubCrypt)",Malware,2024
febvenom8.duckdns.org,"Multi-Stage Malware Delivery via Invoice Phishing with Obfuscation Tools (BatCloak, ScrubCrypt)",Malware,2024
hjkdnd.duckdns.org,"Multi-Stage Malware Delivery via Invoice Phishing with Obfuscation Tools (BatCloak, ScrubCrypt)",Malware,2024
rachesxwdavid.duckdns.org,"Multi-Stage Malware Delivery via Invoice Phishing with Obfuscation Tools (BatCloak, ScrubCrypt)",Malware,2024
physics.uctm.edu,RUBYCARP Group Behind Decade-Old Cryptojacking Operation,Malware,2024
juicessh.space,RUBYCARP Group Behind Decade-Old Cryptojacking Operation,Malware,2024
bucharest.ro.eu.undernet.org,RUBYCARP Group Behind Decade-Old Cryptojacking Operation,Malware,2024
lufaros.com,RUBYCARP Group Behind Decade-Old Cryptojacking Operation,Malware,2024
sshd.run,RUBYCARP Group Behind Decade-Old Cryptojacking Operation,Malware,2024
run.psybnc.org,RUBYCARP Group Behind Decade-Old Cryptojacking Operation,Malware,2024
logitrap.ru,Russian Group Hive0051 Leverages Multi-pronged Approach for Rapid Infections,Malware,2024
nutaral.ru,Russian Group Hive0051 Leverages Multi-pronged Approach for Rapid Infections,Malware,2024
kaelos.ru,Russian Group Hive0051 Leverages Multi-pronged Approach for Rapid Infections,Malware,2024
www.windingroad.ru,Russian Group Hive0051 Leverages Multi-pronged Approach for Rapid Infections,Malware,2024
http://157.245.55.151/getinfo.php,Russian Group Hive0051 Leverages Multi-pronged Approach for Rapid Infections,Malware,2024
https://filetransfer.io/data-package/cwueu3pw/download,Russian Group Hive0051 Leverages Multi-pronged Approach for Rapid Infections,Malware,2024
http://157.245.55.151/login.php,Russian Group Hive0051 Leverages Multi-pronged Approach for Rapid Infections,Malware,2024
http://5.252.178.181/fun/cmd.txt,Russian Group Hive0051 Leverages Multi-pronged Approach for Rapid Infections,Malware,2024
https://telegra.ph/test-01-10-259,Russian Group Hive0051 Leverages Multi-pronged Approach for Rapid Infections,Malware,2024
file-zilla-projectt.org,Fake PuTTY & FileZilla Ads Used to Spread Nitrogen Malware,Malware,2024
puuty.org,Fake PuTTY & FileZilla Ads Used to Spread Nitrogen Malware,Malware,2024
http://amplex-amplification.com/wp-includes/filezilla_3.66.1_win64.zip,Fake PuTTY & FileZilla Ads Used to Spread Nitrogen Malware,Malware,2024
indscpm.xyz,TA547 Phishing Attack Hits German Firms with Rhadamanthys Stealer,Malware,2024
https://bolibachan.com/g.txt,TA547 Phishing Attack Hits German Firms with Rhadamanthys Stealer,Malware,2024
letchitchat.info,eXotic Visit Spyware Campaign Steals Data from Android Users,Malware,2024
zee.xylonn.com,eXotic Visit Spyware Campaign Steals Data from Android Users,Malware,2024
phpdownload.ngrok.io,eXotic Visit Spyware Campaign Steals Data from Android Users,Malware,2024
wetalk.ngrok.io,eXotic Visit Spyware Campaign Steals Data from Android Users,Malware,2024
3.tcp.ngrok.io,eXotic Visit Spyware Campaign Steals Data from Android Users,Malware,2024
chitchat.ngrok.io,eXotic Visit Spyware Campaign Steals Data from Android Users,Malware,2024
1-8.qq-weixin.org,Cryptocurrency Users Targeted by New Phishing Campaign with FatalRAT Malware,Malware,2024
1-27.qq-weixin.org,Cryptocurrency Users Targeted by New Phishing Campaign with FatalRAT Malware,Malware,2024
1-31.qq-weixin.org,Cryptocurrency Users Targeted by New Phishing Campaign with FatalRAT Malware,Malware,2024
https://exodue.com/,Cryptocurrency Users Targeted by New Phishing Campaign with FatalRAT Malware,Malware,2024
lw.cdn-image.microsoft-shop.com,Pupy RAT - A Growing Threat in Asia's Digital Landscape,Malware,2024
hele.hkcdn.api-cloudflare.com,Pupy RAT - A Growing Threat in Asia's Digital Landscape,Malware,2024
gitall14-api.microsoft-shop.com,Pupy RAT - A Growing Threat in Asia's Digital Landscape,Malware,2024
pyq-pro.update.microsoft-shop.com,Pupy RAT - A Growing Threat in Asia's Digital Landscape,Malware,2024
java.git.microsoft-shop.com,Pupy RAT - A Growing Threat in Asia's Digital Landscape,Malware,2024
safe.0xhu.com,Pupy RAT - A Growing Threat in Asia's Digital Landscape,Malware,2024
gitall-api.microsoft-shop.com,Pupy RAT - A Growing Threat in Asia's Digital Landscape,Malware,2024
86.cdn-api.848820.com,Pupy RAT - A Growing Threat in Asia's Digital Landscape,Malware,2024
ugliquarie.com,Pupy RAT - A Growing Threat in Asia's Digital Landscape,Malware,2024
jvp21.api-cloudflare.com,Pupy RAT - A Growing Threat in Asia's Digital Landscape,Malware,2024
cache.cacti.api-cloudflare.com,Pupy RAT - A Growing Threat in Asia's Digital Landscape,Malware,2024
86.cdn-api.848820.com.bk1233.com,Pupy RAT - A Growing Threat in Asia's Digital Landscape,Malware,2024
ue20.angc.blinktron.com.bk1233.com,Pupy RAT - A Growing Threat in Asia's Digital Landscape,Malware,2024
imag.awscnd.api-alipay.com,Pupy RAT - A Growing Threat in Asia's Digital Landscape,Malware,2024
microsoft-shop.com,Pupy RAT - A Growing Threat in Asia's Digital Landscape,Malware,2024
http://api2-cdn.com/kworker9t8b,Pupy RAT - A Growing Threat in Asia's Digital Landscape,Malware,2024
http://api.api-alipay.com/kworkergo79,Pupy RAT - A Growing Threat in Asia's Digital Landscape,Malware,2024
http://45.32.16.248/adobe.dll,Pupy RAT - A Growing Threat in Asia's Digital Landscape,Malware,2024
http://api.api-alipay.com/kworkers0id,Pupy RAT - A Growing Threat in Asia's Digital Landscape,Malware,2024
http://api.api-alipay.com/kworker54c8,Pupy RAT - A Growing Threat in Asia's Digital Landscape,Malware,2024
http://45.32.16.248/lvmetad,Pupy RAT - A Growing Threat in Asia's Digital Landscape,Malware,2024
http://api.api-alipay.com/kworker37yu,Pupy RAT - A Growing Threat in Asia's Digital Landscape,Malware,2024
http://api.api-alipay.com/kworker0ytj,Pupy RAT - A Growing Threat in Asia's Digital Landscape,Malware,2024
rscvmogt.taishanlaw.com,Earth Hundun's Waterbear Malware Gets an Upgrade,Malware,2024
cloudsrm.gelatosg.com,Earth Hundun's Waterbear Malware Gets an Upgrade,Malware,2024
showgyella.quadrantbd.com,Earth Hundun's Waterbear Malware Gets an Upgrade,Malware,2024
suitsvm003.rchitecture.org,Earth Hundun's Waterbear Malware Gets an Upgrade,Malware,2024
smartclouds.gelatosg.com,Earth Hundun's Waterbear Malware Gets an Upgrade,Malware,2024
cloudflaread.quadrantbd.com,Earth Hundun's Waterbear Malware Gets an Upgrade,Malware,2024
freeprous.bakhell.com,Earth Hundun's Waterbear Malware Gets an Upgrade,Malware,2024
7t.nz,Raspberry Robin Leverages WSF for Latest Campaign,Malware,2024
ophthalmomyositis.sbs,Raspberry Robin Leverages WSF for Latest Campaign,Malware,2024
arctiidkwatumaindwelt.sbs,Raspberry Robin Leverages WSF for Latest Campaign,Malware,2024
brittlebush.sbs,Raspberry Robin Leverages WSF for Latest Campaign,Malware,2024
undefinitely.sbs,Raspberry Robin Leverages WSF for Latest Campaign,Malware,2024
unconstrainedness.sbs,Raspberry Robin Leverages WSF for Latest Campaign,Malware,2024
jossesdialykreamer.sbs,Raspberry Robin Leverages WSF for Latest Campaign,Malware,2024
perrputtnomi.sbs,Raspberry Robin Leverages WSF for Latest Campaign,Malware,2024
oilproofing.sbs,Raspberry Robin Leverages WSF for Latest Campaign,Malware,2024
ingressfloor-walker.sbs,Raspberry Robin Leverages WSF for Latest Campaign,Malware,2024
kepfoipnjw.sbs,Raspberry Robin Leverages WSF for Latest Campaign,Malware,2024
buxbaumiaceae.sbs,Raspberry Robin Leverages WSF for Latest Campaign,Malware,2024
bootedpindusvalenba.sbs,Raspberry Robin Leverages WSF for Latest Campaign,Malware,2024
1v.nz,Raspberry Robin Leverages WSF for Latest Campaign,Malware,2024
indulgement.sbs,Raspberry Robin Leverages WSF for Latest Campaign,Malware,2024
juniorstwosometogt.sbs,Raspberry Robin Leverages WSF for Latest Campaign,Malware,2024
halsalkalindivvies.sbs,Raspberry Robin Leverages WSF for Latest Campaign,Malware,2024
glubeulaufuggy.sbs,Raspberry Robin Leverages WSF for Latest Campaign,Malware,2024
subextensibleness.sbs,Raspberry Robin Leverages WSF for Latest Campaign,Malware,2024
audiovisuals.sbs,Raspberry Robin Leverages WSF for Latest Campaign,Malware,2024
semantical.sbs,Raspberry Robin Leverages WSF for Latest Campaign,Malware,2024
mammaterijekasumy.sbs,Raspberry Robin Leverages WSF for Latest Campaign,Malware,2024
spendthriftiness.sbs,Raspberry Robin Leverages WSF for Latest Campaign,Malware,2024
azoospermia.sbs,Raspberry Robin Leverages WSF for Latest Campaign,Malware,2024
sphere-born.sbs,Raspberry Robin Leverages WSF for Latest Campaign,Malware,2024
dechlorinatingdermatropic.sbs,Raspberry Robin Leverages WSF for Latest Campaign,Malware,2024
polyideism.sbs,Raspberry Robin Leverages WSF for Latest Campaign,Malware,2024
anguilliform.sbs,Raspberry Robin Leverages WSF for Latest Campaign,Malware,2024
quarrelers.sbs,Raspberry Robin Leverages WSF for Latest Campaign,Malware,2024
chroococcoid.sbs,Raspberry Robin Leverages WSF for Latest Campaign,Malware,2024
dominieunflaming.sbs,Raspberry Robin Leverages WSF for Latest Campaign,Malware,2024
294unmendaciously.sbs,Raspberry Robin Leverages WSF for Latest Campaign,Malware,2024
biltongpumpsiecrumrod.sbs,Raspberry Robin Leverages WSF for Latest Campaign,Malware,2024
dundeelieflydeflect.sbs,Raspberry Robin Leverages WSF for Latest Campaign,Malware,2024
rockerstalbertcerate.sbs,Raspberry Robin Leverages WSF for Latest Campaign,Malware,2024
refractorily.sbs,Raspberry Robin Leverages WSF for Latest Campaign,Malware,2024
cunyguddlefrodina.sbs,Raspberry Robin Leverages WSF for Latest Campaign,Malware,2024
counterboring.sbs,Raspberry Robin Leverages WSF for Latest Campaign,Malware,2024
metriconetimeagley.sbs,Raspberry Robin Leverages WSF for Latest Campaign,Malware,2024
freamingrafttwoway.sbs,Raspberry Robin Leverages WSF for Latest Campaign,Malware,2024
craighleserapic.sbs,Raspberry Robin Leverages WSF for Latest Campaign,Malware,2024
okruzihealdsburg.sbs,Raspberry Robin Leverages WSF for Latest Campaign,Malware,2024
squeezably.sbs,Raspberry Robin Leverages WSF for Latest Campaign,Malware,2024
acid-fastlindbom.sbs,Raspberry Robin Leverages WSF for Latest Campaign,Malware,2024
hockersmixtecsquier.sbs,Raspberry Robin Leverages WSF for Latest Campaign,Malware,2024
nametagsweatseyelike.sbs,Raspberry Robin Leverages WSF for Latest Campaign,Malware,2024
unthematically.sbs,Raspberry Robin Leverages WSF for Latest Campaign,Malware,2024
misalienate.sbs,Raspberry Robin Leverages WSF for Latest Campaign,Malware,2024
axiologies.sbs,Raspberry Robin Leverages WSF for Latest Campaign,Malware,2024
hemimetabolism.sbs,Raspberry Robin Leverages WSF for Latest Campaign,Malware,2024
smartville.sbs,Raspberry Robin Leverages WSF for Latest Campaign,Malware,2024
viandelarkishness.sbs,Raspberry Robin Leverages WSF for Latest Campaign,Malware,2024
294anacamptometer.sbs,Raspberry Robin Leverages WSF for Latest Campaign,Malware,2024
noematachograph.sbs,Raspberry Robin Leverages WSF for Latest Campaign,Malware,2024
curricular.sbs,Raspberry Robin Leverages WSF for Latest Campaign,Malware,2024
uninsolvent.sbs,Raspberry Robin Leverages WSF for Latest Campaign,Malware,2024
syllabication.sbs,Raspberry Robin Leverages WSF for Latest Campaign,Malware,2024
contretemps.sbs,Raspberry Robin Leverages WSF for Latest Campaign,Malware,2024
urvkwwqhjb.sbs,Raspberry Robin Leverages WSF for Latest Campaign,Malware,2024
annuelertimes.sbs,Raspberry Robin Leverages WSF for Latest Campaign,Malware,2024
proconsulships.sbs,Raspberry Robin Leverages WSF for Latest Campaign,Malware,2024
http://172.233.228.93/policy,Palo Alto Firewalls Under Attack with Backdoor Malware,Malware,2024
http://172.233.228.93/patch,Palo Alto Firewalls Under Attack with Backdoor Malware,Malware,2024
http://103.27.109.217:52202/963852741/mac/plugins/2e351c7b4de4d3b1,Lightspy For MacOS,Malware,2024
http://103.27.109.217:52202/963852741/mac/plugins/70a5ecc118536683,Lightspy For MacOS,Malware,2024
http://103.27.109.217:52202/963852741/mac/plugins/0408ece5a667ec06,Lightspy For MacOS,Malware,2024
http://103.27.109.217:52202/963852741/mac/plugins/484c8be6af1675b7,Lightspy For MacOS,Malware,2024
http://103.27.109.217:52202/963852741/mac/plugins/f99fcea4aba03364,Lightspy For MacOS,Malware,2024
http://103.27.109.217:52202/963852741/mac/plugins/7e3211e5a00d2783,Lightspy For MacOS,Malware,2024
http://103.27.109.217:52202/963852741/mac/plugins/26f7d6b449f01571,Lightspy For MacOS,Malware,2024
http://103.27.109.217:52202/963852741/mac/plugins/6a0e40740cb52a1c,Lightspy For MacOS,Malware,2024
https://103.27.109.217:52202/,"Resurgence of LightSpy Spyware Threatens Southern Asia, Possibly India",Malware,2024
http://103.27.109.217:52202/963852741/mac/macversion.json,Lightspy For MacOS,Malware,2024
http://103.27.109.217:52202/963852741/mac/c40f0d27,Lightspy For MacOS,Malware,2024
http://103.27.109.217:52202/963852741/mac/plugins/0c377d6b6b074d16,Lightspy For MacOS,Malware,2024
ooocyber.keenetic.pro,New Keyzetsu Malware Abuses GitHub and Visual Studio,Malware,2024
https://paste.fo/raw/dd6cd76eb5a0,New Keyzetsu Malware Abuses GitHub and Visual Studio,Malware,2024
https://cdn.discordapp.com/attachments/1192526919577649306/1211403074799804476/visualstudioru.7z?ex=6612fc07&is=66008707&hm=0a7fc9432f5ef58960b1f9a215c3feceb4e7704afd7179753faa93438d7e8f54&,New Keyzetsu Malware Abuses GitHub and Visual Studio,Malware,2024
https://paste.fo/raw/efda79f59c55,New Keyzetsu Malware Abuses GitHub and Visual Studio,Malware,2024
https://rentry.co/q3i7zp/raw,New Keyzetsu Malware Abuses GitHub and Visual Studio,Malware,2024
https://rentry.co/4543t/raw,New Keyzetsu Malware Abuses GitHub and Visual Studio,Malware,2024
https://rentry.co/hwqfx/raw,New Keyzetsu Malware Abuses GitHub and Visual Studio,Malware,2024
https://textbin.net/raw/gr2vzmwcvt,New Keyzetsu Malware Abuses GitHub and Visual Studio,Malware,2024
https://cdn.discordapp.com/attachments/1192526919577649306/1211404800575537304/visualstudioen.7z?ex=6612fda3&is=660088a3&hm=5ae3b1b5d2c7dc91a9c07a65dbf8c61d3822b1f16a2d7c70eb37a039979e8290&,New Keyzetsu Malware Abuses GitHub and Visual Studio,Malware,2024
https://rentry.co/a2edp,New Keyzetsu Malware Abuses GitHub and Visual Studio,Malware,2024
https://rentry.co/tvfwh/raw,New Keyzetsu Malware Abuses GitHub and Visual Studio,Malware,2024
https://nocodeform.io/f/6612aaccf9a3a01ba8f6d979,Deceptive Phishing Attacks Mimic Popular Login Pages,Malware,2024
https://nocodeform.io/f/6605717e7bf0d35064f45348,Deceptive Phishing Attacks Mimic Popular Login Pages,Malware,2024
https://aimidjourney.tech/,Cybercriminals Hijack Generative AI Software for Global Attacks,Malware,2024
https://deepface.pro/,Cybercriminals Hijack Generative AI Software for Global Attacks,Malware,2024
https://midjourneys.co/,Cybercriminals Hijack Generative AI Software for Global Attacks,Malware,2024
https://aimidjourneys.com/,Cybercriminals Hijack Generative AI Software for Global Attacks,Malware,2024
https://mid-journey.life/,Cybercriminals Hijack Generative AI Software for Global Attacks,Malware,2024
https://aimidjourneys.org/,Cybercriminals Hijack Generative AI Software for Global Attacks,Malware,2024
https://midjourneys.site/,Cybercriminals Hijack Generative AI Software for Global Attacks,Malware,2024
https://midjourneys.world/,Cybercriminals Hijack Generative AI Software for Global Attacks,Malware,2024
https://aimidjourney.online/,Cybercriminals Hijack Generative AI Software for Global Attacks,Malware,2024
https://ai-midjourney.info/,Cybercriminals Hijack Generative AI Software for Global Attacks,Malware,2024
https://ai-midjourney.pro/,Cybercriminals Hijack Generative AI Software for Global Attacks,Malware,2024
https://getmidjourney.tech/,Cybercriminals Hijack Generative AI Software for Global Attacks,Malware,2024
https://mid-journey.tech/,Cybercriminals Hijack Generative AI Software for Global Attacks,Malware,2024
https://get-midjourney.site/,Cybercriminals Hijack Generative AI Software for Global Attacks,Malware,2024
https://midjourneysai.us/,Cybercriminals Hijack Generative AI Software for Global Attacks,Malware,2024
https://ai-midjourneys.org/,Cybercriminals Hijack Generative AI Software for Global Attacks,Malware,2024
https://aimidjourney.agency/,Cybercriminals Hijack Generative AI Software for Global Attacks,Malware,2024
https://ai-midjourney.net/,Cybercriminals Hijack Generative AI Software for Global Attacks,Malware,2024
https://midjourneyais.us/,Cybercriminals Hijack Generative AI Software for Global Attacks,Malware,2024
https://art-midjourney.art/,Cybercriminals Hijack Generative AI Software for Global Attacks,Malware,2024
https://midjourneys.online/,Cybercriminals Hijack Generative AI Software for Global Attacks,Malware,2024
https://ai-midjourneys.com/,Cybercriminals Hijack Generative AI Software for Global Attacks,Malware,2024
https://aimidjourney.space/,Cybercriminals Hijack Generative AI Software for Global Attacks,Malware,2024
https://midjourneys.tech/,Cybercriminals Hijack Generative AI Software for Global Attacks,Malware,2024
https://art-midjourney.org/,Cybercriminals Hijack Generative AI Software for Global Attacks,Malware,2024
https://midjourneys.live/,Cybercriminals Hijack Generative AI Software for Global Attacks,Malware,2024
https://aimidjourney.org/,Cybercriminals Hijack Generative AI Software for Global Attacks,Malware,2024
https://ai-midjourneys.net/,Cybercriminals Hijack Generative AI Software for Global Attacks,Malware,2024
https://mid-journey.pro/,Cybercriminals Hijack Generative AI Software for Global Attacks,Malware,2024
dnslog.store,Malware Turns Devices into Scanning Weapons,Malware,2024
http://45.130.22.219/ivanti.js,Malware Turns Devices into Scanning Weapons,Malware,2024
http://176.97.210.211/mips,Malware Turns Devices into Scanning Weapons,Malware,2024
http://145.40.126.81/mips,Malware Turns Devices into Scanning Weapons,Malware,2024
http://137.220.130.2/doc,Malware Turns Devices into Scanning Weapons,Malware,2024
http://103.131.57.59/mips,Malware Turns Devices into Scanning Weapons,Malware,2024
fjsnsinfinsf.ngcv.top,Botnets Still Targeting CVE-2023-1389 Vulnerability,Malware,2024
rooty.cc,Botnets Still Targeting CVE-2023-1389 Vulnerability,Malware,2024
bn.networkbn.click,Botnets Still Targeting CVE-2023-1389 Vulnerability,Malware,2024
http://195.62.32.227/,Botnets Still Targeting CVE-2023-1389 Vulnerability,Malware,2024
http://5.10.249.153/,Botnets Still Targeting CVE-2023-1389 Vulnerability,Malware,2024
http://103.188.244.189/,Botnets Still Targeting CVE-2023-1389 Vulnerability,Malware,2024
http://91.92.253.70/,Botnets Still Targeting CVE-2023-1389 Vulnerability,Malware,2024
http://185.224.128.34/,Botnets Still Targeting CVE-2023-1389 Vulnerability,Malware,2024
http://94.156.8.244/,Botnets Still Targeting CVE-2023-1389 Vulnerability,Malware,2024
advanced-ip-sccanner.com,FIN7 Phishing Campaign Uses Anunak Backdoor to Infiltrate Automaker,Malware,2024
tt22.in,TA558 Targets Latin American Businesses with Image-Based Malware Attacks,Malware,2024
qr-in.com,TA558 Targets Latin American Businesses with Image-Based Malware Attacks,Malware,2024
dik.si,TA558 Targets Latin American Businesses with Image-Based Malware Attacks,Malware,2024
i8.ae,TA558 Targets Latin American Businesses with Image-Based Malware Attacks,Malware,2024
ur8ly.com,TA558 Targets Latin American Businesses with Image-Based Malware Attacks,Malware,2024
qly.ai,TA558 Targets Latin American Businesses with Image-Based Malware Attacks,Malware,2024
ssur.cc,TA558 Targets Latin American Businesses with Image-Based Malware Attacks,Malware,2024
sempersim.su,TA558 Targets Latin American Businesses with Image-Based Malware Attacks,Malware,2024
paste.ee,TA558 Targets Latin American Businesses with Image-Based Malware Attacks,Malware,2024
,TA558 Targets Latin American Businesses with Image-Based Malware Attacks,Malware,2024
uploaddeimagens.com.br,TA558 Targets Latin American Businesses with Image-Based Malware Attacks,Malware,2024
2s.gg,TA558 Targets Latin American Businesses with Image-Based Malware Attacks,Malware,2024
toss.is,TA558 Targets Latin American Businesses with Image-Based Malware Attacks,Malware,2024
uri.ac,TA558 Targets Latin American Businesses with Image-Based Malware Attacks,Malware,2024
tt.vg,TA558 Targets Latin American Businesses with Image-Based Malware Attacks,Malware,2024
tau.id,TA558 Targets Latin American Businesses with Image-Based Malware Attacks,Malware,2024
ye.pe,TA558 Targets Latin American Businesses with Image-Based Malware Attacks,Malware,2024
shtu.be,TA558 Targets Latin American Businesses with Image-Based Malware Attacks,Malware,2024
tyny.to,TA558 Targets Latin American Businesses with Image-Based Malware Attacks,Malware,2024
l-to.com,TA558 Targets Latin American Businesses with Image-Based Malware Attacks,Malware,2024
imageupload.io,TA558 Targets Latin American Businesses with Image-Based Malware Attacks,Malware,2024
rdre.me,TA558 Targets Latin American Businesses with Image-Based Malware Attacks,Malware,2024
urlsh.us,TA558 Targets Latin American Businesses with Image-Based Malware Attacks,Malware,2024
http://188.127.231.198/9090/kuch/krishtokrushthelovebecomeabeautifulovetounderstandhowmuchshelovedmetrulybecausesheis_____greatlovertounderstandhowmuchsheis..doc,TA558 Targets Latin American Businesses with Image-Based Malware Attacks,Malware,2024
http://172.245.208.3/1577/updatechrm.vbs,TA558 Targets Latin American Businesses with Image-Based Malware Attacks,Malware,2024
http://172.234.249.47/20080/ujh/beautifuldaygreatdaykisstolove__________________mekissyou________________loveyoualotwithfromtheheartotdayloveyousomuch..doc,TA558 Targets Latin American Businesses with Image-Based Malware Attacks,Malware,2024
http://107.175.31.187/8808/imaginepixcelwork.jpg,TA558 Targets Latin American Businesses with Image-Based Malware Attacks,Malware,2024
http://66.228.43.8/wll/microsoftunderstandwhyimportanttodeleteentirecookiehistorycacheeverything..doc,TA558 Targets Latin American Businesses with Image-Based Malware Attacks,Malware,2024
http://147.185.243.107/xampp/kbo/wfe/ilovemywifemorethankanyonebutsametimeiloveagirlwholovingmealot_____sheisreallymyloverwhocarewholovedmefromtheheart..doc,TA558 Targets Latin American Businesses with Image-Based Malware Attacks,Malware,2024
http://172.245.214.91/secondindustrytopofthelsecondtoenhasednewtechnologyfordevelopnewthingsfornewthingstounderstandthenewthings.doc,TA558 Targets Latin American Businesses with Image-Based Malware Attacks,Malware,2024
http://198.12.89.23/6700/coconuttree.vbs,TA558 Targets Latin American Businesses with Image-Based Malware Attacks,Malware,2024
http://107.175.31.187/45009/gjk/ianttokeepintouchwithyoubecausesheisveryfinebecauseiwanttoinformyouthat____itsverygoodtoheartthateverythingfine.doc,TA558 Targets Latin American Businesses with Image-Based Malware Attacks,Malware,2024
http://185.254.37.80/htmlcache.doc,TA558 Targets Latin American Businesses with Image-Based Malware Attacks,Malware,2024
http://207.32.219.82/3500/lover.jpg,TA558 Targets Latin American Businesses with Image-Based Malware Attacks,Malware,2024
http://172.245.208.3/werf/microsoftdesginedballontechnologyforentireprocesstoupdatethenewballontechnologyfromthenewupgradeprocesspc..doc,TA558 Targets Latin American Businesses with Image-Based Malware Attacks,Malware,2024
http://172.86.76.208/whttp/x.x.x.x..doc,TA558 Targets Latin American Businesses with Image-Based Malware Attacks,Malware,2024
http://172.232.163.207/vlcc/vlccisthebestupdationfromthemicrosoftballonnewresearchtoupgradeyourpcfromentireprocesstomakeitfasterthanbefore..doc,TA558 Targets Latin American Businesses with Image-Based Malware Attacks,Malware,2024
http://23.95.235.35/feelinggoodwithlovertounderstandhowmuchilovingherwithlotoflove___trulylovingtheheartwithlovertokissmehardtolove.doc,TA558 Targets Latin American Businesses with Image-Based Malware Attacks,Malware,2024
http://198.12.81.138/bvc/internationalchallengeforresducetheperformanceomsofficebutmicrosoftdesidnisdifferentfromtoherstostartup..doc,TA558 Targets Latin American Businesses with Image-Based Malware Attacks,Malware,2024
http://149.248.54.207/hi/hihihiihihiihihi%23%23%23%23%23%23%23%23%23%23%23%23%23%23%23%23%23%23%23%23%23%23%23hihihihi..doc,TA558 Targets Latin American Businesses with Image-Based Malware Attacks,Malware,2024
http://172.245.208.28/wer/microsfotdecidedtoupdatemsofficeforsecurethesystemandentireprocesstocompletethetechnologicalthingsfromthenew..doc,TA558 Targets Latin American Businesses with Image-Based Malware Attacks,Malware,2024
http://147.185.243.107/45700/macc/shelovemywifemorethankanyonebutsametimeiloveagirlwholovingmealot_____sheisreallymyloverwhocarewholovedmefromtheheart..doc,TA558 Targets Latin American Businesses with Image-Based Malware Attacks,Malware,2024
http://103.183.114.5/500/htmljg.vbs,TA558 Targets Latin American Businesses with Image-Based Malware Attacks,Malware,2024
http://83.137.157.51/4545/mohs.txt,TA558 Targets Latin American Businesses with Image-Based Malware Attacks,Malware,2024
http://192.3.241.235/350/ishost.exe,TA558 Targets Latin American Businesses with Image-Based Malware Attacks,Malware,2024
http://172.202.120.36/hjn/microsoftunderstandhowimportanttodeletecookiecachehistorytemporyfileseverthing..doc,TA558 Targets Latin American Businesses with Image-Based Malware Attacks,Malware,2024
http://107.175.31.187/30008/enin.txt,TA558 Targets Latin American Businesses with Image-Based Malware Attacks,Malware,2024
http://bolandraf.com/prostutefiles/fridayexploit.hta,TA558 Targets Latin American Businesses with Image-Based Malware Attacks,Malware,2024
http://198.74.57.54/13355/rff.txt,TA558 Targets Latin American Businesses with Image-Based Malware Attacks,Malware,2024
http://198.12.81.158/jjh/weconnectedlovereachotherformakethemhappyandsmilethemwithallheartstilltheyarereallyhappy____withourloverstogetbackintheworldoflove..doc,TA558 Targets Latin American Businesses with Image-Based Malware Attacks,Malware,2024
http://66.228.43.8/250/javajson.vbs,TA558 Targets Latin American Businesses with Image-Based Malware Attacks,Malware,2024
http://147.185.243.107/45900/bnc/icreatedsuchatrueloveforthatgirulwhoiloveyoualotbecausemyloveistrueinever___guveupanychancetofailireallywatutrulyme..doc,TA558 Targets Latin American Businesses with Image-Based Malware Attacks,Malware,2024
http://198.12.81.138/354/mna.txt,TA558 Targets Latin American Businesses with Image-Based Malware Attacks,Malware,2024
http://107.175.31.187/7508/iconimages.jpg,TA558 Targets Latin American Businesses with Image-Based Malware Attacks,Malware,2024
http://193.56.255.218/m0403t/audiodg.exe,TA558 Targets Latin American Businesses with Image-Based Malware Attacks,Malware,2024
http://172.245.208.28/300/conhost.exe,TA558 Targets Latin American Businesses with Image-Based Malware Attacks,Malware,2024
http://188.127.249.32/250/nbc/htmliebrowsercleanupbrowserhistorycleanup..doc,TA558 Targets Latin American Businesses with Image-Based Malware Attacks,Malware,2024
http://172.245.208.28/exl/entiersystemneedsuchagoodupdationforsecuretheofficefilesformthepeopleswhocatchsystem..doc,TA558 Targets Latin American Businesses with Image-Based Malware Attacks,Malware,2024
http://172.245.163.139/9088/mpo/howtomakecoffeewithfreatlovertounderstandhowmuchcutireitstolovethesystemto______understandthecofeetogetloverfromthecoffeecu..doc,TA558 Targets Latin American Businesses with Image-Based Malware Attacks,Malware,2024
http://172.245.208.3/99880/lovetocontinue.vbs,TA558 Targets Latin American Businesses with Image-Based Malware Attacks,Malware,2024
http://172.86.76.208/whttp/x.x.x.x.doc,TA558 Targets Latin American Businesses with Image-Based Malware Attacks,Malware,2024
http://70.34.220.238/erg/microsoftballondesignedbyentireprocesstoconfirmtheupdationtodevelopnewballonupdationrpcesstopcupdatepc..doc,TA558 Targets Latin American Businesses with Image-Based Malware Attacks,Malware,2024
http://172.245.208.19/window/xgqkoeinjvq.pdf,TA558 Targets Latin American Businesses with Image-Based Malware Attacks,Malware,2024
http://103.27.132.200/177/audiodg.exe,TA558 Targets Latin American Businesses with Image-Based Malware Attacks,Malware,2024
http://172.245.208.28/5298/conhost.exe,TA558 Targets Latin American Businesses with Image-Based Malware Attacks,Malware,2024
http://103.27.132.200/zw/i0ioi0ioi0ioioioiooiiioioooi0ioioi0o0oii0o0ioi0ioi0oi0ioi0oi000000%23%23%23%23%23%23%23%23%23%23%23%23%23%230000000%23%23%23%23%23%23%23%23%23%23%23%23%23%2300000000..doc,TA558 Targets Latin American Businesses with Image-Based Malware Attacks,Malware,2024
http://172.245.208.28/5299/conhost.exe,TA558 Targets Latin American Businesses with Image-Based Malware Attacks,Malware,2024
http://72.14.187.87/588/microsoftwps.vbs,TA558 Targets Latin American Businesses with Image-Based Malware Attacks,Malware,2024
http://198.12.91.244/xampp/bii/sweetkissmademehugtoherwihtallmyheartbeacuasesheisverybeatutuflgirlwhoilovetrulyfromtheheart______ireallyloveherfromtheheartsweetkiss..doc,TA558 Targets Latin American Businesses with Image-Based Malware Attacks,Malware,2024
http://172.232.172.53/2345/wealwayshappy.vbs,TA558 Targets Latin American Businesses with Image-Based Malware Attacks,Malware,2024
http://172.245.208.3/swd/microsoftbeautyisconfirmedbymsofficetocreatenewwordfileforgoodvibe..doc,TA558 Targets Latin American Businesses with Image-Based Malware Attacks,Malware,2024
http://198.12.81.158/5506/nss.exe,TA558 Targets Latin American Businesses with Image-Based Malware Attacks,Malware,2024
http://83.137.157.51/xampp/ala/al/wecreatedlovetounderstandhowmuchloveineedtogiveherbacktogetlove______meandmyloverisverygoodrelationshopilove..doc,TA558 Targets Latin American Businesses with Image-Based Malware Attacks,Malware,2024
http://172.245.208.19/360/unsecapp.exe,TA558 Targets Latin American Businesses with Image-Based Malware Attacks,Malware,2024
http://193.56.255.218/eva/maintaintheloverwithagoodheartwithoutthinkinganythingundernewthingstogetits______newprojectounderstandhowmuchkidd..doc,TA558 Targets Latin American Businesses with Image-Based Malware Attacks,Malware,2024
http://23.94.239.93/2355/microsoftprofile.vbs,TA558 Targets Latin American Businesses with Image-Based Malware Attacks,Malware,2024
http://192.3.108.47/iso/htmlcache..doc,TA558 Targets Latin American Businesses with Image-Based Malware Attacks,Malware,2024
http://23.94.239.93/cbl/browserforfindvideoswhichmakeyouhappyandfeelgoodtoseefromtheheartforentierwinworld..doc,TA558 Targets Latin American Businesses with Image-Based Malware Attacks,Malware,2024
http://172.234.249.47/20090/greatideaoflove.vbs,TA558 Targets Latin American Businesses with Image-Based Malware Attacks,Malware,2024
http://172.234.249.47/20090/hg/peceofmindnewlaunchhappneedlove________________________________________ilovethisgirlalotbecauseinotknowyouareverycute..doc,TA558 Targets Latin American Businesses with Image-Based Malware Attacks,Malware,2024
http://172.245.214.91/fridaexploit2.vbs,TA558 Targets Latin American Businesses with Image-Based Malware Attacks,Malware,2024
http://172.245.208.19/380/sihost.exe,TA558 Targets Latin American Businesses with Image-Based Malware Attacks,Malware,2024
http://149.28.109.84/8100/microsoftprofile.vbs,TA558 Targets Latin American Businesses with Image-Based Malware Attacks,Malware,2024
http://198.46.174.147/155/wlanext.exe,TA558 Targets Latin American Businesses with Image-Based Malware Attacks,Malware,2024
http://103.67.162.213/6090/hig/hyperloversknowthathowmuchiamfeelingonthelovewhichumadeformeireallykiissmyloverfrmtheheart____becauseshelovedmetrulyalot..doc,TA558 Targets Latin American Businesses with Image-Based Malware Attacks,Malware,2024
http://198.12.91.244/xampp/bgo/cratedsmoothlovercontentwithintimetounderstandhowmuchicanloveyoutrulyfromtheheartbecause_____ilovetoinformuthatshelovingmetruly..doc,TA558 Targets Latin American Businesses with Image-Based Malware Attacks,Malware,2024
http://107.175.113.202/html/htmlbrowserhistorydeletedbymicrosfotedgenew..doc,TA558 Targets Latin American Businesses with Image-Based Malware Attacks,Malware,2024
http://23.95.60.74/romamammamamamaa.txt,TA558 Targets Latin American Businesses with Image-Based Malware Attacks,Malware,2024
http://107.173.4.15/31009/exportideadslov.vbs,TA558 Targets Latin American Businesses with Image-Based Malware Attacks,Malware,2024
http://172.245.208.3/rgrs/x...x......x.....x...doc,TA558 Targets Latin American Businesses with Image-Based Malware Attacks,Malware,2024
http://192.3.179.133/470/asusns.exe,TA558 Targets Latin American Businesses with Image-Based Malware Attacks,Malware,2024
http://23.95.235.86/wmn/wm/microsoftdecidedtodeleteentirethingshistorycookiecacheeverythingfrompc..doc,TA558 Targets Latin American Businesses with Image-Based Malware Attacks,Malware,2024
http://192.3.108.47/sweet/igccu.hta,TA558 Targets Latin American Businesses with Image-Based Malware Attacks,Malware,2024
http://107.175.3.22/uho/i0ioi0oi0ioii0ioi0oio0i0i0ioo0ioi0oi0oi00i00%23%23%23%23%23%23%23%23%23%230i0ioi0ioi0ioi0oioi0oi0ioi0ii0i0ioio00%23%23%23%23%23%23%23%23%23%23%2300000..doc,TA558 Targets Latin American Businesses with Image-Based Malware Attacks,Malware,2024
http://198.46.174.147/230/wlanext.exe,TA558 Targets Latin American Businesses with Image-Based Malware Attacks,Malware,2024
http://23.94.206.107/75099/pixelreturn.jpg,TA558 Targets Latin American Businesses with Image-Based Malware Attacks,Malware,2024
http://198.46.174.147/mjx/microsoftupgradedentiretechnologyfromthenewunscaratchedformulatocleanentierpcfromhk..doc,TA558 Targets Latin American Businesses with Image-Based Malware Attacks,Malware,2024
http://72.14.187.87/win/jsonjava.vbs,TA558 Targets Latin American Businesses with Image-Based Malware Attacks,Malware,2024
http://103.29.3.200/s2611m/wininit.exe,TA558 Targets Latin American Businesses with Image-Based Malware Attacks,Malware,2024
http://172.245.208.3/ffcg/pointofviewballoneprojectismyfavourateproductwhichcamefrommicrosofttodevelopnewupdationrpcoessonpc..doc,TA558 Targets Latin American Businesses with Image-Based Malware Attacks,Malware,2024
http://103.237.87.56/xampp/xnv/xn/kissmydearuarereallysweetformetounderstandverycuteladyyouareiloveryoussoomuchto___mybabygirlyouareinmydear..doc,TA558 Targets Latin American Businesses with Image-Based Malware Attacks,Malware,2024
http://107.175.31.187/7508/xwo.txt,TA558 Targets Latin American Businesses with Image-Based Malware Attacks,Malware,2024
http://107.175.113.202/www/microsoftbrowserdeletedentirehistorycachefromthepcforclean..doc,TA558 Targets Latin American Businesses with Image-Based Malware Attacks,Malware,2024
http://23.95.235.10/www/microsoftbrowseredgedeletedentirehistorycachefromthepcforclean..doc,TA558 Targets Latin American Businesses with Image-Based Malware Attacks,Malware,2024
http://107.175.113.202/htm/browserwannadeleteallhistoryfrommicrosoftedge..doc,TA558 Targets Latin American Businesses with Image-Based Malware Attacks,Malware,2024
https://185.38.150.8/star/key,Sandworm APT Leverages Novel Backdoor (Kapeka) for Espionage,Malware,2024
https://185.181.229.102/home/info,Sandworm APT Leverages Novel Backdoor (Kapeka) for Espionage,Malware,2024
https://88.80.148.65/news/article,Sandworm APT Leverages Novel Backdoor (Kapeka) for Espionage,Malware,2024
https://103.78.122.94/help/healthcheck,Sandworm APT Leverages Novel Backdoor (Kapeka) for Espionage,Malware,2024
advanced-ip-scaer.com,Malicious Google Ads Spread Backdoor Malware,Malware,2024
advanced-lp-scannel.com,Malicious Google Ads Spread Backdoor Malware,Malware,2024
advanced-ip-scanerr.net,Malicious Google Ads Spread Backdoor Malware,Malware,2024
advanced-lp-saanel.com,Malicious Google Ads Spread Backdoor Malware,Malware,2024
advanced-ip-scanel.com,Malicious Google Ads Spread Backdoor Malware,Malware,2024
advanced-ip-scanir.net,Malicious Google Ads Spread Backdoor Malware,Malware,2024
manageeengines.com,Malicious Google Ads Spread Backdoor Malware,Malware,2024
advanced-ip-saaner.com,Malicious Google Ads Spread Backdoor Malware,Malware,2024
managengines.com,Malicious Google Ads Spread Backdoor Malware,Malware,2024
advanced-lp-scanel.com,Malicious Google Ads Spread Backdoor Malware,Malware,2024
advanced-ip-scanz.com,Malicious Google Ads Spread Backdoor Malware,Malware,2024
networkscanip.com,Malicious Google Ads Spread Backdoor Malware,Malware,2024
advvanced-ip-scanner.net,Malicious Google Ads Spread Backdoor Malware,Malware,2024
keystore-explore.com,Malicious Google Ads Spread Backdoor Malware,Malware,2024
angryipscaner.com,Malicious Google Ads Spread Backdoor Malware,Malware,2024
advanced-ip-scanerr.com,Malicious Google Ads Spread Backdoor Malware,Malware,2024
advanced-ip-scanr.com,Malicious Google Ads Spread Backdoor Malware,Malware,2024
networkipscan.com,Malicious Google Ads Spread Backdoor Malware,Malware,2024
advaanced-ip-scanner.com,Malicious Google Ads Spread Backdoor Malware,Malware,2024
managengins.net,Malicious Google Ads Spread Backdoor Malware,Malware,2024
advanced-ip-scaer.net,Malicious Google Ads Spread Backdoor Malware,Malware,2024
advanceb-lp-scanner.com,Malicious Google Ads Spread Backdoor Malware,Malware,2024
managengines.net,Malicious Google Ads Spread Backdoor Malware,Malware,2024
advanced-ip-scanir.com,Malicious Google Ads Spread Backdoor Malware,Malware,2024
manageeengines.net,Malicious Google Ads Spread Backdoor Malware,Malware,2024
advanced-ip-scanz.net,Malicious Google Ads Spread Backdoor Malware,Malware,2024
angryipscan.net,Malicious Google Ads Spread Backdoor Malware,Malware,2024
advanced-ip-scanr.net,Malicious Google Ads Spread Backdoor Malware,Malware,2024
advanced-ip-scaaner.com,Malicious Google Ads Spread Backdoor Malware,Malware,2024
advvanced-ip-scanner.com,Malicious Google Ads Spread Backdoor Malware,Malware,2024
ipscannerprtg.com,Malicious Google Ads Spread Backdoor Malware,Malware,2024
managengins.com,Malicious Google Ads Spread Backdoor Malware,Malware,2024
advanced-ip-scanel.net,Malicious Google Ads Spread Backdoor Malware,Malware,2024
advanced-lp-saaner.com,Malicious Google Ads Spread Backdoor Malware,Malware,2024
prtgscan.com,Malicious Google Ads Spread Backdoor Malware,Malware,2024
jxqmwbgxygkyftpxykdk8cfkq1hy371pz.oast.fun,New Attack Campaign Targets Unpatched Fortinet Devices,Malware,2024
http://45.227.255.213:20201/,New Attack Campaign Targets Unpatched Fortinet Devices,Malware,2024
http://68.178.202.116/,New Attack Campaign Targets Unpatched Fortinet Devices,Malware,2024
https://dbdb.addea.workers.dev/,New Android Trojan Targets South Korea with Manifest Obfuscation Techniques,Malware,2024
https://,Connection to malicious URL.,Malware,2024
http://172.245.208.3/225500/hmzz.txt,TA558 Targets Latin American Businesses with Image-Based Malware Attacks,Malware,2024
http://107.175.113.204/6080/htmliebrowser.vbs,TA558 Targets Latin American Businesses with Image-Based Malware Attacks,Malware,2024
http://147.185.243.107/45900/imageclear.jpg,TA558 Targets Latin American Businesses with Image-Based Malware Attacks,Malware,2024
http://66.228.43.8/edg/microsoftdecidedtodeletecachecookiehistoryeverything..doc,TA558 Targets Latin American Businesses with Image-Based Malware Attacks,Malware,2024
http://172.245.208.126/300/wlanext.exe,TA558 Targets Latin American Businesses with Image-Based Malware Attacks,Malware,2024
http://70.34.197.128/srvv/balloninstantupdatestartedrecentlyfornetirepcpeopleswhoupdatedlatestversionfoballonupdationfromthenewservicefromthepc..doc,TA558 Targets Latin American Businesses with Image-Based Malware Attacks,Malware,2024
http://192.3.95.216/base64document.txt,TA558 Targets Latin American Businesses with Image-Based Malware Attacks,Malware,2024
http://172.245.208.34/mrngfilelovetohiteverywheretounderstandthethingstoknow_________tobefrankiloveyousoomuchmybabygirltoseeyoualottounderstand.doc,TA558 Targets Latin American Businesses with Image-Based Malware Attacks,Malware,2024
http://107.175.113.216/pastor/retain.exe,TA558 Targets Latin American Businesses with Image-Based Malware Attacks,Malware,2024
http://103.183.114.5/250/wlanext.exe,TA558 Targets Latin American Businesses with Image-Based Malware Attacks,Malware,2024
http://66.228.43.8/166/htmljonson.vbs,TA558 Targets Latin American Businesses with Image-Based Malware Attacks,Malware,2024
http://193.56.255.218/xmp/anny/imagecleanpicture.jpg,TA558 Targets Latin American Businesses with Image-Based Malware Attacks,Malware,2024
http://192.3.95.131/160/audiodg.exe,TA558 Targets Latin American Businesses with Image-Based Malware Attacks,Malware,2024
http://158.220.80.156/5454/ffb.txt,TA558 Targets Latin American Businesses with Image-Based Malware Attacks,Malware,2024
http://172.245.208.3/2355/browseredgepro.vbs,TA558 Targets Latin American Businesses with Image-Based Malware Attacks,Malware,2024
http://198.46.174.147/lkj/microsoftdecidedtodeleteentirethigsfromympcforcleancookiecachehistory..doc,TA558 Targets Latin American Businesses with Image-Based Malware Attacks,Malware,2024
http://192.210.214.26/grfs/newdesignremadeforofficeforinternationalstandaradtoinvestmenttruththepeoplesgood..doc,TA558 Targets Latin American Businesses with Image-Based Malware Attacks,Malware,2024
http://172.232.163.207/4999/loversfaster.vbs,TA558 Targets Latin American Businesses with Image-Based Malware Attacks,Malware,2024
http://bolandraf.com/prostutefiles/exedroidddcc.exe,TA558 Targets Latin American Businesses with Image-Based Malware Attacks,Malware,2024
http://193.56.255.218/t1403f/audiodg.exe,TA558 Targets Latin American Businesses with Image-Based Malware Attacks,Malware,2024
http://193.56.255.218/15005/mho/imagine.jpeg,TA558 Targets Latin American Businesses with Image-Based Malware Attacks,Malware,2024
http://103.29.3.200/m2711t/wininit.exe,TA558 Targets Latin American Businesses with Image-Based Malware Attacks,Malware,2024
http://107.175.31.187/30009/org/verysurekisscanbreakallmyheartwithlotofloveireallyloveheralotwithallmyheartsheismyheartbecause_____ilovehertrulyfromtheheartbecausesheismyheartbeat.doc,TA558 Targets Latin American Businesses with Image-Based Malware Attacks,Malware,2024
http://107.175.31.187/8808/isd/mygirltobegoodwithentierprocessididwithhersheismygirlireallyloveheralot_____youmygirlwithentirethingswithugoodsoomuchlove.doc,TA558 Targets Latin American Businesses with Image-Based Malware Attacks,Malware,2024
http://172.86.76.208/250/xmr.txt,TA558 Targets Latin American Businesses with Image-Based Malware Attacks,Malware,2024
http://23.94.239.93/3855/wln/luliohnsa.exe,TA558 Targets Latin American Businesses with Image-Based Malware Attacks,Malware,2024
http://141.98.10.56/255/igcc.exe,TA558 Targets Latin American Businesses with Image-Based Malware Attacks,Malware,2024
http://107.175.113.202/177/htmljsshtml.vbs,TA558 Targets Latin American Businesses with Image-Based Malware Attacks,Malware,2024
http://172.202.120.36/2119/microsoftcookieclean.vbs,TA558 Targets Latin American Businesses with Image-Based Malware Attacks,Malware,2024
http://207.32.219.82/7050/snk/snkisanewthingswhichhelovesornotireallynotknowwhathelookingbutshesloved___alotwiththisnewthingswhathetoldme..doc,TA558 Targets Latin American Businesses with Image-Based Malware Attacks,Malware,2024
http://149.28.109.84/656/microsoftprofile.vbs,TA558 Targets Latin American Businesses with Image-Based Malware Attacks,Malware,2024
http://66.228.43.8/256/htmljson.vbs,TA558 Targets Latin American Businesses with Image-Based Malware Attacks,Malware,2024
http://141.98.10.56/260/audiodgs.exe,TA558 Targets Latin American Businesses with Image-Based Malware Attacks,Malware,2024
http://23.95.122.104/2102/nahimicsvc32.exe,TA558 Targets Latin American Businesses with Image-Based Malware Attacks,Malware,2024
http://192.3.179.162/3457/wlanext.exe,TA558 Targets Latin American Businesses with Image-Based Malware Attacks,Malware,2024
http://198.12.81.138/cen/microsoftcreditedunavailabelthingsintheupdationtogetreadyformoresecuretheprojectfromtheotherstohelp..doc,TA558 Targets Latin American Businesses with Image-Based Malware Attacks,Malware,2024
http://103.67.162.213/xampp/kbm/imagepixelgetback.jpg,TA558 Targets Latin American Businesses with Image-Based Malware Attacks,Malware,2024
http://70.34.197.128/500/svrr.txt,TA558 Targets Latin American Businesses with Image-Based Malware Attacks,Malware,2024
http://172.233.129.114/5600/example.jpg,TA558 Targets Latin American Businesses with Image-Based Malware Attacks,Malware,2024
http://107.175.113.202/600/htmlmj.vbs,TA558 Targets Latin American Businesses with Image-Based Malware Attacks,Malware,2024
http://172.232.163.207/4888/loverssecret.vbs,TA558 Targets Latin American Businesses with Image-Based Malware Attacks,Malware,2024
http://103.67.162.213/xampp/nst/greatwaytounderstandhowimporantthingsitisgreatgoodtounderstandlover____ireallywantthenewloversinthelineto..doc,TA558 Targets Latin American Businesses with Image-Based Malware Attacks,Malware,2024
http://103.237.87.56/rew/re/binwecanmaintainthenewthingswithhimbecauseiwasrunningaroundthewroldwithnew____icangofornewthingsfortruestoryuloverbrother..doc,TA558 Targets Latin American Businesses with Image-Based Malware Attacks,Malware,2024
http://170.75.146.119/mokkhkhkhkhkhhkhk.txt,TA558 Targets Latin American Businesses with Image-Based Malware Attacks,Malware,2024
http://147.185.243.107/xampp/klr/imagainpixelgreats.jpeg,TA558 Targets Latin American Businesses with Image-Based Malware Attacks,Malware,2024
http://192.3.179.133/520/asusns.exe,TA558 Targets Latin American Businesses with Image-Based Malware Attacks,Malware,2024
http://103.183.114.5/1800/htmlbrowserrecoverycache.vbs,TA558 Targets Latin American Businesses with Image-Based Malware Attacks,Malware,2024
http://107.175.113.216/pastor/axes.exe,TA558 Targets Latin American Businesses with Image-Based Malware Attacks,Malware,2024
http://172.232.172.53/3031/rosefromtitanic.vbs,TA558 Targets Latin American Businesses with Image-Based Malware Attacks,Malware,2024
http://147.185.243.107/xampp/klr/kla/myworldialwaysurlovertohearuaremyworldbecauseitrulyloveyoualotbecause_____youaremybabyandalwaysloverhersoomuchtruly..doc,TA558 Targets Latin American Businesses with Image-Based Malware Attacks,Malware,2024
http://188.127.249.32/1135/htmlhistorybrowserchromecache.vbs,TA558 Targets Latin American Businesses with Image-Based Malware Attacks,Malware,2024
http://147.185.243.107/45800/mac.txt,TA558 Targets Latin American Businesses with Image-Based Malware Attacks,Malware,2024
http://bolandraf.com/prostutefiles/htaiebrowserhistorycleanercache.doc,TA558 Targets Latin American Businesses with Image-Based Malware Attacks,Malware,2024
http://23.95.122.104/1728/igcc.exe,TA558 Targets Latin American Businesses with Image-Based Malware Attacks,Malware,2024
http://188.127.231.198/8080/pixelimagespixel.jpeg,TA558 Targets Latin American Businesses with Image-Based Malware Attacks,Malware,2024
http://107.175.31.187/21113/imageforlovers.jpg,TA558 Targets Latin American Businesses with Image-Based Malware Attacks,Malware,2024
http://23.94.239.93/ext/microsoftunderstandthenewtechnologytodeletehistorycachecookieentirethingsfromthepc..doc,TA558 Targets Latin American Businesses with Image-Based Malware Attacks,Malware,2024
http://94.156.65.225/herewegoxla.exe,TA558 Targets Latin American Businesses with Image-Based Malware Attacks,Malware,2024
http://107.175.113.202/800/htmljss.vbs,TA558 Targets Latin American Businesses with Image-Based Malware Attacks,Malware,2024
http://103.183.114.5/gfd/micorsoftdeletedentirehistorycachecookieeverythignfrompc..doc,TA558 Targets Latin American Businesses with Image-Based Malware Attacks,Malware,2024
http://192.3.95.216/freshmornigeveryonegoingforupdatetheupgrade____________________________________________touupdagradetoupdategoodforgood.doc,TA558 Targets Latin American Businesses with Image-Based Malware Attacks,Malware,2024
http://107.175.31.187/78009/ogs/mylifealwaysloveyousoomuchdearireallywanttomarryyoubutunluckyicant_____youalwaysmysweetheartineverforgetyoubecauseiloveyou.doc,TA558 Targets Latin American Businesses with Image-Based Malware Attacks,Malware,2024
http://107.173.4.15/24555/lovefamilymember.vbs,TA558 Targets Latin American Businesses with Image-Based Malware Attacks,Malware,2024
http://107.173.4.15/2010/imagine.jpeg,TA558 Targets Latin American Businesses with Image-Based Malware Attacks,Malware,2024
http://83.137.157.51/xampp/ala/imaginethegetit.jpeg,TA558 Targets Latin American Businesses with Image-Based Malware Attacks,Malware,2024
http://103.67.162.213/6070/pixelimagesupdate.jpg,TA558 Targets Latin American Businesses with Image-Based Malware Attacks,Malware,2024
http://198.46.174.147/2360/wlanext.exe,TA558 Targets Latin American Businesses with Image-Based Malware Attacks,Malware,2024
http://172.233.129.114/7500/image00012.jpg,TA558 Targets Latin American Businesses with Image-Based Malware Attacks,Malware,2024
http://172.245.208.19/450/asusns.exe,TA558 Targets Latin American Businesses with Image-Based Malware Attacks,Malware,2024
http://23.95.235.35/imfeelingalotandbleedingseriouslywithmyheartandiamtryingtofigureoutfromentierthings_____ireallyloveutrulyfromtheheartbutiknowmysituations.doc,TA558 Targets Latin American Businesses with Image-Based Malware Attacks,Malware,2024
http://172.245.208.126/hsr/microsoftdeletedentirehistorycachecookieeverythingfrommypc..doc,TA558 Targets Latin American Businesses with Image-Based Malware Attacks,Malware,2024
http://192.3.108.47/html/htmlcache..doc,TA558 Targets Latin American Businesses with Image-Based Malware Attacks,Malware,2024
http://103.67.162.213/6090/imaginepixelpicture.jpg,TA558 Targets Latin American Businesses with Image-Based Malware Attacks,Malware,2024
http://23.94.239.93/gs/microsoftprofilebuildanewtechnologyfordeletecachehistorycookieeverythingfromthepc..doc,TA558 Targets Latin American Businesses with Image-Based Malware Attacks,Malware,2024
http://83.137.157.51/4545/mhc/everylovecantchangebecauseitsatrueloverwhichmakingeverythingmoregreatunder____newlovetointroducewithmyselfkiss..doc,TA558 Targets Latin American Businesses with Image-Based Malware Attacks,Malware,2024
http://107.173.4.15/25009/easytolove.vbs,TA558 Targets Latin American Businesses with Image-Based Malware Attacks,Malware,2024
http://107.173.4.15/rg/nicetoseethecutebabaygirlloversheis___________________________________________________mysweetbabydeargirlforloveandalltosee..doc,TA558 Targets Latin American Businesses with Image-Based Malware Attacks,Malware,2024
http://107.175.92.68/150/wlanext.exe,TA558 Targets Latin American Businesses with Image-Based Malware Attacks,Malware,2024
http://198.46.174.147/3470/wlanext.exe,TA558 Targets Latin American Businesses with Image-Based Malware Attacks,Malware,2024
http://172.245.185.30/7500/moh/ilinecreated.jpg,TA558 Targets Latin American Businesses with Image-Based Malware Attacks,Malware,2024
http://23.94.206.107/5255/wdc.txt,TA558 Targets Latin American Businesses with Image-Based Malware Attacks,Malware,2024
http://147.185.243.107/xampp/klr/kiss.txt,TA558 Targets Latin American Businesses with Image-Based Malware Attacks,Malware,2024
http://198.74.57.54/13355/imagespixelnetwork.jpg,TA558 Targets Latin American Businesses with Image-Based Malware Attacks,Malware,2024
http://198.12.81.138/420/sihost.exe,TA558 Targets Latin American Businesses with Image-Based Malware Attacks,Malware,2024
http://107.175.113.202/450/htmlvb.vbs,TA558 Targets Latin American Businesses with Image-Based Malware Attacks,Malware,2024
http://103.183.114.5/1800/hdxr.txt,TA558 Targets Latin American Businesses with Image-Based Malware Attacks,Malware,2024
http://172.245.208.28/wedf/wed/microsoftreturnedthrpolicytocontineutheserviceupdationfromthesystemprotocoltounderstandentireprocessfromth..doc,TA558 Targets Latin American Businesses with Image-Based Malware Attacks,Malware,2024
http://198.12.81.138/354/cisiupdate.vbs,TA558 Targets Latin American Businesses with Image-Based Malware Attacks,Malware,2024
http://192.3.179.133/html/browserhistorydeletedfromthepcforcleanentirethings..doc,TA558 Targets Latin American Businesses with Image-Based Malware Attacks,Malware,2024
http://23.95.122.104/530/ugc.exe,TA558 Targets Latin American Businesses with Image-Based Malware Attacks,Malware,2024
http://198.46.174.147/220/wlanext.exe,TA558 Targets Latin American Businesses with Image-Based Malware Attacks,Malware,2024
http://198.46.173.145/uhh/decloverkissingeverygirlwholoverhimtrulyfromthehearttounderstanhowmuchloverkisss___uwanttofhugmeanddoallthingswithmeiwat..doc,TA558 Targets Latin American Businesses with Image-Based Malware Attacks,Malware,2024
http://172.245.163.139/windows/tc/iloveyourpaternhowdobehacinvingwithmewithanewastrologicalmove______toundertsnadhowulovemealotkissyoulipsiloveyou..doc,TA558 Targets Latin American Businesses with Image-Based Malware Attacks,Malware,2024
http://72.14.187.87/whm/microsoftdeleteentirecontentfromthepclikecachehistorycookieverthing..doc,TA558 Targets Latin American Businesses with Image-Based Malware Attacks,Malware,2024
http://23.94.206.107/5255/welovetou.vbs,TA558 Targets Latin American Businesses with Image-Based Malware Attacks,Malware,2024
http://207.32.219.82/3120/lovethemagicof.jpg,TA558 Targets Latin American Businesses with Image-Based Malware Attacks,Malware,2024
http://50.3.182.140/350/audiodg.exe,TA558 Targets Latin American Businesses with Image-Based Malware Attacks,Malware,2024
http://bolandraf.com/prostutefiles/htmlbrowserchromecleanhistoryall.doc,TA558 Targets Latin American Businesses with Image-Based Malware Attacks,Malware,2024
http://192.3.108.47/we/4/gucci.hta,TA558 Targets Latin American Businesses with Image-Based Malware Attacks,Malware,2024
http://198.46.173.145/6088/cnn.exe,TA558 Targets Latin American Businesses with Image-Based Malware Attacks,Malware,2024
http://172.245.208.3/99880/hgcj.txt,TA558 Targets Latin American Businesses with Image-Based Malware Attacks,Malware,2024
http://172.234.249.47/20080/svv.txt,TA558 Targets Latin American Businesses with Image-Based Malware Attacks,Malware,2024
http://107.175.31.187/30009/pixelimagesupdated.jpg,TA558 Targets Latin American Businesses with Image-Based Malware Attacks,Malware,2024
http://192.3.179.162/262/wlanext.exe,TA558 Targets Latin American Businesses with Image-Based Malware Attacks,Malware,2024
http://192.3.179.162/263/wlanext.exe,TA558 Targets Latin American Businesses with Image-Based Malware Attacks,Malware,2024
http://192.3.95.216/myxlamexpcryptersandtools.vbs,TA558 Targets Latin American Businesses with Image-Based Malware Attacks,Malware,2024
http://198.74.57.54/12233/svr.txt,TA558 Targets Latin American Businesses with Image-Based Malware Attacks,Malware,2024
http://172.233.129.114/5600/svr.txt,TA558 Targets Latin American Businesses with Image-Based Malware Attacks,Malware,2024
http://23.95.235.10/120/wlanext.exe,TA558 Targets Latin American Businesses with Image-Based Malware Attacks,Malware,2024
http://107.175.113.216/xampp/krm/kr/heisagirlwholovedmealotwithoutanyexptationssheisreallyagoodgirlshemybabydear_____itrulylovedherfromthehearbecauseverycutebayb..doc,TA558 Targets Latin American Businesses with Image-Based Malware Attacks,Malware,2024
http://188.127.249.32/1135/htm/htmlbrowserhistorycleaner..doc,TA558 Targets Latin American Businesses with Image-Based Malware Attacks,Malware,2024
http://107.175.31.187/7508/ere/mewithlovetounderstandthebeautifuldaywithurkissandloveitrulylovehersoomuch___withallmyloversbacktokissmylips.doc,TA558 Targets Latin American Businesses with Image-Based Malware Attacks,Malware,2024
http://103.186.65.80/ijc/2/htmlcache..doc,TA558 Targets Latin American Businesses with Image-Based Malware Attacks,Malware,2024
http://107.175.3.22/9w9/sihost.exe,TA558 Targets Latin American Businesses with Image-Based Malware Attacks,Malware,2024
http://107.174.138.160/2510/cnn.exe,TA558 Targets Latin American Businesses with Image-Based Malware Attacks,Malware,2024
http://107.175.113.216/pastor/irrkt.exe,TA558 Targets Latin American Businesses with Image-Based Malware Attacks,Malware,2024
http://172.245.208.126/win/microsoftdeletedentirehistorycachecookiehtmleverythingfrompc..doc,TA558 Targets Latin American Businesses with Image-Based Malware Attacks,Malware,2024
http://172.245.208.3/hmj/currentupdationoftheexplertsayingintsverybigindustrywhichgoingtohitinthemarketwithgolobalfram.doc,TA558 Targets Latin American Businesses with Image-Based Malware Attacks,Malware,2024
http://70.34.197.128/500/marriagepruposal.vbs,TA558 Targets Latin American Businesses with Image-Based Malware Attacks,Malware,2024
http://192.3.179.162/352/wlanext.exe,TA558 Targets Latin American Businesses with Image-Based Malware Attacks,Malware,2024
http://23.94.239.119/_--00_o______---0o0_00_0oo_0-o_o0-__________o0o-__________/ozzwerdfdghjfdggsahfhfghf..doc,TA558 Targets Latin American Businesses with Image-Based Malware Attacks,Malware,2024
http://83.137.157.51/xampp/ala/dfc.txt,TA558 Targets Latin American Businesses with Image-Based Malware Attacks,Malware,2024
http://193.56.255.218/xlm/alaz/imagebeautiful.jpg,TA558 Targets Latin American Businesses with Image-Based Malware Attacks,Malware,2024
http://107.173.229.146/235/json.js,TA558 Targets Latin American Businesses with Image-Based Malware Attacks,Malware,2024
http://192.3.108.47/iso/bh.txt,TA558 Targets Latin American Businesses with Image-Based Malware Attacks,Malware,2024
http://207.32.219.82/3130/imaginepixelclear.jpg,TA558 Targets Latin American Businesses with Image-Based Malware Attacks,Malware,2024
http://172.233.130.11/win/cmd.bat,TA558 Targets Latin American Businesses with Image-Based Malware Attacks,Malware,2024
http://107.175.92.68/sgb/microsofttoldmetheywantodelteentirepccookiecachehistoryfromthebrowser..doc,TA558 Targets Latin American Businesses with Image-Based Malware Attacks,Malware,2024
http://107.175.3.22/wgw/2/x9.x9.x9.x0.x0.x0..doc,TA558 Targets Latin American Businesses with Image-Based Malware Attacks,Malware,2024
http://103.183.114.5/1800/htm/iehtmlbrowserhistoryrecoverycleaner..doc,TA558 Targets Latin American Businesses with Image-Based Malware Attacks,Malware,2024
http://198.12.81.138/530/asusns.exe,TA558 Targets Latin American Businesses with Image-Based Malware Attacks,Malware,2024
http://207.32.219.82/7050/imaginepixelimages.jpg,TA558 Targets Latin American Businesses with Image-Based Malware Attacks,Malware,2024
http://198.12.81.138/gss/microsoftdesignednewpatendtoupgradetheprojectentriesystemtomonitoralltheactivitieswhichahppeneingfromthepc..doc,TA558 Targets Latin American Businesses with Image-Based Malware Attacks,Malware,2024
http://172.245.208.3/3110/aitech.vbs,TA558 Targets Latin American Businesses with Image-Based Malware Attacks,Malware,2024
http://147.185.243.107/45800/mahr/mylovemywifemorethankanyonebutsametimeiloveagirlwholovingmealot_____sheisreallymyloverwhocarewholovedmefromtheheart..doc,TA558 Targets Latin American Businesses with Image-Based Malware Attacks,Malware,2024
http://188.127.231.198/1500/createdpixelimage.jpg,TA558 Targets Latin American Businesses with Image-Based Malware Attacks,Malware,2024
http://23.95.235.10/460/asusns.exe,TA558 Targets Latin American Businesses with Image-Based Malware Attacks,Malware,2024
http://172.232.8.161/7009/pixelcleannotgoodfor.jpg,TA558 Targets Latin American Businesses with Image-Based Malware Attacks,Malware,2024
http://158.220.80.156/5454/hg/icreatedloveinsideofsomeoneheartsheismydearbabywhoilovealot____keeplovingheruntilmydeathuntilshesayshenotneedmebecauseilove..doc,TA558 Targets Latin American Businesses with Image-Based Malware Attacks,Malware,2024
http://158.220.80.156/5454/babyimage.jpeg,TA558 Targets Latin American Businesses with Image-Based Malware Attacks,Malware,2024
http://107.173.229.146/175/wlanext.exe,TA558 Targets Latin American Businesses with Image-Based Malware Attacks,Malware,2024
http://103.67.162.213/xampp/gd/kissingagirlissoeasyrecentlyireallyfeelsheismygirlineverwanttohurtherweneverwantotkissher_______ilovehertrulyfromtheheartiloveyou..doc,TA558 Targets Latin American Businesses with Image-Based Malware Attacks,Malware,2024
http://172.232.163.207/4888/ssw.txt,TA558 Targets Latin American Businesses with Image-Based Malware Attacks,Malware,2024
http://172.245.208.3/225500/loverspoinlove.vbs,TA558 Targets Latin American Businesses with Image-Based Malware Attacks,Malware,2024
http://107.174.138.160/1210/cnn.exe,TA558 Targets Latin American Businesses with Image-Based Malware Attacks,Malware,2024
http://207.32.219.82/3500/543/imaginecreatelovertounderstandthewayofurworldtoseehowitswillbegoodforu_______thinkthewayhowicanunderstandthegoodfor..doc,TA558 Targets Latin American Businesses with Image-Based Malware Attacks,Malware,2024
http://172.234.249.47/20090/kml.txt,TA558 Targets Latin American Businesses with Image-Based Malware Attacks,Malware,2024
http://107.175.113.202/800/whs/browserdeletedhistoryfromthepcforcleanentirecomputer..doc,TA558 Targets Latin American Businesses with Image-Based Malware Attacks,Malware,2024
http://172.245.208.126/260/wlanext.exe,TA558 Targets Latin American Businesses with Image-Based Malware Attacks,Malware,2024
http://94.156.65.225/microsoftdecidedtodesignnewproducttoupdateandupgradenewprojectthingsonthepcandsystem.doc,TA558 Targets Latin American Businesses with Image-Based Malware Attacks,Malware,2024
http://107.174.138.160/18060/cnn.exe,TA558 Targets Latin American Businesses with Image-Based Malware Attacks,Malware,2024
http://107.175.31.187/78009/ogs/mylifealwaysloveyousoomuchdearireallywanttomarryyoubutunluckyicant_____youalwaysmysweetheartineverforgetyoubecauseiloveyou..doc,TA558 Targets Latin American Businesses with Image-Based Malware Attacks,Malware,2024
http://192.3.179.162/2547/wlanext.exe,TA558 Targets Latin American Businesses with Image-Based Malware Attacks,Malware,2024
http://198.74.57.54/12233/imaginehighpic.jpg,TA558 Targets Latin American Businesses with Image-Based Malware Attacks,Malware,2024
http://107.175.31.187/78009/pixelimageslovepic.jpeg,TA558 Targets Latin American Businesses with Image-Based Malware Attacks,Malware,2024
http://107.173.4.15/gbn/mydearcutieireallyloveryoualwaysforgreatthingshappenedinsideofusforloverstogetreadyforthepointounderstandtheupdationforproccess..doc,TA558 Targets Latin American Businesses with Image-Based Malware Attacks,Malware,2024
http://23.94.239.93/smr/entireeyetmeneedupdationfortocleanallbugsfromthepcsoupdatingmsoffice..doc,TA558 Targets Latin American Businesses with Image-Based Malware Attacks,Malware,2024
http://172.232.170.236/5009/newlovestory.vbs,TA558 Targets Latin American Businesses with Image-Based Malware Attacks,Malware,2024
http://198.46.174.147/plk/microsfotdecidedtolaunchnewtechnologyforcreatenewproductsandservices..doc,TA558 Targets Latin American Businesses with Image-Based Malware Attacks,Malware,2024
http://70.34.220.238/ght/microsoftballondesignedbyentireprocesstoconfirmtheupdationtodevelopnewballonupdationrpcesstopcupdatepc..doc,TA558 Targets Latin American Businesses with Image-Based Malware Attacks,Malware,2024
http://192.3.179.133/www/microsoftdeltedentirefileschachehistoryfromthepcforclean..doc,TA558 Targets Latin American Businesses with Image-Based Malware Attacks,Malware,2024
http://23.94.206.107/5320/creativeidealove.vbs,TA558 Targets Latin American Businesses with Image-Based Malware Attacks,Malware,2024
http://192.3.179.162/sbg/microsofttoldemetheywanttodeletehistorycatchcookiefrommypc..doc,TA558 Targets Latin American Businesses with Image-Based Malware Attacks,Malware,2024
http://172.245.185.30/jhh/myheartgrowingbettr_______________________________________________________________________warmuptoundertandthegod..doc,TA558 Targets Latin American Businesses with Image-Based Malware Attacks,Malware,2024
http://172.245.208.34/tuesdayfilemorning.vbs,TA558 Targets Latin American Businesses with Image-Based Malware Attacks,Malware,2024
http://23.94.239.93/2355/mjx.txt,TA558 Targets Latin American Businesses with Image-Based Malware Attacks,Malware,2024
http://23.95.235.35/decentchatmakemeanewgirlfriendwhocanlovedmetrulyfromtheheartbecause___sheismygirlwithnewheartandallsheis.doc,TA558 Targets Latin American Businesses with Image-Based Malware Attacks,Malware,2024
http://147.185.243.107/45700/macc.txt,TA558 Targets Latin American Businesses with Image-Based Malware Attacks,Malware,2024
http://103.29.3.200/https/microsoftedgedeletedentirehistorycachefromthepc..doc,TA558 Targets Latin American Businesses with Image-Based Malware Attacks,Malware,2024
http://192.3.179.133/122/wlanext.exe,TA558 Targets Latin American Businesses with Image-Based Malware Attacks,Malware,2024
http://45.74.19.84/xampp/bkp/bkp1_vbs.jpg,TA558 Targets Latin American Businesses with Image-Based Malware Attacks,Malware,2024
http://172.245.208.3/440/ibmsever.vbs,TA558 Targets Latin American Businesses with Image-Based Malware Attacks,Malware,2024
http://172.232.170.236/24445/beforeloveme.vbs,TA558 Targets Latin American Businesses with Image-Based Malware Attacks,Malware,2024
http://198.46.173.145/xampp/mkn/ceinmaisafashiobutverygoodlovestoriesareinthrtounderstandhowtolove____agirlwithallmyheartstillalsoiloveheralotkissyou..doc,TA558 Targets Latin American Businesses with Image-Based Malware Attacks,Malware,2024
http://bolandraf.com/prostutefiles/droibase64mohammedupdatedfile.txt,TA558 Targets Latin American Businesses with Image-Based Malware Attacks,Malware,2024
http://192.3.95.135/xampp/hug/shewantihavetohughimtigtlyandshewillfeelgoodbeausesheisverybeautifulgirl___undestandhowmuchilovehretwith..doc,TA558 Targets Latin American Businesses with Image-Based Malware Attacks,Malware,2024
http://198.12.81.138/cis/microcontentcleanbysysteminformationaindustrymostsucessfullpersonintheworldtocontinuehittheprogram..doc,TA558 Targets Latin American Businesses with Image-Based Malware Attacks,Malware,2024
http://107.172.61.136/..-.....----------------------.......---------------------------..---.....-----/138..doc,TA558 Targets Latin American Businesses with Image-Based Malware Attacks,Malware,2024
http://23.95.60.74/roammamamamam.vbs,TA558 Targets Latin American Businesses with Image-Based Malware Attacks,Malware,2024
http://172.245.208.19/300/unsecapp.exe,TA558 Targets Latin American Businesses with Image-Based Malware Attacks,Malware,2024
http://66.228.43.8/www/microsoftedgedeletedhistorycachecookiefromthepc..doc,TA558 Targets Latin American Businesses with Image-Based Malware Attacks,Malware,2024
http://107.173.4.15/ezz/ezzmicrosfotdesignednewmethodofballoneupdationforbabyprocessforupgradeandupdateentierprocessfastetthanbefore..doc,TA558 Targets Latin American Businesses with Image-Based Malware Attacks,Malware,2024
http://172.233.130.11/win/microsofttoldemethattodeleteentirehistorycookiecachefromthepc..doc,TA558 Targets Latin American Businesses with Image-Based Malware Attacks,Malware,2024
http://107.175.113.202/whs/browserdeletedentirehistoryofthepctoclean..doc,TA558 Targets Latin American Businesses with Image-Based Malware Attacks,Malware,2024
http://172.245.208.19/win/unsecapp.exe,TA558 Targets Latin American Businesses with Image-Based Malware Attacks,Malware,2024
http://23.95.235.86/wdg/microsoftdeletedentirepccookiecachehistoryfromthepc..doc,TA558 Targets Latin American Businesses with Image-Based Malware Attacks,Malware,2024
http://192.3.95.131/www/oioi0oioioioi0oioii0ioioioioioioioi000oi00oioioi0ioio000000%23%23%23%23%23%23%23%23%23%23%23%23%23%230000000%23%23%23%23%23%23%23%23%23%23%23%23%23%23000000000..doc,TA558 Targets Latin American Businesses with Image-Based Malware Attacks,Malware,2024
http://192.3.241.235/1133/wlanext.exe,TA558 Targets Latin American Businesses with Image-Based Malware Attacks,Malware,2024
http://149.28.109.84/gb/microsoftprofilehasbeenpdatedwithnewtechnologytodeleteentireoldthingsfromthepc..doc,TA558 Targets Latin American Businesses with Image-Based Malware Attacks,Malware,2024
http://192.3.241.235/1132/wlanext.exe,TA558 Targets Latin American Businesses with Image-Based Malware Attacks,Malware,2024
http://107.175.113.202/500/whtmltrnsf.vbs,TA558 Targets Latin American Businesses with Image-Based Malware Attacks,Malware,2024
http://45.32.86.119/230/https/microsoftremovedhistorycachecookiefromedgetocleanpc..doc,TA558 Targets Latin American Businesses with Image-Based Malware Attacks,Malware,2024
http://103.183.114.5/5010/htmliebrowserhistory.vbs,TA558 Targets Latin American Businesses with Image-Based Malware Attacks,Malware,2024
http://192.3.179.162/jx/microsoftdeletedprofilehistorycachecookieverythingfromthepcformakeitstrong..doc,TA558 Targets Latin American Businesses with Image-Based Malware Attacks,Malware,2024
http://23.94.236.203/wq/ie_net.hta,TA558 Targets Latin American Businesses with Image-Based Malware Attacks,Malware,2024
http://198.46.174.147/wdw/dw/microsoftdecidedtodeleteentiredatafromthepchistorycookiecacheeverything..doc,TA558 Targets Latin American Businesses with Image-Based Malware Attacks,Malware,2024
http://172.234.249.47/20080/greatloverstory.vbs,TA558 Targets Latin American Businesses with Image-Based Malware Attacks,Malware,2024
http://207.32.219.82/4500/imagine00002.jpg,TA558 Targets Latin American Businesses with Image-Based Malware Attacks,Malware,2024
http://103.29.3.200/s1211m/wininit.exe,TA558 Targets Latin American Businesses with Image-Based Malware Attacks,Malware,2024
http://23.94.239.93/hcb/microsoftunderstandwhyneedtodeletecookiecacheverythinffromthepcindcludinghistory..doc,TA558 Targets Latin American Businesses with Image-Based Malware Attacks,Malware,2024
http://172.245.208.28/wedf/microsoftreturnedthrpolicytocontineutheserviceupdationfromthesystemprotocoltounderstandentireprocessfromth..doc,TA558 Targets Latin American Businesses with Image-Based Malware Attacks,Malware,2024
http://23.95.235.86/wmn/microsoftdecideddeleteeverythingfromthepccachecookiechistory..doc,TA558 Targets Latin American Businesses with Image-Based Malware Attacks,Malware,2024
http://198.12.81.138/3590/ielevelup.vbs,TA558 Targets Latin American Businesses with Image-Based Malware Attacks,Malware,2024
http://23.95.235.86/400/wlanext.exe,TA558 Targets Latin American Businesses with Image-Based Malware Attacks,Malware,2024
http://103.237.87.56/setup/bin.exe,TA558 Targets Latin American Businesses with Image-Based Malware Attacks,Malware,2024
http://154.38.188.98/7171/khk/kissinggreatwaytounderstandhowimkissingherwithlotofhearttounderstandyouaremygirliloveu_____sweethearttounderstandkissingmygirl..doc,TA558 Targets Latin American Businesses with Image-Based Malware Attacks,Malware,2024
http://172.245.208.3/sml/goodlearninghelptoreachaudiencetounderstandhowfastthisworldgoingonforideoretirments..doc,TA558 Targets Latin American Businesses with Image-Based Malware Attacks,Malware,2024
http://198.46.173.145/mkj/kissofyourlipswithlotofloveineverwanttokissherwithoutlovebecausesheismyheart____wefeeltokissherlisptrulyfromthehear..doc,TA558 Targets Latin American Businesses with Image-Based Malware Attacks,Malware,2024
http://198.12.81.138/3590/rev.txt,TA558 Targets Latin American Businesses with Image-Based Malware Attacks,Malware,2024
http://23.95.235.86/whd/cmd.bat,TA558 Targets Latin American Businesses with Image-Based Malware Attacks,Malware,2024
http://107.175.31.187/30008/cinemaimagepixel.jpg,TA558 Targets Latin American Businesses with Image-Based Malware Attacks,Malware,2024
http://198.12.81.138/480/asusns.exe,TA558 Targets Latin American Businesses with Image-Based Malware Attacks,Malware,2024
http://3.145.88.189/www/microsoftedgewantotdeleteentirehistorychachecookiefromthepctoclean..doc,TA558 Targets Latin American Businesses with Image-Based Malware Attacks,Malware,2024
http://107.173.4.5/cryptersandtoojjjjls.vbs,TA558 Targets Latin American Businesses with Image-Based Malware Attacks,Malware,2024
http://23.94.236.203/235/win.exe,TA558 Targets Latin American Businesses with Image-Based Malware Attacks,Malware,2024
http://23.95.235.10/210/wlanext.exe,TA558 Targets Latin American Businesses with Image-Based Malware Attacks,Malware,2024
http://bolandraf.com/prostutefiles/mondayvbsfileeee.vbss,TA558 Targets Latin American Businesses with Image-Based Malware Attacks,Malware,2024
http://147.185.243.107/45900/mah.txt,TA558 Targets Latin American Businesses with Image-Based Malware Attacks,Malware,2024
http://103.183.114.5/5010/whc/htmliebrowserhistorycleaner..doc,TA558 Targets Latin American Businesses with Image-Based Malware Attacks,Malware,2024
http://23.95.235.86/whd/microsoftdecidedtodeleteentirehistorycachecookieeverythingfromthepc..doc,TA558 Targets Latin American Businesses with Image-Based Malware Attacks,Malware,2024
http://72.14.187.87/win/wi/microsoftunderstandwhyimportanttodeleteentirecachecookiehistoryeverythingfromthepc..doc,TA558 Targets Latin American Businesses with Image-Based Malware Attacks,Malware,2024
http://172.245.163.139/windows/icreatedlovers.jpg,TA558 Targets Latin American Businesses with Image-Based Malware Attacks,Malware,2024
http://66.175.208.79/550/asusns.exe,TA558 Targets Latin American Businesses with Image-Based Malware Attacks,Malware,2024
http://107.173.229.146/175/wlanext2.exe,TA558 Targets Latin American Businesses with Image-Based Malware Attacks,Malware,2024
http://23.94.239.93/5060/browserclear.vbs,TA558 Targets Latin American Businesses with Image-Based Malware Attacks,Malware,2024
http://107.174.138.160/2350/cnn.exe,TA558 Targets Latin American Businesses with Image-Based Malware Attacks,Malware,2024
http://66.228.43.8/wed/microsoftdecidedtodeleteentirehistorycookiecachefrommypcforkeeppcsafe..doc,TA558 Targets Latin American Businesses with Image-Based Malware Attacks,Malware,2024
http://172.245.208.34/eveningdroid.vbs,TA558 Targets Latin American Businesses with Image-Based Malware Attacks,Malware,2024
http://107.173.4.15/4050/screenshort.jpg,TA558 Targets Latin American Businesses with Image-Based Malware Attacks,Malware,2024
http://70.34.220.238/5609/conhost.exe,TA558 Targets Latin American Businesses with Image-Based Malware Attacks,Malware,2024
http://198.23.156.251/42/wins.exe,TA558 Targets Latin American Businesses with Image-Based Malware Attacks,Malware,2024
http://23.94.206.107/9800/icreatedlove.jpg,TA558 Targets Latin American Businesses with Image-Based Malware Attacks,Malware,2024
http://172.245.214.91/base64droid.txt,TA558 Targets Latin American Businesses with Image-Based Malware Attacks,Malware,2024
http://147.124.214.183/new/micrososftdecidedtodeleteentirehistorycachecookieeverythingfromthepc..doc,TA558 Targets Latin American Businesses with Image-Based Malware Attacks,Malware,2024
http://172.245.208.19/119/wlanext.exe,TA558 Targets Latin American Businesses with Image-Based Malware Attacks,Malware,2024
http://192.3.179.162/hdw/microsoftdecidedtodeleteentirehistorycachecookieeverythingfromthepc..doc,TA558 Targets Latin American Businesses with Image-Based Malware Attacks,Malware,2024
http://207.32.219.82/3120/mah/whenufeeliloveyousoomuchthattimeuunderstandhowmuchiamlovingyouualwaysmygirlinever____wanttokissyoualotwithyouilove..doc,TA558 Targets Latin American Businesses with Image-Based Malware Attacks,Malware,2024
http://198.46.174.147/ssw/microsoftdeletedentirehistorycachecookieeverythingfromthepc..doc,TA558 Targets Latin American Businesses with Image-Based Malware Attacks,Malware,2024
http://107.173.4.15/35005/hza.txt,TA558 Targets Latin American Businesses with Image-Based Malware Attacks,Malware,2024
http://23.94.206.107/5255/jh/wemadeentirekisstolovemakemorebetterwaytounderstandtheallprcesshowhappeningeverywherewithnewupdaitonofkiddoflovetokisss..doc,TA558 Targets Latin American Businesses with Image-Based Malware Attacks,Malware,2024
http://172.233.129.114/800900/imagineloverskiss.jpg,TA558 Targets Latin American Businesses with Image-Based Malware Attacks,Malware,2024
http://23.94.206.107/3545/engh.txt,TA558 Targets Latin American Businesses with Image-Based Malware Attacks,Malware,2024
http://107.173.4.15/31009/bvg.txt,TA558 Targets Latin American Businesses with Image-Based Malware Attacks,Malware,2024
http://149.28.109.84/2550/microsoftprofile.vbs,TA558 Targets Latin American Businesses with Image-Based Malware Attacks,Malware,2024
http://23.95.235.10/510/asusns.exe,TA558 Targets Latin American Businesses with Image-Based Malware Attacks,Malware,2024
http://188.127.231.198/9090/imaginesamplies.jpg,TA558 Targets Latin American Businesses with Image-Based Malware Attacks,Malware,2024
http://23.94.239.93/3850/microsoftprofile.vbs,TA558 Targets Latin American Businesses with Image-Based Malware Attacks,Malware,2024
http://188.127.249.32/250/htmlbrowseriehistorycleaner.vbs,TA558 Targets Latin American Businesses with Image-Based Malware Attacks,Malware,2024
http://103.183.114.5/htm/.documentdeletedbymicrosoftedgeforcleanpurpose..doc,TA558 Targets Latin American Businesses with Image-Based Malware Attacks,Malware,2024
http://172.232.172.53/gts/x......x..........x...doc,TA558 Targets Latin American Businesses with Image-Based Malware Attacks,Malware,2024
http://23.95.122.104/htm/1/htmlbrowseriechromehistorycleaner..doc,TA558 Targets Latin American Businesses with Image-Based Malware Attacks,Malware,2024
http://149.28.109.84/mjh/microsoftupgradedeverythingfromthepcfortomanagedatabasefromtheserverrtocleanentierthings..doc,TA558 Targets Latin American Businesses with Image-Based Malware Attacks,Malware,2024
http://23.95.235.10/390/sihost.exe,TA558 Targets Latin American Businesses with Image-Based Malware Attacks,Malware,2024
http://198.12.89.23/hth/loeisthebestpersonforeveryonetounderstandhowimportantforutounderstandgoodthingsevermadewithleolovertogetbacktomegreatthings..doc,TA558 Targets Latin American Businesses with Image-Based Malware Attacks,Malware,2024
http://147.185.243.107/xampp/kbo/wqs.txt,TA558 Targets Latin American Businesses with Image-Based Malware Attacks,Malware,2024
http://23.94.206.107/3545/en/imageinethegreatcoffeemadeforeverybodytoloveandenjoythe____perfectcoffeefrommysidetounderstandhowperfectitistogetcoffeefromme..doc,TA558 Targets Latin American Businesses with Image-Based Malware Attacks,Malware,2024
http://198.12.81.158/7690/cnn.exe,TA558 Targets Latin American Businesses with Image-Based Malware Attacks,Malware,2024
http://107.173.4.15/hmx/microsoftredesinglocaltochildprocessasballonforentirecustomerprocesshappenveryfasterthanbeforetoupdatepcfrompc..doc,TA558 Targets Latin American Businesses with Image-Based Malware Attacks,Malware,2024
http://107.174.138.160/2500/cnn.exe,TA558 Targets Latin American Businesses with Image-Based Malware Attacks,Malware,2024
http://172.232.170.236/24445/wse.txt,TA558 Targets Latin American Businesses with Image-Based Malware Attacks,Malware,2024
http://107.174.138.160/1200/cnn.exe,TA558 Targets Latin American Businesses with Image-Based Malware Attacks,Malware,2024
http://198.12.81.138/html/browserdeletedentirehistoryfromthepcforclean..doc,TA558 Targets Latin American Businesses with Image-Based Malware Attacks,Malware,2024
http://23.95.235.35/latinoooamexxx.vbs,TA558 Targets Latin American Businesses with Image-Based Malware Attacks,Malware,2024
http://158.220.80.156/6050/imaginegreat.jpg,TA558 Targets Latin American Businesses with Image-Based Malware Attacks,Malware,2024
http://23.95.60.74/weareinlovewithmygirlfriendunderstandhowitistoget___youareverybeautifilformeiloveusoomuchalwaysloveutrulyfromtheheartlove.doc,TA558 Targets Latin American Businesses with Image-Based Malware Attacks,Malware,2024
http://107.173.4.15/hgj/microsoftdesignednewtechnologyforlovetoupdatenewthingsforgreatthingshappenedaroundtheworldtofocusfornewthingstodesign..doc,TA558 Targets Latin American Businesses with Image-Based Malware Attacks,Malware,2024
http://103.237.87.56/link/anki.exe,TA558 Targets Latin American Businesses with Image-Based Malware Attacks,Malware,2024
http://192.3.108.47/we/3/gucci.hta,TA558 Targets Latin American Businesses with Image-Based Malware Attacks,Malware,2024
http://103.67.162.213/xampp/kbm/kbm/ilovehimtrulyfrommediafxpixelhandtreatedbymediapixelnetworkstilleverythinggodd____sweetkissigivenheronneckandfacetoget..doc,TA558 Targets Latin American Businesses with Image-Based Malware Attacks,Malware,2024
http://94.156.69.17/xampp/bll/leeisagoodmanwholovedhertrulyfromtheheartsheismycutegirl____ilovehertrulyfromtheheartwithallmylovetokissyousuccess..doc,TA558 Targets Latin American Businesses with Image-Based Malware Attacks,Malware,2024
http://198.74.57.54/13355/rrt/magicloverstillalsolovingthemagicofkissingandeverythingtheythinkingitstheyloverknowwelll______sheismybabygirlwhoilovehersoomuchiloveyoukiss..doc,TA558 Targets Latin American Businesses with Image-Based Malware Attacks,Malware,2024
http://45.32.86.119/230/htmljson.vbs,TA558 Targets Latin American Businesses with Image-Based Malware Attacks,Malware,2024
http://107.175.113.204/6080/htm/htmliebrowserhtml..doc,TA558 Targets Latin American Businesses with Image-Based Malware Attacks,Malware,2024
http://45.74.19.84/xampp/bkp/vbs_novo_new_image.jpg,TA558 Targets Latin American Businesses with Image-Based Malware Attacks,Malware,2024
http://198.12.89.23/6700/gvt.txt,TA558 Targets Latin American Businesses with Image-Based Malware Attacks,Malware,2024
http://192.3.108.47/2114/ff/rblnetwork.vbs,TA558 Targets Latin American Businesses with Image-Based Malware Attacks,Malware,2024
http://192.3.179.162/ssh/microsoftedgedeletedentirehistorycachehistoryfromthepc..doc,TA558 Targets Latin American Businesses with Image-Based Malware Attacks,Malware,2024
http://23.95.235.86/301/wlanext.exe,TA558 Targets Latin American Businesses with Image-Based Malware Attacks,Malware,2024
http://107.173.229.146/hgh/microsoftdecidedtodeleteentirehistoryfrmthepcforcookiecacheeverthingdelete..doc,TA558 Targets Latin American Businesses with Image-Based Malware Attacks,Malware,2024
http://172.245.163.139/9088/imaginepixel.jpeg,TA558 Targets Latin American Businesses with Image-Based Malware Attacks,Malware,2024
http://103.29.3.200/www/microsoftbrwoseredgedeletedenitrehistorycachefromthepctoclean..doc,TA558 Targets Latin American Businesses with Image-Based Malware Attacks,Malware,2024
http://bolandraf.com/prostutefiles/droidpedophylebase64.txt,TA558 Targets Latin American Businesses with Image-Based Malware Attacks,Malware,2024
http://23.94.239.93/3850/gsx.txt,TA558 Targets Latin American Businesses with Image-Based Malware Attacks,Malware,2024
http://192.3.179.133/400/sihost.exe,TA558 Targets Latin American Businesses with Image-Based Malware Attacks,Malware,2024
http://172.245.208.19/https/microsoftdeletedentireedgehistorycachecookiecleanfromthepc..doc,TA558 Targets Latin American Businesses with Image-Based Malware Attacks,Malware,2024
http://172.245.208.28/wdc/microsoftwindowsneedsuchanupdationfromthepeopleswhotakeofficefilesfromthecomputer..doc,TA558 Targets Latin American Businesses with Image-Based Malware Attacks,Malware,2024
http://172.245.185.30/70033/createsurelove.vbs,TA558 Targets Latin American Businesses with Image-Based Malware Attacks,Malware,2024
http://172.245.208.3/spc/msofficeinternationaltransferfromoldoffietonewofficeisanamazingprojectwhichbuildbyinsternationalstandarardforpriject..doc,TA558 Targets Latin American Businesses with Image-Based Malware Attacks,Malware,2024
http://103.237.87.56/xampp/ffd/vbn/binwinthisbeautifulmomentwithlovestorytounderstandhowmuchiloveu____sweetkissonurheadwithseetloveforyou..doc,TA558 Targets Latin American Businesses with Image-Based Malware Attacks,Malware,2024
http://172.245.208.19/html/browserdeletedhistoryfrompcforclean..doc,TA558 Targets Latin American Businesses with Image-Based Malware Attacks,Malware,2024
http://192.3.95.135/s2403m/wininit.exe,TA558 Targets Latin American Businesses with Image-Based Malware Attacks,Malware,2024
http://147.185.243.107/45700/beautifulglobe.jpg,TA558 Targets Latin American Businesses with Image-Based Malware Attacks,Malware,2024
http://107.175.113.216/xampp/krm/krmc.txt,TA558 Targets Latin American Businesses with Image-Based Malware Attacks,Malware,2024
http://107.175.113.216/xampp/krm/pixelimagesview.jpg,TA558 Targets Latin American Businesses with Image-Based Malware Attacks,Malware,2024
http://23.94.239.93/mj/updationavailableformisofficetocleanofficfilesandupdationsforclearpcfromthehk..doc,TA558 Targets Latin American Businesses with Image-Based Malware Attacks,Malware,2024
http://207.32.219.82/7050/snk.txt,TA558 Targets Latin American Businesses with Image-Based Malware Attacks,Malware,2024
http://107.172.61.136/..-.....----------------------.......---------------------------..---.....-----/138.doc,TA558 Targets Latin American Businesses with Image-Based Malware Attacks,Malware,2024
http://23.94.206.107/75090/imagering.jpg,TA558 Targets Latin American Businesses with Image-Based Malware Attacks,Malware,2024
http://188.127.249.32/250/nbc.txt,TA558 Targets Latin American Businesses with Image-Based Malware Attacks,Malware,2024
http://23.94.206.107/5325/creativenewidea.vbs,TA558 Targets Latin American Businesses with Image-Based Malware Attacks,Malware,2024
http://198.23.156.251/ibm/2/ibmibmibmibmibmibmibmibmibbimbimb%23%23%23%23%23%23%23%23%23%23%23%23%23%23%23%23%23%23ibmibmibmbimbibmibmibmibm..doc,TA558 Targets Latin American Businesses with Image-Based Malware Attacks,Malware,2024
http://172.245.208.34/icreatedloveonherheartwithnewthingswhichwillunderstand_____howiamlovingherwithlotoofheartwithlove.doc,TA558 Targets Latin American Businesses with Image-Based Malware Attacks,Malware,2024
http://198.46.176.159/57006/cnn.exe,TA558 Targets Latin American Businesses with Image-Based Malware Attacks,Malware,2024
http://23.94.239.93/3121/microsoftdecided.vbs,TA558 Targets Latin American Businesses with Image-Based Malware Attacks,Malware,2024
http://147.124.214.183/new/cloudeyescript.vbs,TA558 Targets Latin American Businesses with Image-Based Malware Attacks,Malware,2024
http://103.67.162.213/xampp/kbm/rmb.txt,TA558 Targets Latin American Businesses with Image-Based Malware Attacks,Malware,2024
http://23.94.239.119/112/vbc.exe,TA558 Targets Latin American Businesses with Image-Based Malware Attacks,Malware,2024
http://66.175.208.79/htm/brwoserdeletedentirehistoryfromthepcforclean..doc,TA558 Targets Latin American Businesses with Image-Based Malware Attacks,Malware,2024
http://107.173.4.5/babuchattangoodforeveryonetohandlethenewthingsforhimgoodandgreafor.doc,TA558 Targets Latin American Businesses with Image-Based Malware Attacks,Malware,2024
http://172.245.208.126/ssh/microsfotedgedeletedhistorycachecookieentirethingsfromthepc..doc,TA558 Targets Latin American Businesses with Image-Based Malware Attacks,Malware,2024
http://107.174.138.160/crr/iaminlovewithsomeoneshecuteandtrulyyoungunluckyshenotundersatnd_howmuchiloveherbutitsallgreatwithtrueloveriamgivingyou..doc,TA558 Targets Latin American Businesses with Image-Based Malware Attacks,Malware,2024
http://198.12.81.158/5505/nss.exe,TA558 Targets Latin American Businesses with Image-Based Malware Attacks,Malware,2024
http://172.245.208.28/3454/conhost.exe,TA558 Targets Latin American Businesses with Image-Based Malware Attacks,Malware,2024
http://147.185.243.107/45800/imagepixelcreated.jpg,TA558 Targets Latin American Businesses with Image-Based Malware Attacks,Malware,2024
http://23.95.235.86/wmn/wm/redbull.bat,TA558 Targets Latin American Businesses with Image-Based Malware Attacks,Malware,2024
http://23.94.239.93/hcl/microsoftunderstandhowimportanttodeleteeverythingcookiiecachehistoryfromthepc..doc,TA558 Targets Latin American Businesses with Image-Based Malware Attacks,Malware,2024
http://103.198.26.111/45008/conhost.exe,TA558 Targets Latin American Businesses with Image-Based Malware Attacks,Malware,2024
http://50.3.182.140/wew/i0oiioioi0ioii0oiioi0ioiooi0i00i0i0iooi0ioi0ioi0oi0ioi0000%23%23%23%23%23%23%23%23%23%23%23%23%23%230000000%23%23%23%23%23%23%23%23%23%23%23%23%23%230000000..doc,TA558 Targets Latin American Businesses with Image-Based Malware Attacks,Malware,2024
http://172.245.208.19/200/wlanext.exe,TA558 Targets Latin American Businesses with Image-Based Malware Attacks,Malware,2024
http://23.95.235.10/html/browserhistorydeleteallfrompctocleanbroallfrompc..doc,TA558 Targets Latin American Businesses with Image-Based Malware Attacks,Malware,2024
http://23.94.239.93/1155/microsoftcookieclean.vbs,TA558 Targets Latin American Businesses with Image-Based Malware Attacks,Malware,2024
http://149.28.109.84/hj/microsoftprofileupdatedwithcookiehistorycacheeverythingtodeletefromthepc..doc,TA558 Targets Latin American Businesses with Image-Based Malware Attacks,Malware,2024
http://192.3.179.162/3010/wlanext.exe,TA558 Targets Latin American Businesses with Image-Based Malware Attacks,Malware,2024
http://107.175.31.187/8808/efg.txt,TA558 Targets Latin American Businesses with Image-Based Malware Attacks,Malware,2024
http://192.3.241.235/ssh/microsoftdeletedentirehistorycachecookiefromthepc..doc,TA558 Targets Latin American Businesses with Image-Based Malware Attacks,Malware,2024
http://188.127.249.32/cvg/hclcleanupcachecookiebacupcleanall..doc,TA558 Targets Latin American Businesses with Image-Based Malware Attacks,Malware,2024
http://23.95.235.35/eurpatoday15th.txt,TA558 Targets Latin American Businesses with Image-Based Malware Attacks,Malware,2024
http://141.98.10.56/hml/htmliebrowserclearcachehistory..doc,TA558 Targets Latin American Businesses with Image-Based Malware Attacks,Malware,2024
http://104.247.204.205/microsoftdetecthistorycachecookieentirethingsfromthepcfordelete.doc,TA558 Targets Latin American Businesses with Image-Based Malware Attacks,Malware,2024
http://172.245.163.139/2353/candyman.vbs,TA558 Targets Latin American Businesses with Image-Based Malware Attacks,Malware,2024
http://192.3.179.133/html/1/htmlbrowserhistorydeletedbymictosfotedge..doc,TA558 Targets Latin American Businesses with Image-Based Malware Attacks,Malware,2024
http://23.94.206.107/3545/pixelimage.jpeg,TA558 Targets Latin American Businesses with Image-Based Malware Attacks,Malware,2024
http://103.186.65.80/79/audiodgse.exe,TA558 Targets Latin American Businesses with Image-Based Malware Attacks,Malware,2024
http://198.74.57.54/12233/wess/metellyouthatikissherhardwithmysweetlipsandshesaidshewantmorekissfrommeitrulyloveherwithallmyheart______shewantmylovetrulyandveryhardly..doc,TA558 Targets Latin American Businesses with Image-Based Malware Attacks,Malware,2024
http://172.232.172.53/rfr/microsoftupdationgoingformicrosoftofficeupgradingtonewmsofficeprotoecoltoreducethesystemtestenoguh.doc,TA558 Targets Latin American Businesses with Image-Based Malware Attacks,Malware,2024
http://172.232.163.207/wee/microsoftbabyprojectstartedwithlotofhappinessitscalledballonprojectwhichdesignedtomakeallupdationsfasterthanbeforeonthepc..doc,TA558 Targets Latin American Businesses with Image-Based Malware Attacks,Malware,2024
http://172.245.208.28/hjk/msworldwidenamespreadingaroundtheowrldtoorigantixationtodevelopnewproductforfutureprupeorps..doc,TA558 Targets Latin American Businesses with Image-Based Malware Attacks,Malware,2024
http://172.232.170.236/ghf/dudeisagoodnametounderstandhowfastwecanwinthisindustrytodevelopnewthingswithoutanykindofloveoractiontolovethethings..doc,TA558 Targets Latin American Businesses with Image-Based Malware Attacks,Malware,2024
http://23.95.235.35/iurupaaaaaaa.txt,TA558 Targets Latin American Businesses with Image-Based Malware Attacks,Malware,2024
http://192.99.190.119/img/uwp4246971.png,TA558 Targets Latin American Businesses with Image-Based Malware Attacks,Malware,2024
http://103.133.104.112/rf/iotiotiotiotiot%23%23%23%23%23%23%23%23%23%23%23%23%23%23%23%23%23%23%23%23%23%23%23%23%23%23%23%23%23%23iotiotiotiotiotiot..doc,TA558 Targets Latin American Businesses with Image-Based Malware Attacks,Malware,2024
http://66.228.43.8/htc/microsoftcleanedpchistorycachecookietemporyfilesentirethingsfrompc..doc,TA558 Targets Latin American Businesses with Image-Based Malware Attacks,Malware,2024
http://103.29.3.200/w0811t/wininit.exe,TA558 Targets Latin American Businesses with Image-Based Malware Attacks,Malware,2024
http://192.3.179.162/wg/microsoftdecidedtodeleteentirepatternfromtheosforprotectcustomerfromthenewtechnologies..doc,TA558 Targets Latin American Businesses with Image-Based Malware Attacks,Malware,2024
http://172.86.76.208/250/audiodg.vbs,TA558 Targets Latin American Businesses with Image-Based Malware Attacks,Malware,2024
http://107.175.31.187/45008/hgt/iwanttokeepintouchwithyoubecausesheisveryfinebecauseiwanttoinformyouthat____itsverygoodtoheartthateverythingfine.doc,TA558 Targets Latin American Businesses with Image-Based Malware Attacks,Malware,2024
http://149.28.109.84/3020/upgradedoffice.vbs,TA558 Targets Latin American Businesses with Image-Based Malware Attacks,Malware,2024
http://103.67.162.213/m2503t/smss.exe,TA558 Targets Latin American Businesses with Image-Based Malware Attacks,Malware,2024
http://192.3.179.162/huj/microsoftdeletedentirehistorywhichneedtocleareverythingformthepcfor..doc,TA558 Targets Latin American Businesses with Image-Based Malware Attacks,Malware,2024
http://107.173.4.15/2008/iscreen.jpg,TA558 Targets Latin American Businesses with Image-Based Malware Attacks,Malware,2024
http://198.46.174.147/350/wlanext.exe,TA558 Targets Latin American Businesses with Image-Based Malware Attacks,Malware,2024
http://198.46.176.175/4545/ala.txt,TA558 Targets Latin American Businesses with Image-Based Malware Attacks,Malware,2024
http://172.245.208.19/www/microsoftbrowseredgeentierhistorycachedeletedsuccessfully..doc,TA558 Targets Latin American Businesses with Image-Based Malware Attacks,Malware,2024
http://94.156.65.225/packedtpodododod.exe,TA558 Targets Latin American Businesses with Image-Based Malware Attacks,Malware,2024
http://83.137.157.51/4545/sampleimage.jpeg,TA558 Targets Latin American Businesses with Image-Based Malware Attacks,Malware,2024
http://107.175.113.216/pastor/abzyvhxf.exe,TA558 Targets Latin American Businesses with Image-Based Malware Attacks,Malware,2024
http://198.46.173.145/90800/cnn.exe,TA558 Targets Latin American Businesses with Image-Based Malware Attacks,Malware,2024
http://192.3.108.47/msoffice/securityhealthsystray.exe,TA558 Targets Latin American Businesses with Image-Based Malware Attacks,Malware,2024
http://23.94.239.93/3855/wln/cmd.bat,TA558 Targets Latin American Businesses with Image-Based Malware Attacks,Malware,2024
http://198.46.174.147/lkj/lk/microsoftdecidedtodeleteentirethigsfromympcforcleancookiecachehistory..doc,TA558 Targets Latin American Businesses with Image-Based Malware Attacks,Malware,2024
http://198.46.176.159/xampp/raz/ra/wandloverskeepingthridentitypersoanllyforkissingpurposefromotherswholovingmetruly______ireallyloveheralotwithlotofhearttrulykiss..doc,TA558 Targets Latin American Businesses with Image-Based Malware Attacks,Malware,2024
http://172.245.208.28/2400/conhost.exe,TA558 Targets Latin American Businesses with Image-Based Malware Attacks,Malware,2024
http://3.145.88.189/140/wlanext.exe,TA558 Targets Latin American Businesses with Image-Based Malware Attacks,Malware,2024
http://193.56.255.218/15005/mho/mhd.txt,TA558 Targets Latin American Businesses with Image-Based Malware Attacks,Malware,2024
http://107.173.229.146/www/microsoftedgedeletedentirehistorycachefromthepctoclean..doc,TA558 Targets Latin American Businesses with Image-Based Malware Attacks,Malware,2024
http://23.94.239.93/wed/microsoftdecidedtoupdateentirethingsonthepctodeletehistorycachecookieverythingfromthepc..doc,TA558 Targets Latin American Businesses with Image-Based Malware Attacks,Malware,2024
http://103.67.162.213/6090/fgf.txt,TA558 Targets Latin American Businesses with Image-Based Malware Attacks,Malware,2024
http://198.46.176.175/4545/imaginethepixelgood.jpg,TA558 Targets Latin American Businesses with Image-Based Malware Attacks,Malware,2024
http://107.175.31.187/45008/hgt/iwanttokeepintouchwithyoubecausesheisveryfinebecauseiwanttoinformyouthat____itsverygoodtoheartthateverythingfine..doc,TA558 Targets Latin American Businesses with Image-Based Malware Attacks,Malware,2024
http://107.173.229.146/wdw/microsoftdeletedentirethingsfromthepccachecookiehistoryeverything..doc,TA558 Targets Latin American Businesses with Image-Based Malware Attacks,Malware,2024
http://207.32.219.82/3130/mhto/imageinetheloveofactionhappenedeverytimeyoudidseetheamazingaction___weareinheretounderstandhowmuchiamlovingyou..doc,TA558 Targets Latin American Businesses with Image-Based Malware Attacks,Malware,2024
http://107.173.4.15/25009/ews.txt,TA558 Targets Latin American Businesses with Image-Based Malware Attacks,Malware,2024
http://103.198.26.111/fh/fhh/streetloverkissyoureallygreatwaytoavoidthekiss_________________________________________________iloveyousomuchreallyloveyou..doc,TA558 Targets Latin American Businesses with Image-Based Malware Attacks,Malware,2024
http://23.95.235.10/https/microsoftdeletededgehistorycachecookiefromthepc..doc,TA558 Targets Latin American Businesses with Image-Based Malware Attacks,Malware,2024
http://172.232.163.207/krss/microsoftdecentupdationprocessforentireballonprojectdevelopmentstoupdateentirepcupdationfasterthanbeforewithupdatepc..doc,TA558 Targets Latin American Businesses with Image-Based Malware Attacks,Malware,2024
http://149.28.109.84/mj/upgradedmicrosoftofficeworkfordeleteentirepcofficeoldupdationstocleanpcfromthehk..doc,TA558 Targets Latin American Businesses with Image-Based Malware Attacks,Malware,2024
http://192.3.108.47/iso/audiodgse.vbs,TA558 Targets Latin American Businesses with Image-Based Malware Attacks,Malware,2024
http://192.3.179.133/410/sihost.exe,TA558 Targets Latin American Businesses with Image-Based Malware Attacks,Malware,2024
http://103.29.3.200/t1411w/wininit.exe,TA558 Targets Latin American Businesses with Image-Based Malware Attacks,Malware,2024
http://107.175.31.187/30008/vbg/verysurekisscanbreakallmyheartwithlotofloveireallyloveheralotwithallmyheartsheismyheartbecause_____ilovehertrulyfromtheheartbecausesheismyheartbeat.doc,TA558 Targets Latin American Businesses with Image-Based Malware Attacks,Malware,2024
http://23.94.236.203/wq/wqzwqzwqzwqzwqzwqzwqzwqzwqz%23%23%23%23%23%23%23%23%23%23%23%23%23%23%23%23%23%23wqzwqzwqszwqa..doc,TA558 Targets Latin American Businesses with Image-Based Malware Attacks,Malware,2024
http://172.232.8.161/7009/srvv/kissyoulaterbuttrulyiloveyousoomuchfrontheheartonedaytrulyiwillkissyouseriouslybutstillicant____ilovegoodwayforubutnothingicando..doc,TA558 Targets Latin American Businesses with Image-Based Malware Attacks,Malware,2024
http://192.3.108.47/2114/ubc.txt,TA558 Targets Latin American Businesses with Image-Based Malware Attacks,Malware,2024
http://172.245.208.28/3636/conhost.exe,TA558 Targets Latin American Businesses with Image-Based Malware Attacks,Malware,2024
http://23.95.122.104/1727/igcc.exe,TA558 Targets Latin American Businesses with Image-Based Malware Attacks,Malware,2024
http://147.185.243.107/xampp/kbo/createideasimage.jpg,TA558 Targets Latin American Businesses with Image-Based Malware Attacks,Malware,2024
http://107.175.113.216/pastor/czlsl.pdf,TA558 Targets Latin American Businesses with Image-Based Malware Attacks,Malware,2024
http://192.3.95.216/tuesdayfreshmorning.vbs,TA558 Targets Latin American Businesses with Image-Based Malware Attacks,Malware,2024
http://188.127.231.198/70800/jhi/imeaniamagoodboytounderstandhowsimplyicanhandlethegirlfrommysidetokissherlips___withoutanykindofloveandkissharder..doc,TA558 Targets Latin American Businesses with Image-Based Malware Attacks,Malware,2024
https://github.com/microsoft/vcpkg/files/14125503/cheat.lab.2.7.2.zip,Infostealer Malware Disguised as Cheats,Malware,2024
https://github.com/microsoft/stl/files/14432565/cheater.pro.1.6.0.zip,Infostealer Malware Disguised as Cheats,Malware,2024
http://www.netportal.or.kr/common/css/ham.js,ToddyCat Hackers Target Governments with Sophisticated Tools,Malware,2024
http://23.106.122.5/hamcore.se2,ToddyCat Hackers Target Governments with Sophisticated Tools,Malware,2024
https://etracking.nso.go.th/userfiles/file/111/hamcore.se2,ToddyCat Hackers Target Governments with Sophisticated Tools,Malware,2024
https://etracking.nso.go.th/userfiles/file/111/tasklist.exe,ToddyCat Hackers Target Governments with Sophisticated Tools,Malware,2024
http://www.netportal.or.kr/common/css/main.js,ToddyCat Hackers Target Governments with Sophisticated Tools,Malware,2024
ha.bbmouseme.com,ToddyCat Hackers Target Governments with Sophisticated Tools,Malware,2024
https://80.66.75.238:3030/,TargetCompany Leverages Mallox Ransomware in MS-SQL Server Attacks,Malware,2024
http://42.193.223.169/extensioncompabilitynode.exe,TargetCompany Leverages Mallox Ransomware in MS-SQL Server Attacks,Malware,2024
https://5.188.86.237:3030/,TargetCompany Leverages Mallox Ransomware in MS-SQL Server Attacks,Malware,2024
http://gemcreedarticulateod.shop/api,New CoralRaider Campaign Uses CDN Cache to Distribute Info-Stealer Malware,Malware,2024
http://zexodown-2.b-cdn.net/peta12,New CoralRaider Campaign Uses CDN Cache to Distribute Info-Stealer Malware,Malware,2024
http://peasanthovecapspll.shop/api,New CoralRaider Campaign Uses CDN Cache to Distribute Info-Stealer Malware,Malware,2024
http://metrodown-3.b-cdn.net/mebl1,New CoralRaider Campaign Uses CDN Cache to Distribute Info-Stealer Malware,Malware,2024
http://techsheck.b-cdn.net/zen90,New CoralRaider Campaign Uses CDN Cache to Distribute Info-Stealer Malware,Malware,2024
http://kbeight8sb.top/upload.php,New CoralRaider Campaign Uses CDN Cache to Distribute Info-Stealer Malware,Malware,2024
http://triangleseasonbenchwj.shop/api,New CoralRaider Campaign Uses CDN Cache to Distribute Info-Stealer Malware,Malware,2024
http://culturesketchfinanciall.shop/api,New CoralRaider Campaign Uses CDN Cache to Distribute Info-Stealer Malware,Malware,2024
http://denv-2.b-cdn.net/febl4,New CoralRaider Campaign Uses CDN Cache to Distribute Info-Stealer Malware,Malware,2024
http://liabilityarrangemenyit.shop/api,New CoralRaider Campaign Uses CDN Cache to Distribute Info-Stealer Malware,Malware,2024
http://secretionsuitcasenioise.shop/api,New CoralRaider Campaign Uses CDN Cache to Distribute Info-Stealer Malware,Malware,2024
http://kzeight8ht.top/upload.php,New CoralRaider Campaign Uses CDN Cache to Distribute Info-Stealer Malware,Malware,2024
http://kbeight8ht.top/upload.php,New CoralRaider Campaign Uses CDN Cache to Distribute Info-Stealer Malware,Malware,2024
http://modestessayevenmilwek.shop/api,New CoralRaider Campaign Uses CDN Cache to Distribute Info-Stealer Malware,Malware,2024
http://sofahuntingslidedine.shop/api,New CoralRaider Campaign Uses CDN Cache to Distribute Info-Stealer Malware,Malware,2024
http://dbeight8pt.top/zip.php,New CoralRaider Campaign Uses CDN Cache to Distribute Info-Stealer Malware,Malware,2024
http://metrodown-2.b-cdn.net/saq2,New CoralRaider Campaign Uses CDN Cache to Distribute Info-Stealer Malware,Malware,2024
http://kveight8sb.top/zip.php,New CoralRaider Campaign Uses CDN Cache to Distribute Info-Stealer Malware,Malware,2024
http://metrodown-2.b-cdn.net/mebl1,New CoralRaider Campaign Uses CDN Cache to Distribute Info-Stealer Malware,Malware,2024
http://denv-2.b-cdn.net/febl5,New CoralRaider Campaign Uses CDN Cache to Distribute Info-Stealer Malware,Malware,2024
http://kbeight8vs.top/upload.php,New CoralRaider Campaign Uses CDN Cache to Distribute Info-Stealer Malware,Malware,2024
http://claimconcessionrebe.shop/api,New CoralRaider Campaign Uses CDN Cache to Distribute Info-Stealer Malware,Malware,2024
http://kbeight8pn.top/upload.php,New CoralRaider Campaign Uses CDN Cache to Distribute Info-Stealer Malware,Malware,2024
http://download-main5.b-cdn.net/bsr_v7idcc,New CoralRaider Campaign Uses CDN Cache to Distribute Info-Stealer Malware,Malware,2024
ns.srnmicro.net,Hackers Exploit Antivirus Updates to Spread GuptiMiner Malware,Malware,2024
m.guterman.net,Hackers Exploit Antivirus Updates to Spread GuptiMiner Malware,Malware,2024
ns.editaccess.com,Hackers Exploit Antivirus Updates to Spread GuptiMiner Malware,Malware,2024
b.guterman.net,Hackers Exploit Antivirus Updates to Spread GuptiMiner Malware,Malware,2024
p.hashvault.pro,Hackers Exploit Antivirus Updates to Spread GuptiMiner Malware,Malware,2024
dl.sneakerhost.com,Hackers Exploit Antivirus Updates to Spread GuptiMiner Malware,Malware,2024
ns1.sneakerhost.com,Hackers Exploit Antivirus Updates to Spread GuptiMiner Malware,Malware,2024
wireoneinternet.info,"Multistage Attack Targets Systems with SSLoad, Cobalt Strike",Malware,2024
maramaravilha.com,"Multistage Attack Targets Systems with SSLoad, Cobalt Strike",Malware,2024
kasnackamarch.info,"Multistage Attack Targets Systems with SSLoad, Cobalt Strike",Malware,2024
skinnyjeanso.com,"Multistage Attack Targets Systems with SSLoad, Cobalt Strike",Malware,2024
stratimasesstr.com,"Multistage Attack Targets Systems with SSLoad, Cobalt Strike",Malware,2024
globalsolutionunlimitedltd.com,"Multistage Attack Targets Systems with SSLoad, Cobalt Strike",Malware,2024
danteshpk.com,"Multistage Attack Targets Systems with SSLoad, Cobalt Strike",Malware,2024
krd6.com,"Multistage Attack Targets Systems with SSLoad, Cobalt Strike",Malware,2024
simplyfitphilly.com,"Multistage Attack Targets Systems with SSLoad, Cobalt Strike",Malware,2024
sokingscrosshotel.com,"Multistage Attack Targets Systems with SSLoad, Cobalt Strike",Malware,2024
titnovacrion.top,"Multistage Attack Targets Systems with SSLoad, Cobalt Strike",Malware,2024
mmtixmm.org,"Multistage Attack Targets Systems with SSLoad, Cobalt Strike",Malware,2024
winarkamaps.com,"Multistage Attack Targets Systems with SSLoad, Cobalt Strike",Malware,2024
https://85.239.54.190/ws01cs03/g,"Multistage Attack Targets Systems with SSLoad, Cobalt Strike",Malware,2024
https://23.159.160.88/ws01cs03/g,"Multistage Attack Targets Systems with SSLoad, Cobalt Strike",Malware,2024
http://ur8ly.com/asy2xr,RemcosRAT Spreads Through Steganography,Malware,2024
https://paste.ee/deh1g4,RemcosRAT Spreads Through Steganography,Malware,2024
http://t9z.lol/imvlbzv05w,Black Hat SEO Techniques Exploited for Malware Distribution,Malware,2024
http://good2-led.com/dark4.bs64,LegionLoader Malware Exploiting Chrome Extensions for Financial Theft,Malware,2024
http://1blob.monster/pidaras/142.bin,Black Hat SEO Techniques Exploited for Malware Distribution,Malware,2024
http://aprel88.com/getlicenseinfo.php?requirements=time&checkmethod=2,Black Hat SEO Techniques Exploited for Malware Distribution,Malware,2024
abcceleb.weebly.com,Black Hat SEO Techniques Exploited for Malware Distribution,Malware,2024
tbsoha.weebly.com,Black Hat SEO Techniques Exploited for Malware Distribution,Malware,2024
texasgroovy657.weebly.com,Black Hat SEO Techniques Exploited for Malware Distribution,Malware,2024
debtcrack.weebly.com,Black Hat SEO Techniques Exploited for Malware Distribution,Malware,2024
divafasr820.weebly.com,Black Hat SEO Techniques Exploited for Malware Distribution,Malware,2024
engangry.weebly.com,Black Hat SEO Techniques Exploited for Malware Distribution,Malware,2024
generouseu.weebly.com,Black Hat SEO Techniques Exploited for Malware Distribution,Malware,2024
logskiey.weebly.com,Black Hat SEO Techniques Exploited for Malware Distribution,Malware,2024
cleverlinked608.weebly.com,Black Hat SEO Techniques Exploited for Malware Distribution,Malware,2024
casefasr300.weebly.com,Black Hat SEO Techniques Exploited for Malware Distribution,Malware,2024
finalrenew.weebly.com,Black Hat SEO Techniques Exploited for Malware Distribution,Malware,2024
purpleclever657.weebly.com,Black Hat SEO Techniques Exploited for Malware Distribution,Malware,2024
fasrsonic952.weebly.com,Black Hat SEO Techniques Exploited for Malware Distribution,Malware,2024
evercomplete908.weebly.com,Black Hat SEO Techniques Exploited for Malware Distribution,Malware,2024
newdi.weebly.com,Black Hat SEO Techniques Exploited for Malware Distribution,Malware,2024
yellowforms.weebly.com,Black Hat SEO Techniques Exploited for Malware Distribution,Malware,2024
swagpowerup.weebly.com,Black Hat SEO Techniques Exploited for Malware Distribution,Malware,2024
treedisco771.weebly.com,Black Hat SEO Techniques Exploited for Malware Distribution,Malware,2024
boxli.weebly.com,Black Hat SEO Techniques Exploited for Malware Distribution,Malware,2024
saydigital113.weebly.com,Black Hat SEO Techniques Exploited for Malware Distribution,Malware,2024
sharamoves718.weebly.com,Black Hat SEO Techniques Exploited for Malware Distribution,Malware,2024
cafed0wnload.weebly.com,Black Hat SEO Techniques Exploited for Malware Distribution,Malware,2024
marketever326.weebly.com,Black Hat SEO Techniques Exploited for Malware Distribution,Malware,2024
dark-confusion.com,Black Hat SEO Techniques Exploited for Malware Distribution,Malware,2024
treecargo349.weebly.com,Black Hat SEO Techniques Exploited for Malware Distribution,Malware,2024
pamikifatiril.weebly.com,Black Hat SEO Techniques Exploited for Malware Distribution,Malware,2024
lasopafoot166.weebly.com,Black Hat SEO Techniques Exploited for Malware Distribution,Malware,2024
ruclever.weebly.com,Black Hat SEO Techniques Exploited for Malware Distribution,Malware,2024
evertango.weebly.com,Black Hat SEO Techniques Exploited for Malware Distribution,Malware,2024
generousnurse.weebly.com,Black Hat SEO Techniques Exploited for Malware Distribution,Malware,2024
newlineemporium.weebly.com,Black Hat SEO Techniques Exploited for Malware Distribution,Malware,2024
companionclever103.weebly.com,Black Hat SEO Techniques Exploited for Malware Distribution,Malware,2024
politicalgreenway.weebly.com,Black Hat SEO Techniques Exploited for Malware Distribution,Malware,2024
erssupernal855.weebly.com,Black Hat SEO Techniques Exploited for Malware Distribution,Malware,2024
nutukotixirijir.weebly.com,Black Hat SEO Techniques Exploited for Malware Distribution,Malware,2024
plclever.weebly.com,Black Hat SEO Techniques Exploited for Malware Distribution,Malware,2024
magkeen.weebly.com,Black Hat SEO Techniques Exploited for Malware Distribution,Malware,2024
aspoynerd.weebly.com,Black Hat SEO Techniques Exploited for Malware Distribution,Malware,2024
potlasopa889.weebly.com,Black Hat SEO Techniques Exploited for Malware Distribution,Malware,2024
entrancementtab.weebly.com,Black Hat SEO Techniques Exploited for Malware Distribution,Malware,2024
programrevolution503.weebly.com,Black Hat SEO Techniques Exploited for Malware Distribution,Malware,2024
buyerstwink.weebly.com,Black Hat SEO Techniques Exploited for Malware Distribution,Malware,2024
siteearth.weebly.com,Black Hat SEO Techniques Exploited for Malware Distribution,Malware,2024
lasopababe663.weebly.com,Black Hat SEO Techniques Exploited for Malware Distribution,Malware,2024
bazarredled.weebly.com,Black Hat SEO Techniques Exploited for Malware Distribution,Malware,2024
skyeylane.weebly.com,Black Hat SEO Techniques Exploited for Malware Distribution,Malware,2024
promogood.weebly.com,Black Hat SEO Techniques Exploited for Malware Distribution,Malware,2024
universalpowerful.weebly.com,Black Hat SEO Techniques Exploited for Malware Distribution,Malware,2024
borenew.weebly.com,Black Hat SEO Techniques Exploited for Malware Distribution,Malware,2024
yooever621.weebly.com,Black Hat SEO Techniques Exploited for Malware Distribution,Malware,2024
auctionsyellow900.weebly.com,Black Hat SEO Techniques Exploited for Malware Distribution,Malware,2024
renewdecor526.weebly.com,Black Hat SEO Techniques Exploited for Malware Distribution,Malware,2024
dota2giveaway2017.weebly.com,Black Hat SEO Techniques Exploited for Malware Distribution,Malware,2024
energystrategy.weebly.com,Black Hat SEO Techniques Exploited for Malware Distribution,Malware,2024
mpxilus853.weebly.com,Black Hat SEO Techniques Exploited for Malware Distribution,Malware,2024
daeyuni.weebly.com,Black Hat SEO Techniques Exploited for Malware Distribution,Malware,2024
ngbris.weebly.com,Black Hat SEO Techniques Exploited for Malware Distribution,Malware,2024
multifileslong832.weebly.com,Black Hat SEO Techniques Exploited for Malware Distribution,Malware,2024
gatewayface.weebly.com,Black Hat SEO Techniques Exploited for Malware Distribution,Malware,2024
gootoy.weebly.com,Black Hat SEO Techniques Exploited for Malware Distribution,Malware,2024
glammonkey.weebly.com,Black Hat SEO Techniques Exploited for Malware Distribution,Malware,2024
entrancementace.weebly.com,Black Hat SEO Techniques Exploited for Malware Distribution,Malware,2024
newbr594.weebly.com,Black Hat SEO Techniques Exploited for Malware Distribution,Malware,2024
lastitalian658.weebly.com,Black Hat SEO Techniques Exploited for Malware Distribution,Malware,2024
baldcircleyouth.weebly.com,Black Hat SEO Techniques Exploited for Malware Distribution,Malware,2024
lasopasolutions860.weebly.com,Black Hat SEO Techniques Exploited for Malware Distribution,Malware,2024
bargainslasopa612.weebly.com,Black Hat SEO Techniques Exploited for Malware Distribution,Malware,2024
eternalfasr766.weebly.com,Black Hat SEO Techniques Exploited for Malware Distribution,Malware,2024
facealpine.weebly.com,Black Hat SEO Techniques Exploited for Malware Distribution,Malware,2024
groundlasopa592.weebly.com,Black Hat SEO Techniques Exploited for Malware Distribution,Malware,2024
forfasr600.weebly.com,Black Hat SEO Techniques Exploited for Malware Distribution,Malware,2024
fitroom.weebly.com,Black Hat SEO Techniques Exploited for Malware Distribution,Malware,2024
keeniso.weebly.com,Black Hat SEO Techniques Exploited for Malware Distribution,Malware,2024
everpump710.weebly.com,Black Hat SEO Techniques Exploited for Malware Distribution,Malware,2024
lasopaon950.weebly.com,Black Hat SEO Techniques Exploited for Malware Distribution,Malware,2024
partnersmultiprogram.weebly.com,Black Hat SEO Techniques Exploited for Malware Distribution,Malware,2024
sadapazixome.weebly.com,Black Hat SEO Techniques Exploited for Malware Distribution,Malware,2024
fasrpinoy260.weebly.com,Black Hat SEO Techniques Exploited for Malware Distribution,Malware,2024
multiprogramsy273.weebly.com,Black Hat SEO Techniques Exploited for Malware Distribution,Malware,2024
barname.weebly.com,Black Hat SEO Techniques Exploited for Malware Distribution,Malware,2024
managebrown.weebly.com,Black Hat SEO Techniques Exploited for Malware Distribution,Malware,2024
airvoper.weebly.com,Black Hat SEO Techniques Exploited for Malware Distribution,Malware,2024
heavenlystudy.weebly.com,Black Hat SEO Techniques Exploited for Malware Distribution,Malware,2024
ilidatickets.weebly.com,Black Hat SEO Techniques Exploited for Malware Distribution,Malware,2024
newrider.weebly.com,Black Hat SEO Techniques Exploited for Malware Distribution,Malware,2024
yellowacademy158.weebly.com,Black Hat SEO Techniques Exploited for Malware Distribution,Malware,2024
grayenergy306.weebly.com,Black Hat SEO Techniques Exploited for Malware Distribution,Malware,2024
smsenergy.weebly.com,Black Hat SEO Techniques Exploited for Malware Distribution,Malware,2024
entrancementsing.weebly.com,Black Hat SEO Techniques Exploited for Malware Distribution,Malware,2024
lasopabali332.weebly.com,Black Hat SEO Techniques Exploited for Malware Distribution,Malware,2024
intelxs.weebly.com,Black Hat SEO Techniques Exploited for Malware Distribution,Malware,2024
bucketyellow.weebly.com,Black Hat SEO Techniques Exploited for Malware Distribution,Malware,2024
everpico.weebly.com,Black Hat SEO Techniques Exploited for Malware Distribution,Malware,2024
musicalesta.weebly.com,Black Hat SEO Techniques Exploited for Malware Distribution,Malware,2024
nestilida.weebly.com,Black Hat SEO Techniques Exploited for Malware Distribution,Malware,2024
petsfasr837.weebly.com,Black Hat SEO Techniques Exploited for Malware Distribution,Malware,2024
forlifepotent.weebly.com,Black Hat SEO Techniques Exploited for Malware Distribution,Malware,2024
labelbaldcircle387.weebly.com,Black Hat SEO Techniques Exploited for Malware Distribution,Malware,2024
streamfasr559.weebly.com,Black Hat SEO Techniques Exploited for Malware Distribution,Malware,2024
fasrcore874.weebly.com,Black Hat SEO Techniques Exploited for Malware Distribution,Malware,2024
fasrpars454.weebly.com,Black Hat SEO Techniques Exploited for Malware Distribution,Malware,2024
juheavy.weebly.com,Black Hat SEO Techniques Exploited for Malware Distribution,Malware,2024
cleversrus897.weebly.com,Black Hat SEO Techniques Exploited for Malware Distribution,Malware,2024
hotellasopa281.weebly.com,Black Hat SEO Techniques Exploited for Malware Distribution,Malware,2024
cleversalsa709.weebly.com,Black Hat SEO Techniques Exploited for Malware Distribution,Malware,2024
picturefasr318.weebly.com,Black Hat SEO Techniques Exploited for Malware Distribution,Malware,2024
engnice.weebly.com,Black Hat SEO Techniques Exploited for Malware Distribution,Malware,2024
ityellow.weebly.com,Black Hat SEO Techniques Exploited for Malware Distribution,Malware,2024
multiprogrammeister.weebly.com,Black Hat SEO Techniques Exploited for Malware Distribution,Malware,2024
heavenlyproduct517.weebly.com,Black Hat SEO Techniques Exploited for Malware Distribution,Malware,2024
supernalpig.weebly.com,Black Hat SEO Techniques Exploited for Malware Distribution,Malware,2024
neuroheavy.weebly.com,Black Hat SEO Techniques Exploited for Malware Distribution,Malware,2024
yulasopa966.weebly.com,Black Hat SEO Techniques Exploited for Malware Distribution,Malware,2024
dopworld.weebly.com,Black Hat SEO Techniques Exploited for Malware Distribution,Malware,2024
giwezodos.weebly.com,Black Hat SEO Techniques Exploited for Malware Distribution,Malware,2024
fasrlegacy770.weebly.com,Black Hat SEO Techniques Exploited for Malware Distribution,Malware,2024
washingtonclever.weebly.com,Black Hat SEO Techniques Exploited for Malware Distribution,Malware,2024
locatorlasopa581.weebly.com,Black Hat SEO Techniques Exploited for Malware Distribution,Malware,2024
goodclassic.weebly.com,Black Hat SEO Techniques Exploited for Malware Distribution,Malware,2024
binarypowerful617.weebly.com,Black Hat SEO Techniques Exploited for Malware Distribution,Malware,2024
smallbusinesscelestial.weebly.com,Black Hat SEO Techniques Exploited for Malware Distribution,Malware,2024
endfasr772.weebly.com,Black Hat SEO Techniques Exploited for Malware Distribution,Malware,2024
sunnyfasr390.weebly.com,Black Hat SEO Techniques Exploited for Malware Distribution,Malware,2024
pinuxijevafu.weebly.com,Black Hat SEO Techniques Exploited for Malware Distribution,Malware,2024
playlicious.weebly.com,Black Hat SEO Techniques Exploited for Malware Distribution,Malware,2024
savvytree583.weebly.com,Black Hat SEO Techniques Exploited for Malware Distribution,Malware,2024
entrancementsan.weebly.com,Black Hat SEO Techniques Exploited for Malware Distribution,Malware,2024
medfastpower.weebly.com,Black Hat SEO Techniques Exploited for Malware Distribution,Malware,2024
collectiveeagle905.weebly.com,Black Hat SEO Techniques Exploited for Malware Distribution,Malware,2024
slotsmaps712.weebly.com,Black Hat SEO Techniques Exploited for Malware Distribution,Malware,2024
vinokiwofexuge.weebly.com,Black Hat SEO Techniques Exploited for Malware Distribution,Malware,2024
aifasr879.weebly.com,Black Hat SEO Techniques Exploited for Malware Distribution,Malware,2024
generousmetrix.weebly.com,Black Hat SEO Techniques Exploited for Malware Distribution,Malware,2024
depositpizza292.weebly.com,Black Hat SEO Techniques Exploited for Malware Distribution,Malware,2024
purpleshara.weebly.com,Black Hat SEO Techniques Exploited for Malware Distribution,Malware,2024
informationfasr831.weebly.com,Black Hat SEO Techniques Exploited for Malware Distribution,Malware,2024
casinowoo88.weebly.com,Black Hat SEO Techniques Exploited for Malware Distribution,Malware,2024
ilikefasr787.weebly.com,Black Hat SEO Techniques Exploited for Malware Distribution,Malware,2024
brownfield571.weebly.com,Black Hat SEO Techniques Exploited for Malware Distribution,Malware,2024
fasrphotography956.weebly.com,Black Hat SEO Techniques Exploited for Malware Distribution,Malware,2024
goomoves.weebly.com,Black Hat SEO Techniques Exploited for Malware Distribution,Malware,2024
keenmouse307.weebly.com,Black Hat SEO Techniques Exploited for Malware Distribution,Malware,2024
d0wnloadoption.weebly.com,Black Hat SEO Techniques Exploited for Malware Distribution,Malware,2024
huntergood.weebly.com,Black Hat SEO Techniques Exploited for Malware Distribution,Malware,2024
metaskyey.weebly.com,Black Hat SEO Techniques Exploited for Malware Distribution,Malware,2024
lasopajava575.weebly.com,Black Hat SEO Techniques Exploited for Malware Distribution,Malware,2024
misolopov.weebly.com,Black Hat SEO Techniques Exploited for Malware Distribution,Malware,2024
prioritysoft828.weebly.com,Black Hat SEO Techniques Exploited for Malware Distribution,Malware,2024
automotiveload178.weebly.com,Black Hat SEO Techniques Exploited for Malware Distribution,Malware,2024
lasopacleaning304.weebly.com,Black Hat SEO Techniques Exploited for Malware Distribution,Malware,2024
bonusny428.weebly.com,Black Hat SEO Techniques Exploited for Malware Distribution,Malware,2024
yellowcopy.weebly.com,Black Hat SEO Techniques Exploited for Malware Distribution,Malware,2024
trainingenergy.weebly.com,Black Hat SEO Techniques Exploited for Malware Distribution,Malware,2024
potentmark.weebly.com,Black Hat SEO Techniques Exploited for Malware Distribution,Malware,2024
intellifasr780.weebly.com,Black Hat SEO Techniques Exploited for Malware Distribution,Malware,2024
dopolijakom.weebly.com,Black Hat SEO Techniques Exploited for Malware Distribution,Malware,2024
talentyellow.weebly.com,Black Hat SEO Techniques Exploited for Malware Distribution,Malware,2024
renewinfinite.weebly.com,Black Hat SEO Techniques Exploited for Malware Distribution,Malware,2024
heavypersian.weebly.com,Black Hat SEO Techniques Exploited for Malware Distribution,Malware,2024
lasopadigital325.weebly.com,Black Hat SEO Techniques Exploited for Malware Distribution,Malware,2024
mlsfasr616.weebly.com,Black Hat SEO Techniques Exploited for Malware Distribution,Malware,2024
reneweasy.weebly.com,Black Hat SEO Techniques Exploited for Malware Distribution,Malware,2024
renewvector802.weebly.com,Black Hat SEO Techniques Exploited for Malware Distribution,Malware,2024
talknitro.weebly.com,Black Hat SEO Techniques Exploited for Malware Distribution,Malware,2024
honestlasopa869.weebly.com,Black Hat SEO Techniques Exploited for Malware Distribution,Malware,2024
lasoparetail499.weebly.com,Black Hat SEO Techniques Exploited for Malware Distribution,Malware,2024
cloud-drive.store,Defending Against APT 36: The Modus Operandi of TransparentTribe,Malware,2024
share-lienk.info,Defending Against APT 36: The Modus Operandi of TransparentTribe,Malware,2024
kavachmail-govin.rf.gd,Defending Against APT 36: The Modus Operandi of TransparentTribe,Malware,2024
get-kavach.in,Defending Against APT 36: The Modus Operandi of TransparentTribe,Malware,2024
nipodipo.duckdns.org,Defending Against APT 36: The Modus Operandi of TransparentTribe,Malware,2024
tgservermax.duckdns.org,Defending Against APT 36: The Modus Operandi of TransparentTribe,Malware,2024
gcloudsvc.com,Profiling Pakistan's Cyber Operations Against India,Malware,2024
kavach-app.com,Defending Against APT 36: The Modus Operandi of TransparentTribe,Malware,2024
kavachguide.com,Profiling Pakistan's Cyber Operations Against India,Malware,2024
meetup-chat.com,Defending Against APT 36: The Modus Operandi of TransparentTribe,Malware,2024
richa-sharma.ddns.net,Defending Against APT 36: The Modus Operandi of TransparentTribe,Malware,2024
kavachauthentication.blogspot.com,Profiling Pakistan's Cyber Operations Against India,Malware,2024
wzxdao.com,Profiling Pakistan's Cyber Operations Against India,Malware,2024
eesiby.com,Defending Against APT 36: The Modus Operandi of TransparentTribe,Malware,2024
systemsupdated.duckdns.org,Defending Against APT 36: The Modus Operandi of TransparentTribe,Malware,2024
kavach-app.in,Defending Against APT 36: The Modus Operandi of TransparentTribe,Malware,2024
android.viral91.xyz,Defending Against APT 36: The Modus Operandi of TransparentTribe,Malware,2024
danibrothers.duckdns.org,Defending Against APT 36: The Modus Operandi of TransparentTribe,Malware,2024
meetsapp.org,Defending Against APT 36: The Modus Operandi of TransparentTribe,Malware,2024
phone-drive.online,Defending Against APT 36: The Modus Operandi of TransparentTribe,Malware,2024
kavachsupport.com,Profiling Pakistan's Cyber Operations Against India,Malware,2024
maxtraders.net,Defending Against APT 36: The Modus Operandi of TransparentTribe,Malware,2024
thezone1.duckdns.org,Defending Against APT 36: The Modus Operandi of TransparentTribe,Malware,2024
s1.fileditch.ch,Defending Against APT 36: The Modus Operandi of TransparentTribe,Malware,2024
sharing1.filesharetalk.com,Defending Against APT 36: The Modus Operandi of TransparentTribe,Malware,2024
sagc.be,Defending Against APT 36: The Modus Operandi of TransparentTribe,Malware,2024
drive-phone.online,Defending Against APT 36: The Modus Operandi of TransparentTribe,Malware,2024
getkavach.com,Profiling Pakistan's Cyber Operations Against India,Malware,2024
ncloudup.com,Profiling Pakistan's Cyber Operations Against India,Malware,2024
ksboard.in,Defending Against APT 36: The Modus Operandi of TransparentTribe,Malware,2024
rodra.in,Defending Against APT 36: The Modus Operandi of TransparentTribe,Malware,2024
tt1.apktrial.com,Defending Against APT 36: The Modus Operandi of TransparentTribe,Malware,2024
kavachdownload.in,Profiling Pakistan's Cyber Operations Against India,Malware,2024
nic-updates.in,Defending Against APT 36: The Modus Operandi of TransparentTribe,Malware,2024
http://wzxdao.com/onrdrivehandlerx86.zip,Profiling Pakistan's Cyber Operations Against India,Malware,2024
http://139.59.79.86/onedrivehandler45_bf.zip,Profiling Pakistan's Cyber Operations Against India,Malware,2024
http://wzxdao.com/onedrivehandlerx86.zip,Profiling Pakistan's Cyber Operations Against India,Malware,2024
mi6.operationanonrecoil.ru,"New Android Banking Trojan ""Brokewell"" Steals Data and Controls Devices",Malware,2024
fsb.operationvenetic.ru,"New Android Banking Trojan ""Brokewell"" Steals Data and Controls Devices",Malware,2024
https://www.makingitorut.com/chrome/chrome.apk,"New Android Banking Trojan ""Brokewell"" Steals Data and Controls Devices",Malware,2024
pool.hashvault.pro,Obfuscated Script Mines Monero in the Background,Malware,2024
test.brosecure360.com,Fletchen Stealer Evades Detection and Steals Data,Malware,2024
metamask.toyosol.com,Fletchen Stealer Evades Detection and Steals Data,Malware,2024
http://185.166.39.91:7777/,Fletchen Stealer Evades Detection and Steals Data,Malware,2024
petapixel.fun,Hackers Use Old Microsoft Office Flaw for Attacks,Malware,2024
weavesilk.space,Hackers Use Old Microsoft Office Flaw for Attacks,Malware,2024
winupdate.us.to,Hackers Take Nearly a Month to Sabotage Ransomware Attack After Initial Breach,Malware,2024
patricammote.com,Hackers Take Nearly a Month to Sabotage Ransomware Attack After Initial Breach,Malware,2024
fraktomaam.com,Hackers Take Nearly a Month to Sabotage Ransomware Attack After Initial Breach,Malware,2024
moashraya.com,Hackers Take Nearly a Month to Sabotage Ransomware Attack After Initial Breach,Malware,2024
ultrascihictur.com,Hackers Take Nearly a Month to Sabotage Ransomware Attack After Initial Breach,Malware,2024
ewacootili.com,Hackers Take Nearly a Month to Sabotage Ransomware Attack After Initial Breach,Malware,2024
oopscokir.com,Hackers Take Nearly a Month to Sabotage Ransomware Attack After Initial Breach,Malware,2024
restohalto.site,Hackers Take Nearly a Month to Sabotage Ransomware Attack After Initial Breach,Malware,2024
magiraptoy.com,Hackers Take Nearly a Month to Sabotage Ransomware Attack After Initial Breach,Malware,2024
rpgmagglader.com,Hackers Take Nearly a Month to Sabotage Ransomware Attack After Initial Breach,Malware,2024
mail.94-156-69-182.cprapid.com,Evolving Malware for Indian Defense Espionage,Malware,2024
cornerstonebeverly.org,Evolving Malware for Indian Defense Espionage,Malware,2024
cbi.gov.in.casereport.cyou,Evolving Malware for Indian Defense Espionage,Malware,2024
https://205.185.122.121/upload,Cuttlefish Malware,Malware,2024
http://209.141.49.178/dajfdsfadsfa/arm,Cuttlefish Malware,Malware,2024
http://209.141.49.178/dajfdsfadsfa/misp32,Cuttlefish Malware,Malware,2024
http://209.141.49.178/dajfdsfadsfa/i386,Cuttlefish Malware,Malware,2024
http://209.141.49.178/r/i386_sniff,Cuttlefish Malware,Malware,2024
https://pp.kkthreas.com/,Cuttlefish Malware,Malware,2024
http://209.141.49.178/r/mips64_sniff,Cuttlefish Malware,Malware,2024
http://209.141.49.178/r/s.sh,Cuttlefish Malware,Malware,2024
https://107.189.28.251/rules,Cuttlefish Malware,Malware,2024
https://198.98.56.93/rulesinit,Cuttlefish Malware,Malware,2024
http://209.141.49.178/r/arm_sniff,Cuttlefish Malware,Malware,2024
https://198.98.56.93/rules,Cuttlefish Malware,Malware,2024
http://209.141.49.178/r/i386_i686_sniff,Cuttlefish Malware,Malware,2024
https://kkthreas.com/,Cuttlefish Malware,Malware,2024
https://205.185.122.121/rulesinit,Cuttlefish Malware,Malware,2024
http://209.141.49.178/r/i386_x64_sniff,Cuttlefish Malware,Malware,2024
http://209.141.49.178/dajfdsfadsfa/misp64,Cuttlefish Malware,Malware,2024
http://209.141.49.178/s,Cuttlefish Malware,Malware,2024
https://205.185.122.121/rules,Cuttlefish Malware,Malware,2024
http://209.141.49.178/dajfdsfadsfa/i386_i686,Cuttlefish Malware,Malware,2024
https://kkthreas.com/upload,Cuttlefish Malware,Malware,2024
https://198.98.56.93/upload,Cuttlefish Malware,Malware,2024
http://209.141.49.178/dajfdsfadsfa/i386_x64,Cuttlefish Malware,Malware,2024
http://209.141.49.178/r/mips32_sniff,Cuttlefish Malware,Malware,2024
https://adslsdfdsfmo.world/,Zloader,Malware,2024
https://gycltda.cl/home/wp-api.php,Zloader,Malware,2024
https://eingangfurkunden.digital/,Zloader,Malware,2024
https://citscale.com/api.php,Zloader,Malware,2024
http://103.27.109.217:52202/963852741/mac/plugins/4d29ee714380cd29,Lightspy For MacOS,Malware,2024
http://146.70.80.123/static.php,New Cuckoo Infostealer Targets Apple macOS Systems,Malware,2024
http://tunesfun.com,New Cuckoo Infostealer Targets Apple macOS Systems,Malware,2024
http://fonedog.com,New Cuckoo Infostealer Targets Apple macOS Systems,Malware,2024
http://tunefab.com,New Cuckoo Infostealer Targets Apple macOS Systems,Malware,2024
http://146.70.80.123/index.php,New Cuckoo Infostealer Targets Apple macOS Systems,Malware,2024
http://dumpmedia.com,New Cuckoo Infostealer Targets Apple macOS Systems,Malware,2024
http://tunesolo.com,New Cuckoo Infostealer Targets Apple macOS Systems,Malware,2024
http://discussiowardder.website/api,HijackLoader: The Evolving Malware Threat,Malware,2024
https://utm-msh.com/profile/,HijackLoader: The Evolving Malware Threat,Malware,2024
https://security.microsoft.com/urls/https://download.filezilla-project.org,Sponsered Version of FileZilla,UnwantedSoftware,2024
https://download.filezilla-project.org,Sponsored Version of FileZilla,UnwantedSoftware,2024
https://cache.cloudswiftcdn.com,Hackers exploit LiteSpeed Cache flaw to create WordPress admins,Malware,2024
https://api.startservicefounds.com,Hackers exploit LiteSpeed Cache flaw to create WordPress admins,Malware,2024
https://dns.startservicefounds.com/service/f.php,Hackers exploit LiteSpeed Cache flaw to create WordPress admins,Malware,2024
http://onlinecontroler.000webhostapp.com/,Minecraft Source Pack Distributes zEus Stealer Malware,Malware,2024
http://panel-controller.000webhostapp.com/,Minecraft Source Pack Distributes zEus Stealer Malware,Malware,2024
semiridinution-postepudency.com,Water Barghest Botnet Leverages 20K IoT Devices for Malicious Gains,Malware,2024
puffypuf.gleeze.com,Routers Under Siege Cybercrime and Espionage via Compromised Devices,Malware,2024
ultradomafy.net,Water Barghest Botnet Leverages 20K IoT Devices for Malicious Gains,Malware,2024
changepassword.giize.com,Routers Under Siege Cybercrime and Espionage via Compromised Devices,Malware,2024
terminal.ooguy.com,Routers Under Siege Cybercrime and Espionage via Compromised Devices,Malware,2024
vrrumover0.vrrum0.farted.net,Routers Under Siege Cybercrime and Espionage via Compromised Devices,Malware,2024
dfgtjytdfs.work.gd,Routers Under Siege Cybercrime and Espionage via Compromised Devices,Malware,2024
enforcer.mywire.org,Routers Under Siege Cybercrime and Espionage via Compromised Devices,Malware,2024
recepatission.info,Water Barghest Botnet Leverages 20K IoT Devices for Malicious Gains,Malware,2024
moreover.lostgumball.com,Routers Under Siege Cybercrime and Espionage via Compromised Devices,Malware,2024
promexucate.com,Water Barghest Botnet Leverages 20K IoT Devices for Malicious Gains,Malware,2024
antihicipate.com,Water Barghest Botnet Leverages 20K IoT Devices for Malicious Gains,Malware,2024
subonuker.name,Water Barghest Botnet Leverages 20K IoT Devices for Malicious Gains,Malware,2024
remalexation.name,Water Barghest Botnet Leverages 20K IoT Devices for Malicious Gains,Malware,2024
decumify.net,Routers Under Siege Cybercrime and Espionage via Compromised Devices,Malware,2024
founderside.joseulloa.cl,Routers Under Siege Cybercrime and Espionage via Compromised Devices,Malware,2024
macrofocafify.org,Water Barghest Botnet Leverages 20K IoT Devices for Malicious Gains,Malware,2024
mumucnc.kozow.com,Routers Under Siege Cybercrime and Espionage via Compromised Devices,Malware,2024
prekudinish.com,Water Barghest Botnet Leverages 20K IoT Devices for Malicious Gains,Malware,2024
packinstall.kozow.com,Routers Under Siege Cybercrime and Espionage via Compromised Devices,Malware,2024
emelenalike.com,Water Barghest Botnet Leverages 20K IoT Devices for Malicious Gains,Malware,2024
interocakate.com,Water Barghest Botnet Leverages 20K IoT Devices for Malicious Gains,Malware,2024
gopremium.mooo.com,Routers Under Siege Cybercrime and Espionage via Compromised Devices,Malware,2024
kjskrvmwerffssd.kozow.com,Routers Under Siege Cybercrime and Espionage via Compromised Devices,Malware,2024
li4858member.possessed.us,Routers Under Siege Cybercrime and Espionage via Compromised Devices,Malware,2024
underuvukent.com,Water Barghest Botnet Leverages 20K IoT Devices for Malicious Gains,Malware,2024
clientrun.compuinter.com,Routers Under Siege Cybercrime and Espionage via Compromised Devices,Malware,2024
speddot.seburn.net,Routers Under Siege Cybercrime and Espionage via Compromised Devices,Malware,2024
inoluvary.com,Water Barghest Botnet Leverages 20K IoT Devices for Malicious Gains,Malware,2024
lalapoc.kozow.com,Routers Under Siege Cybercrime and Espionage via Compromised Devices,Malware,2024
trompadiom.tutotame.bigbox.info,Routers Under Siege Cybercrime and Espionage via Compromised Devices,Malware,2024
minixetepate.biz,Water Barghest Botnet Leverages 20K IoT Devices for Malicious Gains,Malware,2024
xfgjgjkuykykgihguifdt.mywire.org,Routers Under Siege Cybercrime and Espionage via Compromised Devices,Malware,2024
https://drive.usercontent.google.com/download?id=1kfpqjkzwkiiqzc3b0b6nunctxkhpejni&export=download,"Fake MS Office Cracks Spreading Malware (XMRig, OrcusRAT)",Malware,2024
https://mastodon.social/@driduledhrqynrekn,"Fake MS Office Cracks Spreading Malware (XMRig, OrcusRAT)",Malware,2024
minecraftrpgserver.com,"Fake MS Office Cracks Spreading Malware (XMRig, OrcusRAT)",Malware,2024
demonstationfukewko.shop,Lumma Stealer: A Multifaceted Threat in the Evolving Cyber Landscape,Malware,2024
incredibleextedwj.shop,HeartCrypt Packer-as-a-Service Enables Easy Malware Distribution,Malware,2024
productivelookewr.shop,HeartCrypt Packer-as-a-Service Enables Easy Malware Distribution,Malware,2024
shortsvelventysjo.shop,HeartCrypt Packer-as-a-Service Enables Easy Malware Distribution,Malware,2024
startupzonechanpatia.com,Hackers Exploit Google Search Ads to Spread MSI-Packed Malware,Malware,2024
tolerateilusidjukl.shop,HeartCrypt Packer-as-a-Service Enables Easy Malware Distribution,Malware,2024
liabilitynighstjsko.shop,HeartCrypt Packer-as-a-Service Enables Easy Malware Distribution,Malware,2024
utm-adrooz.com,FakeBat Loader Infects Users with Various Malware,Malware,2024
shatterbreathepsw.shop,HeartCrypt Packer-as-a-Service Enables Easy Malware Distribution,Malware,2024
alcojoldwograpciw.shop,HeartCrypt Packer-as-a-Service Enables Easy Malware Distribution,Malware,2024
notilion.co,FakeBat Loader Infects Users with Various Malware,Malware,2024
https://sivaspastane.com/notion-x86.msix,Hackers Exploit Google Search Ads to Spread MSI-Packed Malware,Malware,2024
https://ghost.blueecho88.com/xnkkysvbaqg6wzbtau0mqy0nbxf8qygrlbxpctsayt40cluhlbzkftslea4swyzdowt4dixbmfbyw3hdzftvby4jbemj,SocGholish Attacks Enterprises Via Fake Browser Updates,Malware,2024
https://ghost.blueecho88.com/u5wuwyi3zti3t5rpzkgcesdhyytxr4wrifdnmzb2xqq55ve9ifralzbn3dqht4j5nufcncg3lgl/t9x5abfknz3wxdal/cw3nexxpdg30w==,SocGholish Attacks Enterprises Via Fake Browser Updates,Malware,2024
https://ghost.blueecho88.com/8ioe1ouh/b+uoatkx7ey9ipq+vtktknlxlgq+tlxvozs9vmyg+jzr4tt/,SocGholish Attacks Enterprises Via Fake Browser Updates,Malware,2024
https://ghost.blueecho88.com/gcgkz/rj6q7l47bvtvwmrfk17xej+6gg76dmhvuk1qhx46zf8+owreumqbo=,SocGholish Attacks Enterprises Via Fake Browser Updates,Malware,2024
cdn32.space,FIN7 Uses Google Ads to Deliver Malware,Malware,2024
sapconcur.pro,FIN7-Linked GrayAlpha Deploys PowerNet and MaskBat,Malware,2024
wsj.re,FIN7-Linked GrayAlpha Deploys PowerNet and MaskBat,Malware,2024
cdn42.space,FIN7 Uses Google Ads to Deliver Malware,Malware,2024
blackrock.re,FIN7 Uses Google Ads to Deliver Malware,Malware,2024
7-zip.cfd,FIN7 Uses Google Ads to Deliver Malware,Malware,2024
cdn36.space,FIN7 Uses Google Ads to Deliver Malware,Malware,2024
cdn46.space,FIN7 Uses Google Ads to Deliver Malware,Malware,2024
winscp-install.com,FIN7 Uses Google Ads to Deliver Malware,Malware,2024
vkontakte.in,FIN7 Uses Google Ads to Deliver Malware,Malware,2024
cdn38.space,FIN7 Uses Google Ads to Deliver Malware,Malware,2024
asana.wf,FIN7-Linked GrayAlpha Deploys PowerNet and MaskBat,Malware,2024
concur.skin,FIN7-Linked GrayAlpha Deploys PowerNet and MaskBat,Malware,2024
cdn1701.com,FIN7 Uses Google Ads to Deliver Malware,Malware,2024
eprst431.boo,FIN7 Uses Google Ads to Deliver Malware,Malware,2024
cdn43.space,FIN7 Uses Google Ads to Deliver Malware,Malware,2024
cdn35.space,FIN7 Uses Google Ads to Deliver Malware,Malware,2024
workable.uk.com,FIN7-Linked GrayAlpha Deploys PowerNet and MaskBat,Malware,2024
webex-install.com,FIN7 Selling Tool to Bypass Security Measures (Dark Web),Malware,2024
meet-go.click,FIN7 Uses Google Ads to Deliver Malware,Malware,2024
wsj.wales,FIN7-Linked GrayAlpha Deploys PowerNet and MaskBat,Malware,2024
concur.re,FIN7-Linked GrayAlpha Deploys PowerNet and MaskBat,Malware,2024
wsj.wf,FIN7 Uses Google Ads to Deliver Malware,Malware,2024
lexisnexis.day,FIN7-Linked GrayAlpha Deploys PowerNet and MaskBat,Malware,2024
wall-street-journal.link,FIN7 Uses Google Ads to Deliver Malware,Malware,2024
cdn1124.net,FIN7 Uses Google Ads to Deliver Malware,Malware,2024
advanced-ip-scanner.link,FIN7 Uses Google Ads to Deliver Malware,Malware,2024
autodesk.pm,FIN7 Selling Tool to Bypass Security Measures (Dark Web),Malware,2024
cdn27.space,FIN7 Uses Google Ads to Deliver Malware,Malware,2024
cdn37.space,FIN7 Uses Google Ads to Deliver Malware,Malware,2024
wsj.pm,FIN7-Linked GrayAlpha Deploys PowerNet and MaskBat,Malware,2024
quicken-install.com,FIN7 Selling Tool to Bypass Security Measures (Dark Web),Malware,2024
cdn34.space,FIN7 Uses Google Ads to Deliver Malware,Malware,2024
cdn40.click,FIN7 Uses Google Ads to Deliver Malware,Malware,2024
cdn31.space,FIN7 Uses Google Ads to Deliver Malware,Malware,2024
cdn41.space,FIN7 Uses Google Ads to Deliver Malware,Malware,2024
blackrock.wf,FIN7 Uses Google Ads to Deliver Malware,Malware,2024
workday.pm,FIN7 Uses Google Ads to Deliver Malware,Malware,2024
cdn33.space,FIN7 Uses Google Ads to Deliver Malware,Malware,2024
investing.wf,FIN7 Uses Google Ads to Deliver Malware,Malware,2024
advancedipscannerapp.com,FIN7-Linked GrayAlpha Deploys PowerNet and MaskBat,Malware,2024
cdn30.space,FIN7 Uses Google Ads to Deliver Malware,Malware,2024
asana.pm,FIN7-Linked GrayAlpha Deploys PowerNet and MaskBat,Malware,2024
concur.pm,FIN7-Linked GrayAlpha Deploys PowerNet and MaskBat,Malware,2024
aimp.day,FIN7-Linked GrayAlpha Deploys PowerNet and MaskBat,Malware,2024
pgadmin.link,FIN7 Uses Google Ads to Deliver Malware,Malware,2024
asana.tel,FIN7-Linked GrayAlpha Deploys PowerNet and MaskBat,Malware,2024
cdn25.space,FIN7 Uses Google Ads to Deliver Malware,Malware,2024
cdn45.space,FIN7 Uses Google Ads to Deliver Malware,Malware,2024
https://webhook.site/e13d23aa-b6f8-4491-9adc-71f7f8c438df,APT28 Launches Malware Campaign,Malware,2024
https://webhook.site/508da0df-7ec9-420e-b1fe-958fbbe699d1,APT28 Launches Malware Campaign,Malware,2024
https://webhook.site/5e4c7949-30a2-4477-9e9b-e8828fc76a1b,APT28 Launches Malware Campaign,Malware,2024
https://webhook.site/0d2dc90e-2d5e-49f8-8249-d7ab955c387a,APT28 Launches Malware Campaign,Malware,2024
https://run.mocky.io/v3/87f277a5-a081-4976-8e12-351b6c02a903?q=f97bcee0-0d91-4503-a30c-027f1b34820f,APT28 Launches Malware Campaign,Malware,2024
https://run.mocky.io/v3/87f277a5-a081-4976-8e12-351b6c02a903?q=1658772a-4de8-4368-a604-980c90b0a1ed,APT28 Launches Malware Campaign,Malware,2024
https://run.mocky.io/v3/87f277a5-a081-4976-8e12-351b6c02a903?q=127df518-52be-46c5-bbb2-0479f4b9693b,APT28 Launches Malware Campaign,Malware,2024
https://run.mocky.io/v3/87f277a5-a081-4976-8e12-351b6c02a903?q=2d07e34c-3dd3-45e8-865c-3888a65ab885,APT28 Launches Malware Campaign,Malware,2024
https://webhook.site/efb79108-a2b5-4cba-844d-6352bb8fad8c,APT28 Launches Malware Campaign,Malware,2024
https://webhook.site/f97bcee0-0d91-4503-a30c-027f1b34820f,APT28 Launches Malware Campaign,Malware,2024
https://webhook.site/bec23763-b8d9-4191-99ba-04a4a163b4de,APT28 Launches Malware Campaign,Malware,2024
https://run.mocky.io/v3/87f277a5-a081-4976-8e12-351b6c02a903?q=bc349b93-b047-42f8-a421-d45e3ec94dc5,APT28 Launches Malware Campaign,Malware,2024
https://webhook.site/4fe5885c-f2f6-4905-8bc7-aef1a046a134,APT28 Launches Malware Campaign,Malware,2024
https://webhook.site/c1112bb3-0e6e-4ba4-abe7-fb31388b47ad,APT28 Launches Malware Campaign,Malware,2024
https://run.mocky.io/v3/87f277a5-a081-4976-8e12-351b6c02a903?q=508da0df-7ec9-420e-b1fe-958fbbe699d1,APT28 Launches Malware Campaign,Malware,2024
https://webhook.site/577b82c3-7249-44e9-9353-5eab106fead6,APT28 Launches Malware Campaign,Malware,2024
https://webhook.site/3f396db1-2016-4b69-9ec3-ffc417d5f3aa,APT28 Launches Malware Campaign,Malware,2024
https://webhook.site/2d07e34c-3dd3-45e8-865c-3888a65ab885,APT28 Launches Malware Campaign,Malware,2024
https://webhook.site/90fea98f-fbdb-4847-be03-409d02a43caf,APT28 Launches Malware Campaign,Malware,2024
https://webhook.site/b10bd697-1a9f-4ec7-aa2f-1fa84ad916a1,APT28 Launches Malware Campaign,Malware,2024
https://webhook.site/5100fcc0-f6be-4b09-8c58-5a8a6706ec4f,APT28 Launches Malware Campaign,Malware,2024
https://webhook.site/66ea3bbc-29dc-4ece-b804-71c6ec7b77b6,APT28 Launches Malware Campaign,Malware,2024
https://webhook.site/dee016bf-21a2-45dd-86b4-6099747794c4,APT28 Launches Malware Campaign,Malware,2024
https://webhook.site/0ef0dcf7-f258-4d02-b274-cbf62a2000cf,APT28 Launches Malware Campaign,Malware,2024
https://webhook.site/7674f06b-e435-4470-a594-6d59578c552d,APT28 Launches Malware Campaign,Malware,2024
https://run.mocky.io/v3/87f277a5-a081-4976-8e12-351b6c02a903?q=c1112bb3-0e6e-4ba4-abe7-fb31388b47ad,APT28 Launches Malware Campaign,Malware,2024
https://webhook.site/5a8758c6-5702-4fea-9d5e-4fbdb6dd795f,APT28 Launches Malware Campaign,Malware,2024
https://run.mocky.io/v3/87f277a5-a081-4976-8e12-351b6c02a903?q=5e4c7949-30a2-4477-9e9b-e8828fc76a1b,APT28 Launches Malware Campaign,Malware,2024
https://webhook.site/9a9cdaf8-120c-4de9-b17a-d6d8e2796a3b,APT28 Launches Malware Campaign,Malware,2024
https://webhook.site/4ba464d9-0675-4a7a-9966-8f84e93290ba,APT28 Launches Malware Campaign,Malware,2024
https://webhook.site/127df518-52be-46c5-bbb2-0479f4b9693b,APT28 Launches Malware Campaign,Malware,2024
https://webhook.site/9c87649c-220d-425d-8331-ffc8d9b94a38,APT28 Launches Malware Campaign,Malware,2024
https://webhook.site/1658772a-4de8-4368-a604-980c90b0a1ed,APT28 Launches Malware Campaign,Malware,2024
https://webhook.site/c618ea32-2923-4c12-8151-8d0002b56af0,APT28 Launches Malware Campaign,Malware,2024
https://webhook.site/bc349b93-b047-42f8-a421-d45e3ec94dc5,APT28 Launches Malware Campaign,Malware,2024
https://run.mocky.io/v3/87f277a5-a081-4976-8e12-351b6c02a903?q=5100fcc0-f6be-4b09-8c58-5a8a6706ec4f,APT28 Launches Malware Campaign,Malware,2024
https://run.mocky.io/v3/87f277a5-a081-4976-8e12-351b6c02a903?q=efb79108-a2b5-4cba-844d-6352bb8fad8c,APT28 Launches Malware Campaign,Malware,2024
y43dkbzwar7cdt.com,"Hackers Hijack DNS to Scan Networks, Track Users",Malware,2024
8egub9e7s6cz7n.com,"Hackers Hijack DNS to Scan Networks, Track Users",Malware,2024
tp7djzjtcs6gm6.com,"Hackers Hijack DNS to Scan Networks, Track Users",Malware,2024
swh9cpz2xntuge.com,"Hackers Hijack DNS to Scan Networks, Track Users",Malware,2024
cgb488dixfxjw7.com,"Hackers Hijack DNS to Scan Networks, Track Users",Malware,2024
dipgprjp8uu.com,"Hackers Hijack DNS to Scan Networks, Track Users",Malware,2024
wj9ii6rx7yd.com,"Hackers Hijack DNS to Scan Networks, Track Users",Malware,2024
d6zeh4und3yjt9.com,"Hackers Hijack DNS to Scan Networks, Track Users",Malware,2024
hjmpfsamfkj5m5.com,"Hackers Hijack DNS to Scan Networks, Track Users",Malware,2024
secshow.online,Chinese Threat Actor  SecShow Conducts Large-Scale DNS Survey,Malware,2024
anrad9i7fb2twm.com,"Hackers Hijack DNS to Scan Networks, Track Users",Malware,2024
ifjh5asi25f.com,"Hackers Hijack DNS to Scan Networks, Track Users",Malware,2024
rz53par3ux2.com,"Hackers Hijack DNS to Scan Networks, Track Users",Malware,2024
patycyfswg33nh.com,"Hackers Hijack DNS to Scan Networks, Track Users",Malware,2024
npknraafbisrs7.com,"Hackers Hijack DNS to Scan Networks, Track Users",Malware,2024
f6ywh2ud89u.com,"Hackers Hijack DNS to Scan Networks, Track Users",Malware,2024
85hsyad6i2ngzp.com,"Hackers Hijack DNS to Scan Networks, Track Users",Malware,2024
iszedim8xredu2.com,"Hackers Hijack DNS to Scan Networks, Track Users",Malware,2024
hwa85y4icf5.com,"Hackers Hijack DNS to Scan Networks, Track Users",Malware,2024
cytceitft8g.com,"Hackers Hijack DNS to Scan Networks, Track Users",Malware,2024
ege6wf76eyp.com,"Hackers Hijack DNS to Scan Networks, Track Users",Malware,2024
hhmk9ixaw9p3ec.com,"Hackers Hijack DNS to Scan Networks, Track Users",Malware,2024
3yfr6hh9dd3.com,"Hackers Hijack DNS to Scan Networks, Track Users",Malware,2024
sn9jxsrp23x63a.com,"Hackers Hijack DNS to Scan Networks, Track Users",Malware,2024
aucxjd8rrzh7xf.com,"Hackers Hijack DNS to Scan Networks, Track Users",Malware,2024
h82c3stb3k5.com,"Hackers Hijack DNS to Scan Networks, Track Users",Malware,2024
m9y6dte7b9i.com,"Hackers Hijack DNS to Scan Networks, Track Users",Malware,2024
n98erejcf9t.com,"Hackers Hijack DNS to Scan Networks, Track Users",Malware,2024
rhctiz9xijd4yc.com,"Hackers Hijack DNS to Scan Networks, Track Users",Malware,2024
f6kf5inmfmj.com,"Hackers Hijack DNS to Scan Networks, Track Users",Malware,2024
uxjxfg2ui8k5zk.com,"Hackers Hijack DNS to Scan Networks, Track Users",Malware,2024
epyujbhfhbs35j.com,"Hackers Hijack DNS to Scan Networks, Track Users",Malware,2024
wk7ckgiuc6i.com,"Hackers Hijack DNS to Scan Networks, Track Users",Malware,2024
b5ba24k6xhxn7b.com,"Hackers Hijack DNS to Scan Networks, Track Users",Malware,2024
ydxpwzhidexgny.com,"Hackers Hijack DNS to Scan Networks, Track Users",Malware,2024
z54zspih9h5588.com,"Hackers Hijack DNS to Scan Networks, Track Users",Malware,2024
8jtuazcr548ajj.com,"Hackers Hijack DNS to Scan Networks, Track Users",Malware,2024
wzbhk2ccghtshr.com,"Hackers Hijack DNS to Scan Networks, Track Users",Malware,2024
szd4hw4xdaj.com,"Hackers Hijack DNS to Scan Networks, Track Users",Malware,2024
greekpool.com,Ransomware Attacks Exploit Microsoft Tool,Malware,2024
upd7.com,Ransomware Attacks Exploit Microsoft Tool,Malware,2024
upd7a.com,Ransomware Attacks Exploit Microsoft Tool,Malware,2024
bbtplus.com,Financial Firms Targeted by Notorious Hacker Group,SuspiciousActivity,2024
telesignhr.com,Financial Firms Targeted by Notorious Hacker Group,SuspiciousActivity,2024
activecampaign-hr.com,Financial Firms Targeted by Notorious Hacker Group,SuspiciousActivity,2024
charter-vpn.com,Financial Firms Targeted by Notorious Hacker Group,SuspiciousActivity,2024
newyorklifehr.com,Financial Firms Targeted by Notorious Hacker Group,SuspiciousActivity,2024
workatbbt.com,Financial Firms Targeted by Notorious Hacker Group,SuspiciousActivity,2024
my-twilio.com,Financial Firms Targeted by Notorious Hacker Group,SuspiciousActivity,2024
square-sso.com,Financial Firms Targeted by Notorious Hacker Group,SuspiciousActivity,2024
chartervpn.com,Financial Firms Targeted by Notorious Hacker Group,SuspiciousActivity,2024
activesso.com,Financial Firms Targeted by Notorious Hacker Group,SuspiciousActivity,2024
corporate-ally.com,Financial Firms Targeted by Notorious Hacker Group,SuspiciousActivity,2024
my-tsl.net,Financial Firms Targeted by Notorious Hacker Group,SuspiciousActivity,2024
activecampaignhr.com,Financial Firms Targeted by Notorious Hacker Group,SuspiciousActivity,2024
bell-hr.com,Financial Firms Targeted by Notorious Hacker Group,SuspiciousActivity,2024
on-sinch.com,Financial Firms Targeted by Notorious Hacker Group,SuspiciousActivity,2024
allstate-hr.com,Financial Firms Targeted by Notorious Hacker Group,SuspiciousActivity,2024
freshdesksso.com,Financial Firms Targeted by Notorious Hacker Group,SuspiciousActivity,2024
aflac-hr.com,Financial Firms Targeted by Notorious Hacker Group,SuspiciousActivity,2024
intercomsso.net,Financial Firms Targeted by Notorious Hacker Group,SuspiciousActivity,2024
freshworks-sso.net,Financial Firms Targeted by Notorious Hacker Group,SuspiciousActivity,2024
uscell.net,Financial Firms Targeted by Notorious Hacker Group,SuspiciousActivity,2024
athene-usa.com,Financial Firms Targeted by Notorious Hacker Group,SuspiciousActivity,2024
mutualofomaha-hr.com,Financial Firms Targeted by Notorious Hacker Group,SuspiciousActivity,2024
walmartsso.com,Financial Firms Targeted by Notorious Hacker Group,SuspiciousActivity,2024
cgsinchr.com,Financial Firms Targeted by Notorious Hacker Group,SuspiciousActivity,2024
amica-hr.com,Financial Firms Targeted by Notorious Hacker Group,SuspiciousActivity,2024
usccplus.com,Financial Firms Targeted by Notorious Hacker Group,SuspiciousActivity,2024
klaviyocorp.net,Financial Firms Targeted by Notorious Hacker Group,SuspiciousActivity,2024
ally-hr.com,Financial Firms Targeted by Notorious Hacker Group,SuspiciousActivity,2024
zen-sso.com,Financial Firms Targeted by Notorious Hacker Group,SuspiciousActivity,2024
grubhubsso.com,Financial Firms Targeted by Notorious Hacker Group,SuspiciousActivity,2024
realogy-hr.com,Financial Firms Targeted by Notorious Hacker Group,SuspiciousActivity,2024
postmarksso.com,Financial Firms Targeted by Notorious Hacker Group,SuspiciousActivity,2024
singtei.net,Financial Firms Targeted by Notorious Hacker Group,SuspiciousActivity,2024
connect-cox.com,Financial Firms Targeted by Notorious Hacker Group,SuspiciousActivity,2024
infobbt.com,Financial Firms Targeted by Notorious Hacker Group,SuspiciousActivity,2024
bbt-work.com,Financial Firms Targeted by Notorious Hacker Group,SuspiciousActivity,2024
trustsso.com,Financial Firms Targeted by Notorious Hacker Group,SuspiciousActivity,2024
fireblocks-sso.com,Financial Firms Targeted by Notorious Hacker Group,SuspiciousActivity,2024
actlvecampaign.net,Financial Firms Targeted by Notorious Hacker Group,SuspiciousActivity,2024
synchronyfinanciai.com,Financial Firms Targeted by Notorious Hacker Group,SuspiciousActivity,2024
roblox-hrs.com,Financial Firms Targeted by Notorious Hacker Group,SuspiciousActivity,2024
block-sso.com,Financial Firms Targeted by Notorious Hacker Group,SuspiciousActivity,2024
bbthour.com,Financial Firms Targeted by Notorious Hacker Group,SuspiciousActivity,2024
bn-sso.com,Financial Firms Targeted by Notorious Hacker Group,SuspiciousActivity,2024
cinfin-hr.com,Financial Firms Targeted by Notorious Hacker Group,SuspiciousActivity,2024
transamerica-hr.com,Financial Firms Targeted by Notorious Hacker Group,SuspiciousActivity,2024
internalfb.com,Financial Firms Targeted by Notorious Hacker Group,SuspiciousActivity,2024
sec-sso.net,Financial Firms Targeted by Notorious Hacker Group,SuspiciousActivity,2024
stargate-sso.com,Financial Firms Targeted by Notorious Hacker Group,SuspiciousActivity,2024
cellularsso.com,Financial Firms Targeted by Notorious Hacker Group,SuspiciousActivity,2024
costsso.com,Financial Firms Targeted by Notorious Hacker Group,SuspiciousActivity,2024
walmartworkspace.com,Financial Firms Targeted by Notorious Hacker Group,SuspiciousActivity,2024
cellularsaies.com,Financial Firms Targeted by Notorious Hacker Group,SuspiciousActivity,2024
yourbbt.com,Financial Firms Targeted by Notorious Hacker Group,SuspiciousActivity,2024
bbtvpn.com,Financial Firms Targeted by Notorious Hacker Group,SuspiciousActivity,2024
gitlabsso.com,Financial Firms Targeted by Notorious Hacker Group,SuspiciousActivity,2024
uscellular-sso.com,Financial Firms Targeted by Notorious Hacker Group,SuspiciousActivity,2024
podium-hr.com,Financial Firms Targeted by Notorious Hacker Group,SuspiciousActivity,2024
rbxhr.net,Financial Firms Targeted by Notorious Hacker Group,SuspiciousActivity,2024
desksso.com,Financial Firms Targeted by Notorious Hacker Group,SuspiciousActivity,2024
gitlabhr.com,Financial Firms Targeted by Notorious Hacker Group,SuspiciousActivity,2024
unumhr.com,Financial Firms Targeted by Notorious Hacker Group,SuspiciousActivity,2024
supporthub-iqor.com,Financial Firms Targeted by Notorious Hacker Group,SuspiciousActivity,2024
my-tsl.com,Financial Firms Targeted by Notorious Hacker Group,SuspiciousActivity,2024
zendesklt.com,Financial Firms Targeted by Notorious Hacker Group,SuspiciousActivity,2024
connect-sso.com,Financial Firms Targeted by Notorious Hacker Group,SuspiciousActivity,2024
hubsso.net,Financial Firms Targeted by Notorious Hacker Group,SuspiciousActivity,2024
assurionsso.net,Financial Firms Targeted by Notorious Hacker Group,SuspiciousActivity,2024
cellularhr.com,Financial Firms Targeted by Notorious Hacker Group,SuspiciousActivity,2024
fidelitysso.com,Financial Firms Targeted by Notorious Hacker Group,SuspiciousActivity,2024
victrasso.com,Financial Firms Targeted by Notorious Hacker Group,SuspiciousActivity,2024
corporate-huntington.com,Financial Firms Targeted by Notorious Hacker Group,SuspiciousActivity,2024
telnyxsso.com,Financial Firms Targeted by Notorious Hacker Group,SuspiciousActivity,2024
podiumsso.com,Financial Firms Targeted by Notorious Hacker Group,SuspiciousActivity,2024
orange-sso.com,Financial Firms Targeted by Notorious Hacker Group,SuspiciousActivity,2024
sharing-folders.com,Financial Firms Targeted by Notorious Hacker Group,SuspiciousActivity,2024
applesso.com,Financial Firms Targeted by Notorious Hacker Group,SuspiciousActivity,2024
uscellularhr.com,Financial Firms Targeted by Notorious Hacker Group,SuspiciousActivity,2024
hanover-hr.com,Financial Firms Targeted by Notorious Hacker Group,SuspiciousActivity,2024
login.suniife.com,Financial Firms Targeted by Notorious Hacker Group,SuspiciousActivity,2024
sinchdev.com,Financial Firms Targeted by Notorious Hacker Group,SuspiciousActivity,2024
uscellular-hr.com,Financial Firms Targeted by Notorious Hacker Group,SuspiciousActivity,2024
telnyx-sso.com,Financial Firms Targeted by Notorious Hacker Group,SuspiciousActivity,2024
corporate-pnc.com,Financial Firms Targeted by Notorious Hacker Group,SuspiciousActivity,2024
ssotelnyx.com,Financial Firms Targeted by Notorious Hacker Group,SuspiciousActivity,2024
cofelyvision.com,Financial Firms Targeted by Notorious Hacker Group,SuspiciousActivity,2024
corp-cox.com,Financial Firms Targeted by Notorious Hacker Group,SuspiciousActivity,2024
connect-asurion.net,Financial Firms Targeted by Notorious Hacker Group,SuspiciousActivity,2024
linkedinsso.com,Financial Firms Targeted by Notorious Hacker Group,SuspiciousActivity,2024
bbtcorp.net,Financial Firms Targeted by Notorious Hacker Group,SuspiciousActivity,2024
cashsso.com,Financial Firms Targeted by Notorious Hacker Group,SuspiciousActivity,2024
vzapps-vzn.com,Financial Firms Targeted by Notorious Hacker Group,SuspiciousActivity,2024
klaviyo-hr.com,Financial Firms Targeted by Notorious Hacker Group,SuspiciousActivity,2024
truecorphr.net,Financial Firms Targeted by Notorious Hacker Group,SuspiciousActivity,2024
uscchr.com,Financial Firms Targeted by Notorious Hacker Group,SuspiciousActivity,2024
eclerx-sso.com,Financial Firms Targeted by Notorious Hacker Group,SuspiciousActivity,2024
foundever-sso.com,Financial Firms Targeted by Notorious Hacker Group,SuspiciousActivity,2024
bbtemps.com,Financial Firms Targeted by Notorious Hacker Group,SuspiciousActivity,2024
vz-hr.com,Financial Firms Targeted by Notorious Hacker Group,SuspiciousActivity,2024
iliad-sso.com,Financial Firms Targeted by Notorious Hacker Group,SuspiciousActivity,2024
myworkspaceinfo.com,Financial Firms Targeted by Notorious Hacker Group,SuspiciousActivity,2024
recurlysso.com,Financial Firms Targeted by Notorious Hacker Group,SuspiciousActivity,2024
gemini-sso.com,Financial Firms Targeted by Notorious Hacker Group,SuspiciousActivity,2024
mercury-hr.com,Financial Firms Targeted by Notorious Hacker Group,SuspiciousActivity,2024
klavlyo.com,Financial Firms Targeted by Notorious Hacker Group,SuspiciousActivity,2024
clicksend-staging.com,Financial Firms Targeted by Notorious Hacker Group,SuspiciousActivity,2024
corp-foundever.com,Financial Firms Targeted by Notorious Hacker Group,SuspiciousActivity,2024
asurion-idp.com,Financial Firms Targeted by Notorious Hacker Group,SuspiciousActivity,2024
nfp-hr.com,Financial Firms Targeted by Notorious Hacker Group,SuspiciousActivity,2024
squarespace-hr.com,Financial Firms Targeted by Notorious Hacker Group,SuspiciousActivity,2024
bbt-hr.com,Financial Firms Targeted by Notorious Hacker Group,SuspiciousActivity,2024
freshworksso.com,Financial Firms Targeted by Notorious Hacker Group,SuspiciousActivity,2024
teiekom.net,Financial Firms Targeted by Notorious Hacker Group,SuspiciousActivity,2024
thrivent-hr.com,Financial Firms Targeted by Notorious Hacker Group,SuspiciousActivity,2024
asurionsso.com,Financial Firms Targeted by Notorious Hacker Group,SuspiciousActivity,2024
ssopodium.com,Financial Firms Targeted by Notorious Hacker Group,SuspiciousActivity,2024
https://store5.gofile.io/download/direct/d29b9954-3e20-4d08-ab01-41ed028faa14/file2.zip,Remcos RAT,SuspiciousActivity,2024
https://rentry.co/puttytest10/raw,Remcos RAT,SuspiciousActivity,2024
upd5.pro,Ransomware Attacks Exploit Microsoft Tool,Malware,2024
upd9.com,Ransomware Attacks Exploit Microsoft Tool,Malware,2024
realsepnews.com,Ransomware Attacks Exploit Microsoft Tool,Malware,2024
zziveastnews.com,Ransomware Attacks Exploit Microsoft Tool,Malware,2024
instance-olqdnn-relay.screenconnect.com,Ransomware Attacks Exploit Microsoft Tool,Malware,2024
reviewassignment.online,Profiling Pakistan's Cyber Operations Against India,Malware,2024
reviewassignment.in,Profiling Pakistan's Cyber Operations Against India,Malware,2024
https://reviewassignment.online/files/documents/bs/it/1.hta,Profiling Pakistan's Cyber Operations Against India,Malware,2024
https://reviewassignment.online/files/backup/ap.txt,Profiling Pakistan's Cyber Operations Against India,Malware,2024
https://reviewassignment.online/files/documents/bs/survey/1.hta,Profiling Pakistan's Cyber Operations Against India,Malware,2024
https://reviewassignment.online/files/documents/bs/economy/1.hta,Profiling Pakistan's Cyber Operations Against India,Malware,2024
http://dns1.indianblog.xyz/dailyworkout,Profiling Pakistan's Cyber Operations Against India,Malware,2024
http://rapportdown.lol/rapport/com/,Kimsuky,CommandAndControl,2024
http://rapportdown.lol,kimsuky,CommandAndControl,2024
http://4.246.149.227:1443/,Dora RAT,SuspiciousActivity,2024
yonsei.lol,Facebook & Fake Officials Lure Targets in N. Korean Cyberespionage,SuspiciousActivity,2024
http://rfa.ink/bio/d.php?na=vbtmp,Facebook & Fake Officials Lure Targets in N. Korean Cyberespionage,SuspiciousActivity,2024
http://nuclearpolicy101.org/wp-admin/includes/0421/d.php?na=vbtmp,Facebook & Fake Officials Lure Targets in N. Korean Cyberespionage,SuspiciousActivity,2024
http://makeoversalon.net.in/wp-content/plugins/wp-custom-taxonomy-image/iiri/share.docx,Facebook & Fake Officials Lure Targets in N. Korean Cyberespionage,SuspiciousActivity,2024
http://dusieme.com/hwp/d.php?na=sched,Facebook & Fake Officials Lure Targets in N. Korean Cyberespionage,SuspiciousActivity,2024
http://worldinfocontact.club/111/d.php,Facebook & Fake Officials Lure Targets in N. Korean Cyberespionage,SuspiciousActivity,2024
http://brandwizer.co.in/green_pad/wp-content/plugins/custom-post-type-,Facebook & Fake Officials Lure Targets in N. Korean Cyberespionage,SuspiciousActivity,2024
http://dusieme.com/panda/d.php?na=vbtmp,Facebook & Fake Officials Lure Targets in N. Korean Cyberespionage,SuspiciousActivity,2024
http://beastmodser.club/sil/0304/voa_korea.docx,Facebook & Fake Officials Lure Targets in N. Korean Cyberespionage,SuspiciousActivity,2024
http://worldinfocontact.club/111/kfrie/cow.php,Facebook & Fake Officials Lure Targets in N. Korean Cyberespionage,SuspiciousActivity,2024
http://brandwizer.co.in/green_pad/wp-,Facebook & Fake Officials Lure Targets in N. Korean Cyberespionage,SuspiciousActivity,2024
http://dusieme.com/js/cic0117/ca.php?na=dot_emsi.gif,Facebook & Fake Officials Lure Targets in N. Korean Cyberespionage,SuspiciousActivity,2024
http://mitmail.tech/gorgon/ca.php?na=video.gif,Facebook & Fake Officials Lure Targets in N. Korean Cyberespionage,SuspiciousActivity,2024
http://brandwizer.co.in/green_pad/wp-content/plugins/custom-post-type-maker/essay/d.php?na=battmp,Facebook & Fake Officials Lure Targets in N. Korean Cyberespionage,SuspiciousActivity,2024
http://joongang.site/pprb/sec/d.php?,Facebook & Fake Officials Lure Targets in N. Korean Cyberespionage,SuspiciousActivity,2024
http://nuclearpolicy101.org/wp-admin/includes/lee/leeplug/cow.php,Facebook & Fake Officials Lure Targets in N. Korean Cyberespionage,SuspiciousActivity,2024
http://ielsems.com/romeo/d.php?na=vbtmp,Facebook & Fake Officials Lure Targets in N. Korean Cyberespionage,SuspiciousActivity,2024
http://rfa.ink/bio/d.php?na=battmp,Facebook & Fake Officials Lure Targets in N. Korean Cyberespionage,SuspiciousActivity,2024
http://ielsems.com/panda,Facebook & Fake Officials Lure Targets in N. Korean Cyberespionage,SuspiciousActivity,2024
http://brandwizer.co.in/green_pad/wp-content/plugins/custom-post-type-maker/kohei/r.php,Facebook & Fake Officials Lure Targets in N. Korean Cyberespionage,SuspiciousActivity,2024
http://dusieme.com/panda/tbs,Facebook & Fake Officials Lure Targets in N. Korean Cyberespionage,SuspiciousActivity,2024
http://beastmodser.club/sil/0304/d.php?na,Facebook & Fake Officials Lure Targets in N. Korean Cyberespionage,SuspiciousActivity,2024
neaachar.com,"Malware Loader ""Latrodectus"" Takes Over From IcedID in Phishing Attacks",Malware,2024
scifimond.com,"Malware Loader ""Latrodectus"" Takes Over From IcedID in Phishing Attacks",Malware,2024
aytobusesre.com,"Malware Loader ""Latrodectus"" Takes Over From IcedID in Phishing Attacks",Malware,2024
gyxplonto.com,"Malware Loader ""Latrodectus"" Takes Over From IcedID in Phishing Attacks",Malware,2024
http://46.228.205.159:5055/,Android Trojan Poses as Play Store Update,Malware,2024
http://213.255.246.209:5055/,Android Trojan Poses as Play Store Update,Malware,2024
https://wgona.click/,Android Trojan Poses as Play Store Update,Malware,2024
http://193.181.23.70:5055/,Android Trojan Poses as Play Store Update,Malware,2024
http://188.241.240.75:5055/,Android Trojan Poses as Play Store Update,Malware,2024
bakhell.com,China-Linked Group Uses Two-Stage Attack to Spread Deuterbear Malware,Malware,2024
gayionsd.com,China-Linked Group Uses Two-Stage Attack to Spread Deuterbear Malware,Malware,2024
randaln.com,China-Linked Group Uses Two-Stage Attack to Spread Deuterbear Malware,Malware,2024
quadrantbd.com,China-Linked Group Uses Two-Stage Attack to Spread Deuterbear Malware,Malware,2024
gelatosg.com,China-Linked Group Uses Two-Stage Attack to Spread Deuterbear Malware,Malware,2024
operatida.com,China-Linked Group Uses Two-Stage Attack to Spread Deuterbear Malware,Malware,2024
ccarden.com,China-Linked Group Uses Two-Stage Attack to Spread Deuterbear Malware,Malware,2024
centralizebd.com,China-Linked Group Uses Two-Stage Attack to Spread Deuterbear Malware,Malware,2024
dailteeau.com,China-Linked Group Uses Two-Stage Attack to Spread Deuterbear Malware,Malware,2024
lucashnancy.com,China-Linked Group Uses Two-Stage Attack to Spread Deuterbear Malware,Malware,2024
rchitecture.org,China-Linked Group Uses Two-Stage Attack to Spread Deuterbear Malware,Malware,2024
taishanlaw.com,China-Linked Group Uses Two-Stage Attack to Spread Deuterbear Malware,Malware,2024
nestnewhome.com,China-Linked Group Uses Two-Stage Attack to Spread Deuterbear Malware,Malware,2024
availitond.com,China-Linked Group Uses Two-Stage Attack to Spread Deuterbear Malware,Malware,2024
servicescraft.buzz,GitHub and FileZilla Abused to Spread Malware,Malware,2024
iina-app.lat,GitHub and FileZilla Abused to Spread Malware,Malware,2024
sipapp.lat,GitHub and FileZilla Abused to Spread Malware,Malware,2024
ultradelux.buzz,GitHub and FileZilla Abused to Spread Malware,Malware,2024
patrikbob100.fvds.ru,GitHub and FileZilla Abused to Spread Malware,Malware,2024
lightpillar.lat,GitHub and FileZilla Abused to Spread Malware,Malware,2024
pixelmator.us,GitHub and FileZilla Abused to Spread Malware,Malware,2024
cleanmymac.pro,GitHub and FileZilla Abused to Spread Malware,Malware,2024
setapp.ink,GitHub and FileZilla Abused to Spread Malware,Malware,2024
punchtelephoneverdi.store,GitHub and FileZilla Abused to Spread Malware,Malware,2024
rainway.cloud,GitHub and FileZilla Abused to Spread Malware,Malware,2024
arcbrowser.pro,GitHub and FileZilla Abused to Spread Malware,Malware,2024
skylum.store,GitHub and FileZilla Abused to Spread Malware,Malware,2024
parallelsdesktop.pro,GitHub and FileZilla Abused to Spread Malware,Malware,2024
smallrabbitcrossing.site,GitHub and FileZilla Abused to Spread Malware,Malware,2024
orbitpettystudio.fun,GitHub and FileZilla Abused to Spread Malware,Malware,2024
aptonic.xyz,GitHub and FileZilla Abused to Spread Malware,Malware,2024
cleanshot.ink,GitHub and FileZilla Abused to Spread Malware,Malware,2024
dekabristiney.fvds.ru,GitHub and FileZilla Abused to Spread Malware,Malware,2024
pixelmator.pics,GitHub and FileZilla Abused to Spread Malware,Malware,2024
telephoneverdictyow.site,GitHub and FileZilla Abused to Spread Malware,Malware,2024
rize.lat,GitHub and FileZilla Abused to Spread Malware,Malware,2024
password-app.pro,GitHub and FileZilla Abused to Spread Malware,Malware,2024
strainriskpropos.store,GitHub and FileZilla Abused to Spread Malware,Malware,2024
figma.lat,GitHub and FileZilla Abused to Spread Malware,Malware,2024
macbartender.lat,GitHub and FileZilla Abused to Spread Malware,Malware,2024
theoryapparatusjuko.fun,GitHub and FileZilla Abused to Spread Malware,Malware,2024
snuggleapplicationswo.fun,GitHub and FileZilla Abused to Spread Malware,Malware,2024
neat-url.com,Grandoreiro Banking Trojan,Malware,2024
https://servicerevenueza.southeastasia.cloudapp.azure.com/?pdf-xml-71348793,Grandoreiro Banking Trojan,Malware,2024
https://hilcfacdigitaelpichipt.norwayeast.cloudapp.azure.com/?docs/pdf/15540f02-d006-4e3b-b2de-6873baff3b2a,Grandoreiro Banking Trojan,Malware,2024
https://onwfacttasunslahf.norwayeast.cloudapp.azure.com/?_task=mail&_action=get&_mbox=inbox&_uid=19101&_token=rbrjmxnuoqvrlawooxgayj7vcufafn3r&_part=1.2.3&_embed=1&_mimeclass=image,Grandoreiro Banking Trojan,Malware,2024
https://pjohconstruccionescpaz.com/?docs/xml/wca161006tn9/15540f02-d006-4e3b-b2de-6873baff3b2a,Grandoreiro Banking Trojan,Malware,2024
https://pjohconstruccionescpaz.com/?8205-23069071&tokenvalue=92b768ccface4e96cee662517800b208f88ff796,Grandoreiro Banking Trojan,Malware,2024
account.gommask.online,"Chinese Espionage Campaign Uses New Malware (SugarGh0st, SpiceRAT)",Malware,2024
https://ies.inquirer.com.ph/,Turla Group Suspected of Using Tiny Backdoor Delivered Through MSBuild,Malware,2024
upupdate.ooguy.com,New APT Group “Unfading Sea Haze” Hits Military Targets in South China Sea,Malware,2024
employee.mywire.org,New APT Group “Unfading Sea Haze” Hits Military Targets in South China Sea,Malware,2024
dns-log.d-n-s.org.uk,New APT Group “Unfading Sea Haze” Hits Military Targets in South China Sea,Malware,2024
mail.pcygphil.com,New APT Group “Unfading Sea Haze” Hits Military Targets in South China Sea,Malware,2024
payroll.mywire.org,New APT Group “Unfading Sea Haze” Hits Military Targets in South China Sea,Malware,2024
bit.kozow.com,New APT Group “Unfading Sea Haze” Hits Military Targets in South China Sea,Malware,2024
mail.bomloginset.com,New APT Group “Unfading Sea Haze” Hits Military Targets in South China Sea,Malware,2024
news.nevuer.com,New APT Group “Unfading Sea Haze” Hits Military Targets in South China Sea,Malware,2024
images.emldn.com,New APT Group “Unfading Sea Haze” Hits Military Targets in South China Sea,Malware,2024
mail.simpletra.com,New APT Group “Unfading Sea Haze” Hits Military Targets in South China Sea,Malware,2024
manags.twilightparadox.com,New APT Group “Unfading Sea Haze” Hits Military Targets in South China Sea,Malware,2024
dns.g8z.net,New APT Group “Unfading Sea Haze” Hits Military Targets in South China Sea,Malware,2024
linklab.blinklab.com,New APT Group “Unfading Sea Haze” Hits Military Targets in South China Sea,Malware,2024
provider.giize.com,New APT Group “Unfading Sea Haze” Hits Military Targets in South China Sea,Malware,2024
mail.adswt.com,New APT Group “Unfading Sea Haze” Hits Military Targets in South China Sea,Malware,2024
spcg.lunaticfridge.com,New APT Group “Unfading Sea Haze” Hits Military Targets in South China Sea,Malware,2024
mail.theworkguyoo.com,New APT Group “Unfading Sea Haze” Hits Military Targets in South China Sea,Malware,2024
sopho.kozow.com,New APT Group “Unfading Sea Haze” Hits Military Targets in South China Sea,Malware,2024
link.theworkguyoo.com,New APT Group “Unfading Sea Haze” Hits Military Targets in South China Sea,Malware,2024
message.ooguy.com,Chinese Espionage Campaign Targets Southeast Asia,Malware,2024
bitdefenderupdate.org,New APT Group “Unfading Sea Haze” Hits Military Targets in South China Sea,Malware,2024
cdn.g8z.net,New APT Group “Unfading Sea Haze” Hits Military Targets in South China Sea,Malware,2024
word.emldn.com,New APT Group “Unfading Sea Haze” Hits Military Targets in South China Sea,Malware,2024
newy.hifiliving.com,New APT Group “Unfading Sea Haze” Hits Military Targets in South China Sea,Malware,2024
api.bitdefenderupdate.org,New APT Group “Unfading Sea Haze” Hits Military Targets in South China Sea,Malware,2024
api.simpletra.com,New APT Group “Unfading Sea Haze” Hits Military Targets in South China Sea,Malware,2024
auth.bitdefenderupdate.com,New APT Group “Unfading Sea Haze” Hits Military Targets in South China Sea,Malware,2024
rest.redirectme.net,New APT Group “Unfading Sea Haze” Hits Military Targets in South China Sea,Malware,2024
fc.adswt.com,New APT Group “Unfading Sea Haze” Hits Military Targets in South China Sea,Malware,2024
airst.giize.com,New APT Group “Unfading Sea Haze” Hits Military Targets in South China Sea,Malware,2024
helpdesk.fxnxs.com,New APT Group “Unfading Sea Haze” Hits Military Targets in South China Sea,Malware,2024
certdehli.in,Transparent Tribe Targets Indian Defense Entities,Malware,2024
twff247.cloud,Transparent Tribe Targets Indian Defense Entities,Malware,2024
tensupports.com,Transparent Tribe Targets Indian Defense Entities,Malware,2024
winp247.cloud,Transparent Tribe Targets Indian Defense Entities,Malware,2024
coordoffice.in,Transparent Tribe Targets Indian Defense Entities,Malware,2024
secy-org.in,Transparent Tribe Targets Indian Defense Entities,Malware,2024
awesindia.online,Transparent Tribe Targets Indian Defense Entities,Malware,2024
baseuploads.com,CISA and partners expose PRC cyber espionage through global network infiltrations,Malware,2024
apsdelhicantt.in,Transparent Tribe Targets Indian Defense Entities,Malware,2024
admincoord.in,Transparent Tribe Targets Indian Defense Entities,Malware,2024
files.tpt123.com,Transparent Tribe Targets Indian Defense Entities,Malware,2024
eoffice-sparrow.online,Transparent Tribe Targets Indian Defense Entities,Malware,2024
warfarestudies.in,Transparent Tribe Targets Indian Defense Entities,Malware,2024
tpt123.com,Transparent Tribe Targets Indian Defense Entities,Malware,2024
clawsindia.in,Transparent Tribe Targets Indian Defense Entities,Malware,2024
infosec2.in,Transparent Tribe Targets Indian Defense Entities,Malware,2024
directorclaws.in,Transparent Tribe Targets Indian Defense Entities,Malware,2024
estbsec.in,Transparent Tribe Targets Indian Defense Entities,Malware,2024
zedcinema.com,Transparent Tribe Targets Indian Defense Entities,Malware,2024
coordsec2.in,Transparent Tribe Targets Indian Defense Entities,Malware,2024
esttsec.in,Transparent Tribe Targets Indian Defense Entities,Malware,2024
publicinfo.in,Transparent Tribe Targets Indian Defense Entities,Malware,2024
https://drive.google.com/file/d/1vqhff59wf8i7i7v63u5-vqr6om19stbx/view?usp=sharing,Transparent Tribe Targets Indian Defense Entities,Malware,2024
https://api.telegram.org/bot6130630756:aahdllvvywmy-n9ii6uttuqn07ndpssauao/,Transparent Tribe Targets Indian Defense Entities,Malware,2024
https://discord.com/api/v9/channels/1185089754891571300,Transparent Tribe Targets Indian Defense Entities,Malware,2024
https://drive.google.com/file/d/18n37cwmfrmnl4gl7uilcjpagq1roj8n5/view?usp=sharing,Transparent Tribe Targets Indian Defense Entities,Malware,2024
https://api.telegram.org/bot6549212762:aaha5ymi6emkk0s8il29a0m08qtwrm004no/,Transparent Tribe Targets Indian Defense Entities,Malware,2024
https://scottish-agreement-laundry-further.trycloudflare.com/updatelog,ShrinkLocker Ransomware Leverages BitLocker for File Encryption,Malware,2024
https://generated-eating-meals-top.trycloudflare.com/updatelogead,ShrinkLocker Ransomware Leverages BitLocker for File Encryption,Malware,2024
https://earthquake-js-westminster-searched.trycloudflare.com/updatelog,ShrinkLocker Ransomware Leverages BitLocker for File Encryption,Malware,2024
https://generated-eating-meals-top.trycloudflare.com/updatelog,ShrinkLocker Ransomware Leverages BitLocker for File Encryption,Malware,2024
api.nikkistealer.shop,"New Discord Malware Variant, Iluria Stealer Emerges",Malware,2024
badgeshop.site,"New Discord Malware Variant, Iluria Stealer Emerges",Malware,2024
ftp.yrnvtklot.com,GHOSTENGINE,SuspiciousActivity,2024
online.yrnvtklot.com,GHOSTENGINE,SuspiciousActivity,2024
download.yrnvtklot.com,GHOSTENGINE,SuspiciousActivity,2024
cloud.microsoft-ns1.com,"New Chinese APT Group Targets Governments in Middle East, Africa, Asia",Malware,2024
labour.govu.ml,"New Chinese APT Group Targets Governments in Middle East, Africa, Asia",Malware,2024
api.microsoft-ns1.com,"New Chinese APT Group Targets Governments in Middle East, Africa, Asia",Malware,2024
govm.tk,"New Chinese APT Group Targets Governments in Middle East, Africa, Asia",Malware,2024
home.microsoft-ns1.com,"New Chinese APT Group Targets Governments in Middle East, Africa, Asia",Malware,2024
static.microsoft-ns1.com,"New Chinese APT Group Targets Governments in Middle East, Africa, Asia",Malware,2024
https://52.236.140.86:8001/g0anywhere_up.jsp?data=,China Expands Cyber Espionage to Africa and Caribbean,Malware,2024
http://52.236.140.86:8000/res/translation.res,China Expands Cyber Espionage to Africa and Caribbean,Malware,2024
http://13.236.189.80:8000/res/translate.res,China Expands Cyber Espionage to Africa and Caribbean,Malware,2024
https://13.236.189.80:8001/g0anywhere_up.jsp?data=,China Expands Cyber Espionage to Africa and Caribbean,Malware,2024
dueog.xyz,China Expands Cyber Espionage to Africa and Caribbean,Malware,2024
schemas.openxmlformats.shop,China Expands Cyber Espionage to Africa and Caribbean,Malware,2024
https://groundbreakingsstyle.com/wp-content/nanofolder/img-files/nacati.res,"XWorm v5.6, New Malware Threat Spreads Through Web Hard Drives",Malware,2024
https://diditaxi.kro.kr:1050/,"XWorm v5.6, New Malware Threat Spreads Through Web Hard Drives",Malware,2024
https://raw.githubusercontent.com/phantom5201314/google/main/kiss:,Kimsuky and Andariel Group Utilizing SmallTiger Malware in Domestic Attacks,Malware,2024
https://raw.githubusercontent.com/phantom5201314/google/main/top.png,Kimsuky and Andariel Group Utilizing SmallTiger Malware in Domestic Attacks,Malware,2024
http://my.shoping.kro.kr/ng.db,Kimsuky and Andariel Group Utilizing SmallTiger Malware in Domestic Attacks,Malware,2024
https://raw.githubusercontent.com/phantom5201314/google/main/nav.html:,Kimsuky and Andariel Group Utilizing SmallTiger Malware in Domestic Attacks,Malware,2024
http://www.aslark1.kro.kr:1433/,Kimsuky and Andariel Group Utilizing SmallTiger Malware in Domestic Attacks,Malware,2024
http://www.lazor.kro.kr:53/,Kimsuky and Andariel Group Utilizing SmallTiger Malware in Domestic Attacks,Malware,2024
http://104.168.145.83:993/,Kimsuky and Andariel Group Utilizing SmallTiger Malware in Domestic Attacks,Malware,2024
http://www.lazor.kro.kr:3306/,Kimsuky and Andariel Group Utilizing SmallTiger Malware in Domestic Attacks,Malware,2024
http://38.110.1.69/,Kimsuky and Andariel Group Utilizing SmallTiger Malware in Domestic Attacks,Malware,2024
http://91.228.218.7/,Kimsuky and Andariel Group Utilizing SmallTiger Malware in Domestic Attacks,Malware,2024
http://my.shoping.kro.kr/m.dat,Kimsuky and Andariel Group Utilizing SmallTiger Malware in Domestic Attacks,Malware,2024
http://38.110.1.69:993/,Kimsuky and Andariel Group Utilizing SmallTiger Malware in Domestic Attacks,Malware,2024
http://my.shoping.kro.kr/setting.dat,Kimsuky and Andariel Group Utilizing SmallTiger Malware in Domestic Attacks,Malware,2024
http://159.100.29.122:8811/,"Cloud Storage, A Double-Edged Sword for APT Attacks",Malware,2024
http://musclefarelongea.pw/api,Fake Antivirus Websites Distributing Malware for Android & Windows,Malware,2024
http://tolerateilusidjukl.shop/api,Fake Antivirus Websites Distributing Malware for Android & Windows,Malware,2024
http://productivelookewr.shop/api,Fake Antivirus Websites Distributing Malware for Android & Windows,Malware,2024
http://fanlumpactiras.pw/api,Fake Antivirus Websites Distributing Malware for Android & Windows,Malware,2024
http://alcojoldwograpciw.shop/api,Fake Antivirus Websites Distributing Malware for Android & Windows,Malware,2024
http://shatterbreathepsw.shop/api,Fake Antivirus Websites Distributing Malware for Android & Windows,Malware,2024
http://occupytapsessijk.pw/api,Fake Antivirus Websites Distributing Malware for Android & Windows,Malware,2024
http://freckletropsao.pw/api,Fake Antivirus Websites Distributing Malware for Android & Windows,Malware,2024
http://demonstationfukewko.shop/api,Fake Antivirus Websites Distributing Malware for Android & Windows,Malware,2024
http://liabilitynighstjsko.shop/api,Fake Antivirus Websites Distributing Malware for Android & Windows,Malware,2024
http://incredibleextedwj.shop/api,Fake Antivirus Websites Distributing Malware for Android & Windows,Malware,2024
http://ownerbuffersuperw.pw/api,Fake Antivirus Websites Distributing Malware for Android & Windows,Malware,2024
http://tirechinecarpett.pw/api,Fake Antivirus Websites Distributing Malware for Android & Windows,Malware,2024
http://shortsvelventysjo.shop/api,Fake Antivirus Websites Distributing Malware for Android & Windows,Malware,2024
http://mylittlecabbage.net/xcdttafq,Hackers Use Fake Alarms to Spread Malware via PowerShell,Malware,2024
https://linktoxic34.com/wp-content,Phishing Scams Exploiting Paste Function (CTRL+V),Malware,2024
http://mylittlecabbage.net/qhsddxna,Hackers Use Fake Alarms to Spread Malware via PowerShell,Malware,2024
http://dogmupdate.com/yoomzhda,Phishing Scams Exploiting Paste Function (CTRL+V),Malware,2024
http://flexiblemaria.com/iinkqrwu,Phishing Scams Exploiting Paste Function (CTRL+V),Malware,2024
https://jenniferwelsh.com/header.png,Hackers Use Fake Alarms to Spread Malware via PowerShell,Malware,2024
https://www.rockcreekdds.com/wp-content/1.hta,Phishing Scams Exploiting Paste Function (CTRL+V),Malware,2024
http://dogmupdate.com/rdyjyany,Phishing Scams Exploiting Paste Function (CTRL+V),Malware,2024
http://flexiblemaria.com/umkglnks,Phishing Scams Exploiting Paste Function (CTRL+V),Malware,2024
d.mymst.top,Bondnet Botnet Abuses Miners for Malicious Control,Malware,2024
m.mymst.top,Bondnet Botnet Abuses Miners for Malicious Control,Malware,2024
yemmyusa.com,Hackers Target Financial Institutions with Trojanized Minesweeper Game,Malware,2024
patient-docs-mail.com,Hackers Target Financial Institutions with Trojanized Minesweeper Game,Malware,2024
data.zip,Hackers Target Financial Institutions with Trojanized Minesweeper Game,Malware,2024
https://www.dropbox.com/scl/fi/w864v8x6a53zuaphg01t3/chaseonlinestatement032445381.scr?rlkey=ez6lq3jwgu9trx1meprytyhac&dl=1,Hackers Target Financial Institutions with Trojanized Minesweeper Game,Malware,2024
https://anotepad.com/notes/txb53br5,Hackers Target Financial Institutions with Trojanized Minesweeper Game,Malware,2024
https://anotepad.com/notes/2st44b98,Hackers Target Financial Institutions with Trojanized Minesweeper Game,Malware,2024
https://anotepad.com/notes/4qrjbatw,Hackers Target Financial Institutions with Trojanized Minesweeper Game,Malware,2024
https://www.dropbox.com/scl/fi/s6il9o10zmecnrurvw3m8/document_chasestatement0003241353491.scr?rlkey=i3gjtul68q9zeeuyw0esi1vm0&dl=1,Hackers Target Financial Institutions with Trojanized Minesweeper Game,Malware,2024
https://anotepad.com/notes/cwknw3qs,Hackers Target Financial Institutions with Trojanized Minesweeper Game,Malware,2024
https://anotepad.com/notes/k55a4dq3,Hackers Target Financial Institutions with Trojanized Minesweeper Game,Malware,2024
https://anotepad.com/notes/2d94hf6q,Hackers Target Financial Institutions with Trojanized Minesweeper Game,Malware,2024
frp.mymst007.top,Bondnet Botnet Abuses Miners for Malicious Control,Malware,2024
http://185.141.26.116/stats.php,Bondnet Botnet Abuses Miners for Malicious Control,Malware,2024
bestonlinefilmstudio.org,North Korean Hackers Launch FakePenny Ransomware,Malware,2024
mingeloem.com,North Korean Hackers Launch FakePenny Ransomware,Malware,2024
detankwar.com,North Korean Hackers Launch FakePenny Ransomware,Malware,2024
freenet-zhilly.org,North Korean Hackers Launch FakePenny Ransomware,Malware,2024
defitankzone.com,North Korean Hackers Launch FakePenny Ransomware,Malware,2024
pointdnt.com,North Korean Hackers Launch FakePenny Ransomware,Malware,2024
matrixane.com,North Korean Hackers Launch FakePenny Ransomware,Malware,2024
ccwaterfall.com,North Korean Hackers Launch FakePenny Ransomware,Malware,2024
starglowventures.com,North Korean Hackers Launch FakePenny Ransomware,Malware,2024
accountasifkwosov.shop,Fake Updates Deliver BitRAT and Lumma Stealer,Malware,2024
update.zip,SocGholish Delivers RansomHub Backdoor in Python-Based Attack,Malware,2024
http://chatgpt-app.cloud/q1vz6n,Fake Updates Deliver BitRAT and Lumma Stealer,Malware,2024
nfe-digital.digital,New AllaKore RAT Variant (AllaSenha) Targets Brazilian Banks,Malware,2024
https://raw.githubusercontent.com/alexiadarocha195267/rp/raw/main/execute_dll.zip,New AllaKore RAT Variant (AllaSenha) Targets Brazilian Banks,Malware,2024
https://raw.githubusercontent.com/marinabarros320168/new/main/execute_dll.exe,New AllaKore RAT Variant (AllaSenha) Targets Brazilian Banks,Malware,2024
http://jucatyo6.autodesk360.com/shares/download/file/shd38bfqt1fb47330c999c2a86b9a6d091b6/dxjuomfkc2sud2lwchjvzdpmcy5mawxlonzmlny0uk5ubhlyu0jxd0hllxjyzwk0t2c_dmvyc2lvbj0x?bfccc0fd975348c980dd89e57f94815f,New AllaKore RAT Variant (AllaSenha) Targets Brazilian Banks,Malware,2024
https://dpsols7.autodesk360.com/shares/download/file/shd38bfqt1fb47330c99c55d44aacebd2ec7/dxjuomfkc2sud2lwchjvzdpmcy5mawxlonzmljhzc1hbs2q2vhnda0z1nkz0q2tqdhc_dmvyc2lvbj00?b44bb61abebf41d695a4580f072d9b74,New AllaKore RAT Variant (AllaSenha) Targets Brazilian Banks,Malware,2024
http://sainnguatc.com:8080/asuhalumnabtc,Massive Router Outage in 2023 Caused by Malware Attack,Malware,2024
http://nihiosuxnmo.com:8080/sasbckxowyallczxf;,Massive Router Outage in 2023 Caused by Malware Attack,Malware,2024
https://m.aiguoba.com/,Massive Router Outage in 2023 Caused by Malware Attack,Malware,2024
go.kcloudinc.com,Hackers Exploit WordPress Plugins to Gain Admin Access,Malware,2024
cache.cloudswiftcdn.com,Hackers Exploit WordPress Plugins to Gain Admin Access,Malware,2024
cloud.cdndynamic.com,Hackers Exploit WordPress Plugins to Gain Admin Access,Malware,2024
cdn.mediajsdelivery.com,Hackers Exploit WordPress Plugins to Gain Admin Access,Malware,2024
media.cdnstaticjs.com,Hackers Exploit WordPress Plugins to Gain Admin Access,Malware,2024
humman.art,"A Decade of Deception, Smoke Malware - A Persistent Threat",Malware,2024
akmedia.in,"A Decade of Deception, Smoke Malware - A Persistent Threat",Malware,2024
nuljjjnuli.org,"A Decade of Deception, Smoke Malware - A Persistent Threat",Malware,2024
galandskiyher5.com,"A Decade of Deception, Smoke Malware - A Persistent Threat",Malware,2024
trybobry.com.ua,"A Decade of Deception, Smoke Malware - A Persistent Threat",Malware,2024
vacantion18ffeu.cc,"A Decade of Deception, Smoke Malware - A Persistent Threat",Malware,2024
whxzqkbbtzvdyxdeseoiyujzs.co,"A Decade of Deception, Smoke Malware - A Persistent Threat",Malware,2024
gxutc2c.com,"A Decade of Deception, Smoke Malware - A Persistent Threat",Malware,2024
bethesdaserukam.org,"A Decade of Deception, Smoke Malware - A Persistent Threat",Malware,2024
host-file-host6.com,"A Decade of Deception, Smoke Malware - A Persistent Threat",Malware,2024
host-host-file8.com,"A Decade of Deception, Smoke Malware - A Persistent Threat",Malware,2024
nidoe.org,"A Decade of Deception, Smoke Malware - A Persistent Threat",Malware,2024
kkudndkwatnfevcaqeefytqnh.top,"A Decade of Deception, Smoke Malware - A Persistent Threat",Malware,2024
trad-einmyus.com,"A Decade of Deception, Smoke Malware - A Persistent Threat",Malware,2024
uohhunkmnfhbimtagizqgwpmv.to,"A Decade of Deception, Smoke Malware - A Persistent Threat",Malware,2024
servermlogs27.xyz,"A Decade of Deception, Smoke Malware - A Persistent Threat",Malware,2024
http://185.172.128.146:443/bin.ps1,Water Sigbin's Obfuscation Gets Craftier,Malware,2024
proxies.identitynetwork.top,RedTail Malware Now Targets Palo Alto Firewalls,Malware,2024
http://webhook.site/e7f39f18-bcb3-40e3-9e82-8cf7f807cc80,GRU-Backed APT28 Launches Multi-Phase Attack on Europe with HeadLace,Malware,2024
http://webhook.site/f5eace0b-062b-402f-a006-63b97e4950c3,GRU-Backed APT28 Launches Multi-Phase Attack on Europe with HeadLace,Malware,2024
http://webhook.site/d466f7a7-63a1-4c04-8347-fe2d0a96081f,GRU-Backed APT28 Launches Multi-Phase Attack on Europe with HeadLace,Malware,2024
http://run.mocky.io/v3/4e14d583-bbf5-4af3-9a86-4c0938a7802a,GRU-Backed APT28 Launches Multi-Phase Attack on Europe with HeadLace,Malware,2024
document-c.infinityfreeapp.com,GRU-Backed APT28 Launches Multi-Phase Attack on Europe with HeadLace,Malware,2024
eoytfd39hbrspa3.m.pipedream.net,GRU-Backed APT28 Launches Multi-Phase Attack on Europe with HeadLace,Malware,2024
calc-dwn.infinityfreeapp.com,GRU-Backed APT28 Launches Multi-Phase Attack on Europe with HeadLace,Malware,2024
panelunregistertle-348.frge.io,GRU-Backed APT28 Launches Multi-Phase Attack on Europe with HeadLace,Malware,2024
settings-panel.frge.io,GRU-Backed APT28 Launches Multi-Phase Attack on Europe with HeadLace,Malware,2024
downloadx.infinityfreeapp.com,GRU-Backed APT28 Launches Multi-Phase Attack on Europe with HeadLace,Malware,2024
documents-cloud.infinityfreeapp.com,GRU-Backed APT28 Launches Multi-Phase Attack on Europe with HeadLace,Malware,2024
opendoc.infinityfreeapp.com,GRU-Backed APT28 Launches Multi-Phase Attack on Europe with HeadLace,Malware,2024
downloadingdoc.infinityfreeapp.com,GRU-Backed APT28 Launches Multi-Phase Attack on Europe with HeadLace,Malware,2024
filihosting.infinityfreeapp.com,GRU-Backed APT28 Launches Multi-Phase Attack on Europe with HeadLace,Malware,2024
setnewcred.ukr.net.frge.io,GRU-Backed APT28 Launches Multi-Phase Attack on Europe with HeadLace,Malware,2024
document-d.infinityfreeapp.com,GRU-Backed APT28 Launches Multi-Phase Attack on Europe with HeadLace,Malware,2024
downloadfile.infinityfreeapp.com,GRU-Backed APT28 Launches Multi-Phase Attack on Europe with HeadLace,Malware,2024
delivery-ukrinmash-service.infinityfreeapp.com,GRU-Backed APT28 Launches Multi-Phase Attack on Europe with HeadLace,Malware,2024
file-download.infinityfreeapp.com,GRU-Backed APT28 Launches Multi-Phase Attack on Europe with HeadLace,Malware,2024
eottxji4yk4vg5x.m.pipedream.net,GRU-Backed APT28 Launches Multi-Phase Attack on Europe with HeadLace,Malware,2024
downloadc.infinityfreeapp.com,GRU-Backed APT28 Launches Multi-Phase Attack on Europe with HeadLace,Malware,2024
eoy6vrzslpn9vu.m.pipedream.net,GRU-Backed APT28 Launches Multi-Phase Attack on Europe with HeadLace,Malware,2024
opendocument.infinityfreeapp.com,GRU-Backed APT28 Launches Multi-Phase Attack on Europe with HeadLace,Malware,2024
ua-consumerpanel.frge.io,GRU-Backed APT28 Launches Multi-Phase Attack on Europe with HeadLace,Malware,2024
xgfdstu6k.frge.io,GRU-Backed APT28 Launches Multi-Phase Attack on Europe with HeadLace,Malware,2024
online-drive.infinityfreeapp.com,GRU-Backed APT28 Launches Multi-Phase Attack on Europe with HeadLace,Malware,2024
online-download.infinityfreeapp.com,GRU-Backed APT28 Launches Multi-Phase Attack on Europe with HeadLace,Malware,2024
consumerpanel0x254a2.frge.io,GRU-Backed APT28 Launches Multi-Phase Attack on Europe with HeadLace,Malware,2024
id-unconfirmeduser.frge.io,GRU-Backed APT28 Launches Multi-Phase Attack on Europe with HeadLace,Malware,2024
downloadingq.infinityfreeapp.com,GRU-Backed APT28 Launches Multi-Phase Attack on Europe with HeadLace,Malware,2024
downloadz.infinityfreeapp.com,GRU-Backed APT28 Launches Multi-Phase Attack on Europe with HeadLace,Malware,2024
downloadingw.infinityfreeapp.com,GRU-Backed APT28 Launches Multi-Phase Attack on Europe with HeadLace,Malware,2024
fdsagdfg.rf.gd,GRU-Backed APT28 Launches Multi-Phase Attack on Europe with HeadLace,Malware,2024
filedwn.infinityfreeapp.com,GRU-Backed APT28 Launches Multi-Phase Attack on Europe with HeadLace,Malware,2024
hatdfg-rhgreh684.frge.io,GRU-Backed APT28 Launches Multi-Phase Attack on Europe with HeadLace,Malware,2024
eos93vb2cwsu3xf.m.pipedream.net,GRU-Backed APT28 Launches Multi-Phase Attack on Europe with HeadLace,Malware,2024
clouddrive.infinityfreeapp.com,GRU-Backed APT28 Launches Multi-Phase Attack on Europe with HeadLace,Malware,2024
downloadable.infinityfreeapp.com,GRU-Backed APT28 Launches Multi-Phase Attack on Europe with HeadLace,Malware,2024
consumerpanelapp.42web.io,GRU-Backed APT28 Launches Multi-Phase Attack on Europe with HeadLace,Malware,2024
downloadingf.infinityfreeapp.com,GRU-Backed APT28 Launches Multi-Phase Attack on Europe with HeadLace,Malware,2024
filehosting.infinityfreeapp.com,GRU-Backed APT28 Launches Multi-Phase Attack on Europe with HeadLace,Malware,2024
eogo85tybrrn2r.m.pipedream.net,GRU-Backed APT28 Launches Multi-Phase Attack on Europe with HeadLace,Malware,2024
eo1ws2wgj75rdfd.m.pipedream.net,GRU-Backed APT28 Launches Multi-Phase Attack on Europe with HeadLace,Malware,2024
opendocuments.infinityfreeapp.com,GRU-Backed APT28 Launches Multi-Phase Attack on Europe with HeadLace,Malware,2024
xzdgsdfhfgtjdfj.wuaze.com,GRU-Backed APT28 Launches Multi-Phase Attack on Europe with HeadLace,Malware,2024
microsoft-files.infinityfreeapp.com,GRU-Backed APT28 Launches Multi-Phase Attack on Europe with HeadLace,Malware,2024
eomhv6vdu4v5qyt.m.pipedream.net,GRU-Backed APT28 Launches Multi-Phase Attack on Europe with HeadLace,Malware,2024
turbify-biz-cesdaz.rf.gd,GRU-Backed APT28 Launches Multi-Phase Attack on Europe with HeadLace,Malware,2024
downloadinge.infinityfreeapp.com,GRU-Backed APT28 Launches Multi-Phase Attack on Europe with HeadLace,Malware,2024
eo6kgbwpysq0laa.m.pipedream.net,GRU-Backed APT28 Launches Multi-Phase Attack on Europe with HeadLace,Malware,2024
ukrprivacysite.frge.io,GRU-Backed APT28 Launches Multi-Phase Attack on Europe with HeadLace,Malware,2024
downloaddoc.infinityfreeapp.com,GRU-Backed APT28 Launches Multi-Phase Attack on Europe with HeadLace,Malware,2024
komunalka.github.io,WinRAR Flaw Exploited by FlyingYeti to Spread COOKBOX Malware in Ukraine,Malware,2024
postdock.serveftp.com,WinRAR Flaw Exploited by FlyingYeti to Spread COOKBOX Malware in Ukraine,Malware,2024
https://raw.githubusercontent.com/kudoc8989/project/main/%d0%97%d0%b0%d0%b1%d0%be%d1%80%d0%b3%d0%be%d0%b2%d0%b0%d0%bd%d1%96%d1%81%d1%82%d1%8c,WinRAR Flaw Exploited by FlyingYeti to Spread COOKBOX Malware in Ukraine,Malware,2024
https://1014.filemail.com/api/file/get?filekey=e_8s1henm5rzhy_jpn6nl-gf4uap533vrxzgxjxh1gzbvqzvmpfzrfa&pk_vid=a3d82455433c8ad11715865826cf18f6,WinRAR Flaw Exploited by FlyingYeti to Spread COOKBOX Malware in Ukraine,Malware,2024
http://canarytokens.com/stuff/terms/images/k22r2dnjrvjsme8680ojf5ccs/index.html,WinRAR Flaw Exploited by FlyingYeti to Spread COOKBOX Malware in Ukraine,Malware,2024
https://github.com/komunalka/komunalka.github.io,WinRAR Flaw Exploited by FlyingYeti to Spread COOKBOX Malware in Ukraine,Malware,2024
https://pixeldrain.com/api/file/zajxwffx?download=,WinRAR Flaw Exploited by FlyingYeti to Spread COOKBOX Malware in Ukraine,Malware,2024
https://worker-polished-union-f396.vqu89698.workers.dev/,WinRAR Flaw Exploited by FlyingYeti to Spread COOKBOX Malware in Ukraine,Malware,2024
http://canarytokens.com/stuff/tags/ni1cknk2yq3xfcw2al3efs37m/payments.js,WinRAR Flaw Exploited by FlyingYeti to Spread COOKBOX Malware in Ukraine,Malware,2024
areadeturismo.tur.ar,ClearFake Campaign Uses New User Interaction Tactic for Malware Delivery,Malware,2024
baqebei1.online,ClearFake Campaign Uses New User Interaction Tactic for Malware Delivery,Malware,2024
d1x9q8w2e4.xyz,ClearFake Campaign Uses New User Interaction Tactic for Malware Delivery,Malware,2024
cdnforfiles.xyz,ClearFake Campaign Uses New User Interaction Tactic for Malware Delivery,Malware,2024
https://191.234.212.140@0.0.0.80/documentos/files/a3.cmd,"New Banking Trojan ""CarnavalHeist"" Steals Credentials in Brazil",Malware,2024
https://nfe-visualizer.app.br/notas/?notafiscal=000851113082.35493424000,"New Banking Trojan ""CarnavalHeist"" Steals Credentials in Brazil",Malware,2024
https://nota-fiscal.nfe-digital.top/nota-estadual/?notafiscal=00792011.977347,"New Banking Trojan ""CarnavalHeist"" Steals Credentials in Brazil",Malware,2024
https://191.239.123.241@0.0.0.80/documentos/files/a3.cmd,"New Banking Trojan ""CarnavalHeist"" Steals Credentials in Brazil",Malware,2024
https://191.235.233.246@0.0.0.80/documentos/files/a3.cmd,"New Banking Trojan ""CarnavalHeist"" Steals Credentials in Brazil",Malware,2024
https://191.239.116.217@0.0.0.80/documentos/files/a3.cmd,"New Banking Trojan ""CarnavalHeist"" Steals Credentials in Brazil",Malware,2024
https://is.gd/38qeon?0177551.5510,"New Banking Trojan ""CarnavalHeist"" Steals Credentials in Brazil",Malware,2024
https://191.233.241.96@0.0.0.80/documentos/files/a3.cmd,"New Banking Trojan ""CarnavalHeist"" Steals Credentials in Brazil",Malware,2024
https://is.gd/ronj3w?0808482.5176,"New Banking Trojan ""CarnavalHeist"" Steals Credentials in Brazil",Malware,2024
https://104.41.51.80@0.0.0.80/documentos/files/a3.cmd,"New Banking Trojan ""CarnavalHeist"" Steals Credentials in Brazil",Malware,2024
https://steamcommunity.com/profiles/76561199686524322,Understanding Vidar Stealer An Information-Stealing Malware,Malware,2024
https://65.108.55.55:9000/,HeartCrypt Packer-as-a-Service Enables Easy Malware Distribution,Malware,2024
https://91.107.221.88:9000/,Understanding Vidar Stealer An Information-Stealing Malware,Malware,2024
https://t.me/k0mono,Understanding Vidar Stealer An Information-Stealing Malware,Malware,2024
gandigod.codns.com,NiceRAT Malware Propagation Through Botnet Infection,Malware,2024
http://gandigod.codns.com:5407/,NiceRAT Malware Propagation Through Botnet Infection,Malware,2024
http://gandigod1.ddns.net:2000/,NiceRAT Malware Propagation Through Botnet Infection,Malware,2024
http://gandigod.ddns.net:5407/,NiceRAT Malware Propagation Through Botnet Infection,Malware,2024
http://gandigod.ddns.net:54984/,NiceRAT Malware Propagation Through Botnet Infection,Malware,2024
https://discord.com/api/webhooks/1242723656166146119/styci_hahiy8mphxgkrmx0f_bp4-yaeilnwaintua0m_sgvcxvrxo77mzcfoipue8xt7,NiceRAT Malware Propagation Through Botnet Infection,Malware,2024
http://gandigod.ddns.net:8080/,NiceRAT Malware Propagation Through Botnet Infection,Malware,2024
http://gandigod.ddns.net:3255/,NiceRAT Malware Propagation Through Botnet Infection,Malware,2024
http://gandigod.codns.com:7481/,NiceRAT Malware Propagation Through Botnet Infection,Malware,2024
simonandschuster.shop,Excel File Weaponized to Deliver Cobalt Strike Payload,Malware,2024
goudieelectric.shop,UNC1151 Ramps Up Cyberattacks Against Ukraine's Defenses,Malware,2024
backupitfirst.com,"DarkGate Malware Updates Tactics (New Payload, Email Templates)",Malware,2024
diveupdown.com,"DarkGate Malware Updates Tactics (New Payload, Email Templates)",Malware,2024
goingupdate.com,"DarkGate Malware Updates Tactics (New Payload, Email Templates)",Malware,2024
porsherses.com,DarkGate MaaS Shifts to AutoHotkey to Evade Detection,Malware,2024
adfhjadfbjadbfjkhad44jka.com,DarkGate MaaS Shifts to AutoHotkey to Evade Detection,Malware,2024
buassinnndm.net,"DarkGate Malware Updates Tactics (New Payload, Email Templates)",Malware,2024
badbutperfect.com,"DarkGate Malware Updates Tactics (New Payload, Email Templates)",Malware,2024
31yc.com,DarkGate MaaS Shifts to AutoHotkey to Evade Detection,Malware,2024
irreceiver.com,"DarkGate Malware Updates Tactics (New Payload, Email Templates)",Malware,2024
nextroundst.com,"DarkGate Malware Updates Tactics (New Payload, Email Templates)",Malware,2024
withupdate.com,"DarkGate Malware Updates Tactics (New Payload, Email Templates)",Malware,2024
rourtmanjsdadhfakja.com,DarkGate MaaS Shifts to AutoHotkey to Evade Detection,Malware,2024
http://irreceiver.com/dxuudgzy,DarkGate MaaS Shifts to AutoHotkey to Evade Detection,Malware,2024
http://rourtmanjsdadhfakja.com/lhikchzj,DarkGate MaaS Shifts to AutoHotkey to Evade Detection,Malware,2024
http://145.239.202.110:8094/,DarkGate MaaS Shifts to AutoHotkey to Evade Detection,Malware,2024
http://irreceiver.com/abtjvwag,DarkGate MaaS Shifts to AutoHotkey to Evade Detection,Malware,2024
http://103.124.106.237/wctaehcw,"DarkGate Malware Updates Tactics (New Payload, Email Templates)",Malware,2024
http://backupitfirst.com/ltndniiq,DarkGate MaaS Shifts to AutoHotkey to Evade Detection,Malware,2024
http://irreceiver.com/ngvoyjqalr,"DarkGate Malware Updates Tactics (New Payload, Email Templates)",Malware,2024
http://buassinnndm.net/czeeyrlr,DarkGate MaaS Shifts to AutoHotkey to Evade Detection,Malware,2024
http://adfhjadfbjadbfjkhad44jka.com/dekcbnwq,DarkGate MaaS Shifts to AutoHotkey to Evade Detection,Malware,2024
http://irreceiver.com/bbiafaxa,"DarkGate Malware Updates Tactics (New Payload, Email Templates)",Malware,2024
http://goingupdate.com/eolimcsx,DarkGate MaaS Shifts to AutoHotkey to Evade Detection,Malware,2024
http://31yc.com/sjcgwjvm,DarkGate MaaS Shifts to AutoHotkey to Evade Detection,Malware,2024
http://nextroundst.com/kqcmvqtj,"DarkGate Malware Updates Tactics (New Payload, Email Templates)",Malware,2024
http://31yc.com/jjwusvmw,DarkGate MaaS Shifts to AutoHotkey to Evade Detection,Malware,2024
http://45.63.52.184:8094/,DarkGate MaaS Shifts to AutoHotkey to Evade Detection,Malware,2024
http://irreceiver.com/argigbtt,"DarkGate Malware Updates Tactics (New Payload, Email Templates)",Malware,2024
http://backupitfirst.com/hcmjchqj,DarkGate MaaS Shifts to AutoHotkey to Evade Detection,Malware,2024
http://badbutperfect.com/nrwncpwo,"DarkGate Malware Updates Tactics (New Payload, Email Templates)",Malware,2024
http://rourtmanjsdadhfakja.com/kclddtnk,DarkGate MaaS Shifts to AutoHotkey to Evade Detection,Malware,2024
http://irreceiver.com/vceadwkonp,DarkGate MaaS Shifts to AutoHotkey to Evade Detection,Malware,2024
http://withupdate.com/zuyagaoq,"DarkGate Malware Updates Tactics (New Payload, Email Templates)",Malware,2024
http://103.124.106.237/giibkqxo,"DarkGate Malware Updates Tactics (New Payload, Email Templates)",Malware,2024
http://porsherses.com/miipnznj,DarkGate MaaS Shifts to AutoHotkey to Evade Detection,Malware,2024
http://backupitfirst.com/wtabzuuxye,DarkGate MaaS Shifts to AutoHotkey to Evade Detection,Malware,2024
http://149.56.252.31:8094/,DarkGate MaaS Shifts to AutoHotkey to Evade Detection,Malware,2024
http://193.142.146.203/utjudloz,DarkGate MaaS Shifts to AutoHotkey to Evade Detection,Malware,2024
http://31yc.com/gcwkaqrq,DarkGate MaaS Shifts to AutoHotkey to Evade Detection,Malware,2024
http://103.124.106.237/rjlcmdey,"DarkGate Malware Updates Tactics (New Payload, Email Templates)",Malware,2024
http://103.124.106.237/gsgqmjivmr,"DarkGate Malware Updates Tactics (New Payload, Email Templates)",Malware,2024
http://diveupdown.com/uyvbjbho,"DarkGate Malware Updates Tactics (New Payload, Email Templates)",Malware,2024
http://149.56.252.31:8094/vnezipnf,DarkGate MaaS Shifts to AutoHotkey to Evade Detection,Malware,2024
http://45.140.146.2:443/,DarkGate MaaS Shifts to AutoHotkey to Evade Detection,Malware,2024
http://goingupdate.com/rmgfzmtm,DarkGate MaaS Shifts to AutoHotkey to Evade Detection,Malware,2024
http://irreceiver.com/wbipazkrpk,DarkGate MaaS Shifts to AutoHotkey to Evade Detection,Malware,2024
http://goingupdate.com/ptoleqco,DarkGate MaaS Shifts to AutoHotkey to Evade Detection,Malware,2024
http://goingupdate.com/vzejpwemdt,DarkGate MaaS Shifts to AutoHotkey to Evade Detection,Malware,2024
http://45.140.146.2:443/ivpzhehw,DarkGate MaaS Shifts to AutoHotkey to Evade Detection,Malware,2024
http://irreceiver.com/fcpivgkx,DarkGate MaaS Shifts to AutoHotkey to Evade Detection,Malware,2024
http://rourtmanjsdadhfakja.com/bjnxidjt,DarkGate MaaS Shifts to AutoHotkey to Evade Detection,Malware,2024
http://irreceiver.com/endbcibm,DarkGate MaaS Shifts to AutoHotkey to Evade Detection,Malware,2024
http://irreceiver.com/giajwris,DarkGate MaaS Shifts to AutoHotkey to Evade Detection,Malware,2024
http://backupitfirst.com/wgfqneerod,"DarkGate Malware Updates Tactics (New Payload, Email Templates)",Malware,2024
thevegan8.shop,UNC1151 Ramps Up Cyberattacks Against Ukraine's Defenses,Malware,2024
https://thevegan8.shop/first-gen-network/micro-grants.svg,UNC1151 Ramps Up Cyberattacks Against Ukraine's Defenses,Malware,2024
https://goudieelectric.shop/cms/svg/6364.2809640e.chunk.svg,UNC1151 Ramps Up Cyberattacks Against Ukraine's Defenses,Malware,2024
maxpatrol.net,Decoy Dog Trojan Infiltrates Critical Infrastructure,Malware,2024
claudfront.net,ShadowSyndicate - A Covert Threat Actor With Global Reach,Malware,2024
beacon.net.eu.org,Decoy Dog Trojan Infiltrates Critical Infrastructure,Malware,2024
net-sensors.net,Decoy Dog Trojan Infiltrates Critical Infrastructure,Malware,2024
wmssh.com,Decoy Dog Trojan Infiltrates Critical Infrastructure,Malware,2024
mvs05.zyns.com,Decoy Dog Trojan Infiltrates Critical Infrastructure,Malware,2024
dw-filter.com,Decoy Dog Trojan Infiltrates Critical Infrastructure,Malware,2024
rcsmf100.net,Decoy Dog Trojan Infiltrates Critical Infrastructure,Malware,2024
c.glb-ru.info,Decoy Dog Trojan Infiltrates Critical Infrastructure,Malware,2024
nsdps.cc,Decoy Dog Trojan Infiltrates Critical Infrastructure,Malware,2024
http://lnloggen-app.online/,V3B Phishing Scam Targets European Banks,Malware,2024
http://abnamro.nl-appverifi.com/3/jjfosp/o34432fpo/index4.php,V3B Phishing Scam Targets European Banks,Malware,2024
http://reaktivieren-icsservice.nl/icscard.nl-v1/ics-log.php,V3B Phishing Scam Targets European Banks,Malware,2024
http://bunq-app-nl.net/k8ijl9/1m3k/lgn,V3B Phishing Scam Targets European Banks,Malware,2024
http://kontoaktualisierer-nl.com/icscard.nl-v1,V3B Phishing Scam Targets European Banks,Malware,2024
http://reaktivieren-icsservice.nl/icscard.nl-v1/,V3B Phishing Scam Targets European Banks,Malware,2024
http://bvstigveriapp.online/pay/664130fb17583,V3B Phishing Scam Targets European Banks,Malware,2024
http://ics-beveiligde-verificatie.com/sqi.php,V3B Phishing Scam Targets European Banks,Malware,2024
http://redirect-bunq-client.ru/account/321/,V3B Phishing Scam Targets European Banks,Malware,2024
http://valideren-mijn-ics-web1.online/sq0.php?session=664483b236193,V3B Phishing Scam Targets European Banks,Malware,2024
http://gemiste-aanmaning.com/belasting,V3B Phishing Scam Targets European Banks,Malware,2024
bezoeknummer48912543221.info,V3B Phishing Scam Targets European Banks,Malware,2024
belastingdienst-schuld.nl,V3B Phishing Scam Targets European Banks,Malware,2024
icscardsvoorschriften.nl,V3B Phishing Scam Targets European Banks,Malware,2024
belastingoverzicht.info,V3B Phishing Scam Targets European Banks,Malware,2024
nl-appverifi.com,V3B Phishing Scam Targets European Banks,Malware,2024
ics-cards.org,V3B Phishing Scam Targets European Banks,Malware,2024
mijni-cs.bezoeknummer0734859938.info,V3B Phishing Scam Targets European Banks,Malware,2024
icscards-nl.com,V3B Phishing Scam Targets European Banks,Malware,2024
bunq-app-nl.net,V3B Phishing Scam Targets European Banks,Malware,2024
bltvavo-bevestig.nt8zd3.ru,V3B Phishing Scam Targets European Banks,Malware,2024
nl-bunq-bijwerkerking.com,V3B Phishing Scam Targets European Banks,Malware,2024
http://111.10.231.151:8168/general/vmeet/upload/temp/x,Linux Variant of TargetCompany Ransomware Targets VMware ESXi Servers,Malware,2024
http://111.10.231.151:8168/general/vmeet/upload/temp/post.php,Linux Variant of TargetCompany Ransomware Targets VMware ESXi Servers,Malware,2024
http://111.10.231.151:8168/general/vmeet/upload/temp/x.sh,Linux Variant of TargetCompany Ransomware Targets VMware ESXi Servers,Malware,2024
wpseed.com,"DarkGate Malware Updates Tactics (New Payload, Email Templates)",Malware,2024
escuelademarina.com,"DarkGate Malware Updates Tactics (New Payload, Email Templates)",Malware,2024
wassonite.com,"DarkGate Malware Updates Tactics (New Payload, Email Templates)",Malware,2024
http://nextroundst.com/ffcxlohx,"DarkGate Malware Updates Tactics (New Payload, Email Templates)",Malware,2024
http://badbutperfect.com/jvtobaqj,"DarkGate Malware Updates Tactics (New Payload, Email Templates)",Malware,2024
http://wassonite.com/firqwthw,"DarkGate Malware Updates Tactics (New Payload, Email Templates)",Malware,2024
http://wassonite.com/ctekbgrbyt,"DarkGate Malware Updates Tactics (New Payload, Email Templates)",Malware,2024
http://wassonite.com/yrqnsfla,"DarkGate Malware Updates Tactics (New Payload, Email Templates)",Malware,2024
http://diveupdown.com/yhmrmmgc,"DarkGate Malware Updates Tactics (New Payload, Email Templates)",Malware,2024
http://nextroundst.com/qzaugqmb,"DarkGate Malware Updates Tactics (New Payload, Email Templates)",Malware,2024
http://backupitfirst.com/rudxfiyb,"DarkGate Malware Updates Tactics (New Payload, Email Templates)",Malware,2024
http://badbutperfect.com/ozkpfzju,"DarkGate Malware Updates Tactics (New Payload, Email Templates)",Malware,2024
http://backupitfirst.com/tvrewtdm,"DarkGate Malware Updates Tactics (New Payload, Email Templates)",Malware,2024
http://nextroundst.com/nlcsphze,"DarkGate Malware Updates Tactics (New Payload, Email Templates)",Malware,2024
http://badbutperfect.com/test2,"DarkGate Malware Updates Tactics (New Payload, Email Templates)",Malware,2024
http://diveupdown.com/hlsxaifp,"DarkGate Malware Updates Tactics (New Payload, Email Templates)",Malware,2024
http://backupitfirst.com/mhrcbdpm,"DarkGate Malware Updates Tactics (New Payload, Email Templates)",Malware,2024
http://wassonite.com/xztklipn,"DarkGate Malware Updates Tactics (New Payload, Email Templates)",Malware,2024
http://irreceiver.com/lcyqeksm,"DarkGate Malware Updates Tactics (New Payload, Email Templates)",Malware,2024
www.googlespeedtest33.com,Chinese Espionage Campaign Targets Southeast Asia,Malware,2024
http://leetdbs.anondns.net/z,"New Cryptojacking Threat ""Commando Cat"" Abuses Docker",Malware,2024
de-zahlung.eu,Apache RocketMQ Vulnerability Exploited by Muhstik Botnet,Malware,2024
findmeatthe.top,Apache RocketMQ Vulnerability Exploited by Muhstik Botnet,Malware,2024
shadow-mods.net,Apache RocketMQ Vulnerability Exploited by Muhstik Botnet,Malware,2024
deutschland-zahlung.eu,Apache RocketMQ Vulnerability Exploited by Muhstik Botnet,Malware,2024
document-cdn.org,Sticky Werewolf Attacks Aviation Industry,Malware,2024
http://a8advbiejf.christianvelour.com/sfglfjgg4ks4f,"Fake Job Postings Used to Perpetuate Malicious ""More_eggs"" Activity",Malware,2024
http://2944839123.christianvelour.com/33/ff5427fd446c109da7ef5ed0667c0025/2138989162,"Fake Job Postings Used to Perpetuate Malicious ""More_eggs"" Activity",Malware,2024
https://dcc.olcrv.com/login/tologin,"Fake Job Postings Used to Perpetuate Malicious ""More_eggs"" Activity",Malware,2024
h.windowsupdatesupport.link,Zombie Containers Mine Dero via Insecure Docker APIs,Malware,2024
d.windowsupdatesupport.link,Zombie Containers Mine Dero via Insecure Docker APIs,Malware,2024
community-pools.mysrv.cloud,Dero Cryptojacking Campaign Exploits Vulnerable Kubernetes Clusters,Malware,2024
name.windowsupdatesupport.link,Dero Cryptojacking Campaign Exploits Vulnerable Kubernetes Clusters,Malware,2024
update.windowsupdatesupport.link,Dero Cryptojacking Campaign Exploits Vulnerable Kubernetes Clusters,Malware,2024
http://equalizerrr.duckdns.org/droidbase64controlfire.txt,Agent Tesla Malware Targets Spanish Speakers in New Phishing Campaign,Malware,2024
https://ilang.in/qqbbmc,Agent Tesla Malware Targets Spanish Speakers in New Phishing Campaign,Malware,2024
https://paste.ee/d/ywwxg,Agent Tesla Malware Targets Spanish Speakers in New Phishing Campaign,Malware,2024
http://equalizerrr.duckdns.org/eveningdatingforeveryone.js,Agent Tesla Malware Targets Spanish Speakers in New Phishing Campaign,Malware,2024
https://uploaddeimagens.com.br/images/004/773/812/original/js.jpg?1713882778,Agent Tesla Malware Targets Spanish Speakers in New Phishing Campaign,Malware,2024
ftp.fosna.net,Agent Tesla Malware Targets Spanish Speakers in New Phishing Campaign,Malware,2024
http://download.uberlingen.com/index.php,North Korean Backdoor Niki Targets Critical Infrastructure,Malware,2024
online.viewers.r-e.kr,Kimsuky APT Group Leverages Social Engineering to Target Global Entities,Malware,2024
ecloud.uberlingen.n-e.kr,Kimsuky APT Group Leverages Social Engineering to Target Global Entities,Malware,2024
nero1.r-e.kr,North Korean Kimsuky Targets European Arms Manufacturer,Malware,2024
de.uberlingen.com,North Korean Kimsuky Targets European Arms Manufacturer,Malware,2024
share.dihl-defence.o-r.kr,Kimsuky APT Group Leverages Social Engineering to Target Global Entities,Malware,2024
share-defence.uberlingen.com,North Korean Kimsuky Targets European Arms Manufacturer,Malware,2024
accounts.login.idm.uberlingen.com,Kimsuky APT Group Leverages Social Engineering to Target Global Entities,Malware,2024
download.uberlingen.com,AppleSeed Campaign Unveils Kimsuky's Persistent Threat,Malware,2024
https://bashupload.com/-nsu2/1.txt,Attackers Turn Compromised Server into VPN Hub,Malware,2024
http://167.99.75.170/tun02.bat,Attackers Turn Compromised Server into VPN Hub,Malware,2024
http://167.99.75.170/tun02/vpn_server.config,Attackers Turn Compromised Server into VPN Hub,Malware,2024
http://45.77.44.127/vmtoolsd.exe,Attackers Turn Compromised Server into VPN Hub,Malware,2024
http://116.202.251.4/vmtoolsd.exe,Attackers Turn Compromised Server into VPN Hub,Malware,2024
http://167.99.75.170/dns003/sqlwritel.exe,Attackers Turn Compromised Server into VPN Hub,Malware,2024
https://advanced-ip-scanner.link/,Fake Advanced IP Scanner Installs Backdoor,Malware,2024
https://advnaced-ip-skanner.top/,Fake Advanced IP Scanner Installs Backdoor,Malware,2024
https://nanopeb.com/,Fake Advanced IP Scanner Installs Backdoor,Malware,2024
https://adlvanced-ip-scanner.com/,Fake Advanced IP Scanner Installs Backdoor,Malware,2024
https://coldfusioncnc.com/,Fake Advanced IP Scanner Installs Backdoor,Malware,2024
https://advanced-ip.org/,Fake Advanced IP Scanner Installs Backdoor,Malware,2024
http://mega.vlvlvlvl.site/vanban_8647.pdf.ps1,China's Mustang Panda Targets Vietnam in Cyberattacks,Malware,2024
http://megacybernews.com/stage2.2.ps1,China's Mustang Panda Targets Vietnam in Cyberattacks,Malware,2024
http://mega.vlvlvlvl.site/,China's Mustang Panda Targets Vietnam in Cyberattacks,Malware,2024
http://megacybernews.com/checkin.php,China's Mustang Panda Targets Vietnam in Cyberattacks,Malware,2024
http://mega.vlvlvlvl.site/hpcustpartui.dll,China's Mustang Panda Targets Vietnam in Cyberattacks,Malware,2024
http://megacybernews.com/getdata.ps1,China's Mustang Panda Targets Vietnam in Cyberattacks,Malware,2024
http://megacybernews.com/newrun.ps1,China's Mustang Panda Targets Vietnam in Cyberattacks,Malware,2024
http://megacybernews.com/book.dll,China's Mustang Panda Targets Vietnam in Cyberattacks,Malware,2024
http://mega.vlvlvlvl.site/hp.exe,China's Mustang Panda Targets Vietnam in Cyberattacks,Malware,2024
http://megacybernews.com/unikey.exe,China's Mustang Panda Targets Vietnam in Cyberattacks,Malware,2024
http://megacybernews.com/wwlib.dll,China's Mustang Panda Targets Vietnam in Cyberattacks,Malware,2024
vibm.vn,China's Mustang Panda Targets Vietnam in Cyberattacks,Malware,2024
mega.vlvlvlvl.site,China's Mustang Panda Targets Vietnam in Cyberattacks,Malware,2024
megacybernews.com,China's Mustang Panda Targets Vietnam in Cyberattacks,Malware,2024
payment.tripadviso.online,China's Mustang Panda Targets Vietnam in Cyberattacks,Malware,2024
ww1.nokari.com,Masquerading Domain,SuspiciousActivity,2024
http://85.209.11.48/ksajsk,ALPHV Ransomware Leveraging RDP and ScreenConnect,Malware,2024
http://85.209.11.48/download/test1.exe,ALPHV Ransomware Leveraging RDP and ScreenConnect,Malware,2024
http://85.209.11.48/ksaid,ALPHV Ransomware Leveraging RDP and ScreenConnect,Malware,2024
http://temp.sh/vslav/http64.exe,ALPHV Ransomware Leveraging RDP and ScreenConnect,Malware,2024
http://85.209.11.48/download/csss.exe,ALPHV Ransomware Leveraging RDP and ScreenConnect,Malware,2024
http://85.209.11.48/download/http64.exe,ALPHV Ransomware Leveraging RDP and ScreenConnect,Malware,2024
jkbarmossen.com,ALPHV Ransomware Leveraging RDP and ScreenConnect,Malware,2024
modalefastnow.com,ALPHV Ransomware Leveraging RDP and ScreenConnect,Malware,2024
jerryposter.com,ALPHV Ransomware Leveraging RDP and ScreenConnect,Malware,2024
evinakortu.com,ALPHV Ransomware Leveraging RDP and ScreenConnect,Malware,2024
hofsaalos.com,ALPHV Ransomware Leveraging RDP and ScreenConnect,Malware,2024
skrechelres.com,ALPHV Ransomware Leveraging RDP and ScreenConnect,Malware,2024
http://101.33.117.200/,Multi-Stage Deception: A Technical Look at the Latest ValleyRAT Variant,Malware,2024
http://43.132.212.111/,Multi-Stage Deception: A Technical Look at the Latest ValleyRAT Variant,Malware,2024
https://2024aasaf.oss-cn-hongkong.aliyuncs.com/tare965624%20.exe,Multi-Stage Deception: A Technical Look at the Latest ValleyRAT Variant,Malware,2024
http://mtw.so/5fytvq,Multi-Stage Deception: A Technical Look at the Latest ValleyRAT Variant,Malware,2024
https://scpgjhs.com/tare965624.exe,Multi-Stage Deception: A Technical Look at the Latest ValleyRAT Variant,Malware,2024
http://wenjian2024.com/57683653%e5%87%bd%e6%95%b0.exe,Multi-Stage Deception: A Technical Look at the Latest ValleyRAT Variant,Malware,2024
http://119.28.32.143/,Multi-Stage Deception: A Technical Look at the Latest ValleyRAT Variant,Malware,2024
http://kfurl.cn/kvukj,Multi-Stage Deception: A Technical Look at the Latest ValleyRAT Variant,Malware,2024
http://43.132.235.4/,Multi-Stage Deception: A Technical Look at the Latest ValleyRAT Variant,Malware,2024
http://124.156.134.223/,Multi-Stage Deception: A Technical Look at the Latest ValleyRAT Variant,Malware,2024
http://119.28.41.143/,Multi-Stage Deception: A Technical Look at the Latest ValleyRAT Variant,Malware,2024
http://43.129.233.99/,Multi-Stage Deception: A Technical Look at the Latest ValleyRAT Variant,Malware,2024
https://fpwenj.zhangyaodong5.com/tare985624.exe,Multi-Stage Deception: A Technical Look at the Latest ValleyRAT Variant,Malware,2024
https://t.me/+st2yadnciu1inmqy,SSLoad's Techniques for Reconnaissance and Evasion,Malware,2024
attacker.fit,Chinese Threat Actor  SecShow Conducts Large-Scale DNS Survey,Malware,2024
secshow.net,Chinese Threat Actor  SecShow Conducts Large-Scale DNS Survey,Malware,2024
secdns.site,Chinese Threat Actor  SecShow Conducts Large-Scale DNS Survey,Malware,2024
nameserver.fit,Chinese Threat Actor  SecShow Conducts Large-Scale DNS Survey,Malware,2024
prey.fit,Chinese Threat Actor  SecShow Conducts Large-Scale DNS Survey,Malware,2024
victim.fit,Chinese Threat Actor  SecShow Conducts Large-Scale DNS Survey,Malware,2024
savme.xyz,Chinese Threat Actor  SecShow Conducts Large-Scale DNS Survey,Malware,2024
omeindia.com,"New Windows Backdoor (""Warmcookie"") Hides in Fake Job Emails",Malware,2024
lifeyomi.com,MSC Files Exploited by Hackers in Attacks,Malware,2024
shreyaninfotech.com,RedDelta Targeting Southeast Asia with Evolved PlugX Backdoor,Malware,2024
buyinginfo.org,RedDelta Targeting Southeast Asia with Evolved PlugX Backdoor,Malware,2024
lebohdc.com,RedDelta Targeting Southeast Asia with Evolved PlugX Backdoor,Malware,2024
versaillesinfo.com,RedDelta Targeting Southeast Asia with Evolved PlugX Backdoor,Malware,2024
gulfesolutions.com,RedDelta Targeting Southeast Asia with Evolved PlugX Backdoor,Malware,2024
profilepimpz.com,RedDelta Targeting Southeast Asia with Evolved PlugX Backdoor,Malware,2024
tender-coding-bi-associate.trycloudflare.com,Phishing Emails Exploit Windows Search for Malicious Script Delivery,Malware,2024
lapizachat.com,Arid Viper Spreads AridSpy Malware Through Fake Mobile App,Malware,2024
alwaysgoodidea.com,Arid Viper Spreads AridSpy Malware Through Fake Mobile App,Malware,2024
nortirchats.com,Arid Viper Spreads AridSpy Malware Through Fake Mobile App,Malware,2024
proj-95dae.firebaseio.com,Arid Viper Spreads AridSpy Malware Through Fake Mobile App,Malware,2024
elsilvercloud.com,Arid Viper Spreads AridSpy Malware Through Fake Mobile App,Malware,2024
project44-5ebbd.firebaseio.com,Arid Viper Spreads AridSpy Malware Through Fake Mobile App,Malware,2024
reblychat.com,Arid Viper Spreads AridSpy Malware Through Fake Mobile App,Malware,2024
proj3-1e67a.firebaseio.com,Arid Viper Spreads AridSpy Malware Through Fake Mobile App,Malware,2024
www.lapizachat.com,Arid Viper Spreads AridSpy Malware Through Fake Mobile App,Malware,2024
proj-54ca0.firebaseio.com,Arid Viper Spreads AridSpy Malware Through Fake Mobile App,Malware,2024
almoshell.website,Arid Viper Spreads AridSpy Malware Through Fake Mobile App,Malware,2024
proj-2bedf.firebaseio.com,Arid Viper Spreads AridSpy Malware Through Fake Mobile App,Malware,2024
sdklibraries.com,Profiling Pakistan's Cyber Operations Against India,Malware,2024
windowsupdatecloud.com,Profiling Pakistan's Cyber Operations Against India,Malware,2024
androidsdkstream.com,Profiling Pakistan's Cyber Operations Against India,Malware,2024
jdklibraries.com,Profiling Pakistan's Cyber Operations Against India,Malware,2024
craftwithme.uk,Profiling Pakistan's Cyber Operations Against India,Malware,2024
sexyber.net,Profiling Pakistan's Cyber Operations Against India,Malware,2024
androidadbserver.com,Profiling Pakistan's Cyber Operations Against India,Malware,2024
dl01.mozillasecurity.com,Profiling Pakistan's Cyber Operations Against India,Malware,2024
rockamore.co.uk,Profiling Pakistan's Cyber Operations Against India,Malware,2024
androidmetricsasia.com,Profiling Pakistan's Cyber Operations Against India,Malware,2024
zclouddrive.com,Profiling Pakistan's Cyber Operations Against India,Malware,2024
cvscout.uk,Profiling Pakistan's Cyber Operations Against India,Malware,2024
cloudieapp.net,Profiling Pakistan's Cyber Operations Against India,Malware,2024
playstoreapi.net,Profiling Pakistan's Cyber Operations Against India,Malware,2024
webbucket.co.uk,Profiling Pakistan's Cyber Operations Against India,Malware,2024
officelibraries.com,Profiling Pakistan's Cyber Operations Against India,Malware,2024
javacdnlib.com,Profiling Pakistan's Cyber Operations Against India,Malware,2024
teraspace.co.in,Profiling Pakistan's Cyber Operations Against India,Malware,2024
androidwebkit.com,Profiling Pakistan's Cyber Operations Against India,Malware,2024
https://tl37.officelibraries.com/opex/13942ba7.php,Profiling Pakistan's Cyber Operations Against India,Malware,2024
https://download.webbucket.co.uk/webbucket/,Profiling Pakistan's Cyber Operations Against India,Malware,2024
https://dl01.windowsupdatecloud.com/opex/7ab24931.php,Profiling Pakistan's Cyber Operations Against India,Malware,2024
https://tl37.officelibraries.com/microsoftupdates/741bbfe6.php,Profiling Pakistan's Cyber Operations Against India,Malware,2024
https://jupiter.playstoreapi.net/rb/e7a18a38.php,Profiling Pakistan's Cyber Operations Against India,Malware,2024
https://tl37.officelibraries.com/sier/resauth.php,Profiling Pakistan's Cyber Operations Against India,Malware,2024
https://download.webbucket.co.uk/a0b74607.php,Profiling Pakistan's Cyber Operations Against India,Malware,2024
http://dl01.windowsupdatecloud.com/opex/7ab24931.php,Profiling Pakistan's Cyber Operations Against India,Malware,2024
https://www.sexyber.net/downloads/7ddf32e17a6ac5ce04a8ecbf782ca509/sexyber-1.0.0.zip,Profiling Pakistan's Cyber Operations Against India,Malware,2024
https://dl01.mozillasecurity.com/resauth.php/,Profiling Pakistan's Cyber Operations Against India,Malware,2024
https://zclouddrive.com/system/546f9a.php,Profiling Pakistan's Cyber Operations Against India,Malware,2024
https://download.cvscout.uk/cvscout/,Profiling Pakistan's Cyber Operations Against India,Malware,2024
https://zclouddrive.com/downloads/clouddrive_setup_1.0.1.exe,Profiling Pakistan's Cyber Operations Against India,Malware,2024
https://jupiter.playstoreapi.net/indigo/8a99d28c.php,Profiling Pakistan's Cyber Operations Against India,Malware,2024
https://download.teraspace.co.in/teraspace/,Profiling Pakistan's Cyber Operations Against India,Malware,2024
https://download.cvscout.uk/c9a5e83c.php,Profiling Pakistan's Cyber Operations Against India,Malware,2024
https://tl37.officelibraries.com/resauth.php/,Profiling Pakistan's Cyber Operations Against India,Malware,2024
https://download.teraspace.co.in/78181d14.php,Profiling Pakistan's Cyber Operations Against India,Malware,2024
https://tl37.officelibraries.com/mswordupdates/c47d1870.php,Profiling Pakistan's Cyber Operations Against India,Malware,2024
https://download.sexyber.net/0fb1e3a0.php,Profiling Pakistan's Cyber Operations Against India,Malware,2024
https://api1.androidsdkstream.com/foxtrot/61c10953.php,Profiling Pakistan's Cyber Operations Against India,Malware,2024
https://www.craftwithme.uk/cwmb/craftwithme/strong_client.php,Profiling Pakistan's Cyber Operations Against India,Malware,2024
https://library.androidwebkit.com/kangaroo/8a99d28c.php,Profiling Pakistan's Cyber Operations Against India,Malware,2024
https://jre.jdklibraries.com/hotriculture/671e00eb.php,Profiling Pakistan's Cyber Operations Against India,Malware,2024
https://download.rockamore.co.uk/m2c/m_client.php,Profiling Pakistan's Cyber Operations Against India,Malware,2024
https://www.craftwithme.uk/cwmb/craftwithme/,Profiling Pakistan's Cyber Operations Against India,Malware,2024
https://dl01.mozillasecurity.com/microsoftupdates/6efbb147.php,Profiling Pakistan's Cyber Operations Against India,Malware,2024
https://api1.androidsdkstream.com/foxtrot/,Profiling Pakistan's Cyber Operations Against India,Malware,2024
https://download.cvscout.uk/cvscout/cvstyler_client.php,Profiling Pakistan's Cyber Operations Against India,Malware,2024
https://adb.androidadbserver.com/jurassic/6c67d428.php,Profiling Pakistan's Cyber Operations Against India,Malware,2024
https://cloudieapp.net/cloudie.zip,Profiling Pakistan's Cyber Operations Against India,Malware,2024
https://download.sexyber.net/sexyber/sexyberc.php,Profiling Pakistan's Cyber Operations Against India,Malware,2024
https://sni1.androidmetricsasia.com/voilet/8a99d28c.php,Profiling Pakistan's Cyber Operations Against India,Malware,2024
https://jun.javacdnlib.com/quebec/5be977ac.php,Profiling Pakistan's Cyber Operations Against India,Malware,2024
https://sdk2.sdklibraries.com/golf/c6cf642b.php,Profiling Pakistan's Cyber Operations Against India,Malware,2024
https://dl01.mozillasecurity.com/,Profiling Pakistan's Cyber Operations Against India,Malware,2024
https://dl01.mozillasecurity.com/sier/resauth.php,Profiling Pakistan's Cyber Operations Against India,Malware,2024
https://dev.androidadbserver.com/jurassic/6c67d428.php,Profiling Pakistan's Cyber Operations Against India,Malware,2024
https://zclouddrive.com/system/clouddrive/,Profiling Pakistan's Cyber Operations Against India,Malware,2024
https://www.craftwithme.uk/cwmb/d26873c6.php,Profiling Pakistan's Cyber Operations Against India,Malware,2024
https://download.webbucket.co.uk/webbucket/strong_client.php,Profiling Pakistan's Cyber Operations Against India,Malware,2024
https://moon.playstoreapi.net/indigo/8a99d28c.php,Profiling Pakistan's Cyber Operations Against India,Malware,2024
https://sexyber.net/downloads/7ddf32e17a6ac5ce04a8ecbf782ca509/sexyber-1.0.0.zip,Profiling Pakistan's Cyber Operations Against India,Malware,2024
https://ux.androidwebkit.com/kangaroo/8a99d28c.php,Profiling Pakistan's Cyber Operations Against India,Malware,2024
https://streaming.jsonmediapacks.com/,Connection was made to this malicious site which indeed was blocked by Defender,Malware,2024
uhsee.com,BadSpace Backdoor delivered via Legitimate Websites,Malware,2024
kongtuke.com,BadSpace Backdoor delivered via Legitimate Websites,Malware,2024
mylittlecabbage.net,Hackers Use Fake Alarms to Spread Malware via PowerShell,Malware,2024
https://cdn3535.shop/1.zip,Hackers Use Fake Alarms to Spread Malware via PowerShell,Malware,2024
https://rtattack.baqebei1.online/df/tt,Hackers Use Fake Alarms to Spread Malware via PowerShell,Malware,2024
https://lashakhazhalia86dancer.com/c.txt,Hackers Use Fake Alarms to Spread Malware via PowerShell,Malware,2024
https://oazevents.com/loader.html,Hackers Use Fake Alarms to Spread Malware via PowerShell,Malware,2024
https://kostumn1.ilabserver.com/1.zip,Hackers Use Fake Alarms to Spread Malware via PowerShell,Malware,2024
http://languangjob.com/pandstvx,Hackers Use Fake Alarms to Spread Malware via PowerShell,Malware,2024
http://45.130.22.219/aspx.exe,"Coin Miner Malware, Infiltrating Domestic Web Servers for Crypto Gain",Malware,2024
http://sinmaxinter.top/,"Coin Miner Malware, Infiltrating Domestic Web Servers for Crypto Gain",Malware,2024
http://14.19.214.36/11.exe,"Coin Miner Malware, Infiltrating Domestic Web Servers for Crypto Gain",Malware,2024
http://192.210.206.76/srdi.dat,"Coin Miner Malware, Infiltrating Domestic Web Servers for Crypto Gain",Malware,2024
authmicronlineonfication.com,ONNX Phishing Campaign Steals Microsoft 365 Logins at Financial Institutions,Malware,2024
agchoice.us-hindus.com,ONNX Phishing Campaign Steals Microsoft 365 Logins at Financial Institutions,Malware,2024
473.kernam.com,ONNX Phishing Campaign Steals Microsoft 365 Logins at Financial Institutions,Malware,2024
v744.r9gh2.com,ONNX Phishing Campaign Steals Microsoft 365 Logins at Financial Institutions,Malware,2024
verify-office-outlook.com,ONNX Phishing Campaign Steals Microsoft 365 Logins at Financial Institutions,Malware,2024
bsifinancial019.ssllst.cloud,ONNX Phishing Campaign Steals Microsoft 365 Logins at Financial Institutions,Malware,2024
zaq.gletber.com,ONNX Phishing Campaign Steals Microsoft 365 Logins at Financial Institutions,Malware,2024
docusign.multiparteurope.com,ONNX Phishing Campaign Steals Microsoft 365 Logins at Financial Institutions,Malware,2024
stream-verify-login.com,ONNX Phishing Campaign Steals Microsoft 365 Logins at Financial Institutions,Malware,2024
http://prodfindfeatures.com/,Fake Installers Deliver Oyster Backdoor via Malvertising,Malware,2024
http://supfoundrysettlers.us/,Fake Installers Deliver Oyster Backdoor via Malvertising,Malware,2024
http://retdirectyourman.eu/,Fake Installers Deliver Oyster Backdoor via Malvertising,Malware,2024
http://micrsoft-teams-download.com/,Fake Installers Deliver Oyster Backdoor via Malvertising,Malware,2024
http://impresoralaser.pro/,Fake Installers Deliver Oyster Backdoor via Malvertising,Malware,2024
hm.webcamcn.xyz,Chinese Users Targeted with Fake VPNs Disguised with Deepfakes,Malware,2024
156.248.54.11.webcamcn.xyz,Chinese Users Targeted with Fake VPNs Disguised with Deepfakes,Malware,2024
hm2.webcamcn.xyz,Chinese Users Targeted with Fake VPNs Disguised with Deepfakes,Malware,2024
103.214.147.14.webcamcn.xyz,Chinese Users Targeted with Fake VPNs Disguised with Deepfakes,Malware,2024
keningsberguersfax.com,Hijack Loader and Vidar Stealer Targeting Users Through Fake Software,Malware,2024
nongduangmarket.com,Markopolo Steals Crypto with Fake Meetings,Malware,2024
novatercaagilidade.com,Markopolo Steals Crypto with Fake Meetings,Malware,2024
piloje.com,Markopolo Steals Crypto with Fake Meetings,Malware,2024
institutoangelabatista.com,Markopolo Steals Crypto with Fake Meetings,Malware,2024
eliteneatproductshop.com,Markopolo Steals Crypto with Fake Meetings,Malware,2024
deskpaypal.com,Markopolo Steals Crypto with Fake Meetings,Malware,2024
iuddy.com,Markopolo Steals Crypto with Fake Meetings,Malware,2024
ebolight.com,Markopolo Steals Crypto with Fake Meetings,Malware,2024
crosscertify.com,Markopolo Steals Crypto with Fake Meetings,Malware,2024
vortax.app,Markopolo Steals Crypto with Fake Meetings,Malware,2024
cheapcleanprotein.com,Markopolo Steals Crypto with Fake Meetings,Malware,2024
betbhaibetting.com,Markopolo Steals Crypto with Fake Meetings,Malware,2024
marylandhomerates.com,Markopolo Steals Crypto with Fake Meetings,Malware,2024
tripleplay-arg1.com,Markopolo Steals Crypto with Fake Meetings,Malware,2024
vortax.space,Markopolo Steals Crypto with Fake Meetings,Malware,2024
garagemfinity.com,Markopolo Steals Crypto with Fake Meetings,Malware,2024
faruvinnovations.com,Markopolo Steals Crypto with Fake Meetings,Malware,2024
hobbyplanners.com,Markopolo Steals Crypto with Fake Meetings,Malware,2024
aidigibrain.com,Markopolo Steals Crypto with Fake Meetings,Malware,2024
msjessd.com,Markopolo Steals Crypto with Fake Meetings,Malware,2024
weworkhappy.com,Markopolo Steals Crypto with Fake Meetings,Malware,2024
assetsreserve.com,Markopolo Steals Crypto with Fake Meetings,Malware,2024
pegamente.com,Markopolo Steals Crypto with Fake Meetings,Malware,2024
crosstacks.com,Markopolo Steals Crypto with Fake Meetings,Malware,2024
indianahomerates.com,Markopolo Steals Crypto with Fake Meetings,Malware,2024
showpiecekennelmating.com,Markopolo Steals Crypto with Fake Meetings,Malware,2024
plumbonwater.com,Markopolo Steals Crypto with Fake Meetings,Malware,2024
repairleatherla.com,Markopolo Steals Crypto with Fake Meetings,Malware,2024
casino-legrand.info,Markopolo Steals Crypto with Fake Meetings,Malware,2024
123mllhasbrasil.com,Markopolo Steals Crypto with Fake Meetings,Malware,2024
shinudating.com,Markopolo Steals Crypto with Fake Meetings,Malware,2024
xhaxo.com,Markopolo Steals Crypto with Fake Meetings,Malware,2024
vortax.org,Markopolo Steals Crypto with Fake Meetings,Malware,2024
https://vortax.io/assets/php-back/check-code.php,Markopolo Steals Crypto with Fake Meetings,Malware,2024
dataintegration.site,Malicious URL,SuspiciousActivity,2024
admin.yhuiz-4.sbs,QR Code Phishing Scam Targets China,Malware,2024
rcgali.uhhsjzn.cn,QR Code Phishing Scam Targets China,Malware,2024
xzlky6.uhhsjzn.cn,QR Code Phishing Scam Targets China,Malware,2024
http://ry.ngghznm.cn/,QR Code Phishing Scam Targets China,Malware,2024
m.9-9-13.com,Hackers Hijack Docker for Crypto Mining Spree,Malware,2024
s.sh,Hackers Hijack Docker for Crypto Mining Spree,Malware,2024
b.sh,Hackers Hijack Docker for Crypto Mining Spree,Malware,2024
m.9-9-12.com,Hackers Hijack Docker for Crypto Mining Spree,Malware,2024
b.9-9-11.com,Hackers Hijack Docker for Crypto Mining Spree,Malware,2024
b.9-9-12.com,Hackers Hijack Docker for Crypto Mining Spree,Malware,2024
m.9-9-11.com,Hackers Hijack Docker for Crypto Mining Spree,Malware,2024
m.9-9-8.com,Hackers Hijack Docker for Crypto Mining Spree,Malware,2024
http://b.9-9-11.com/brysj/d/s.sh,Hackers Hijack Docker for Crypto Mining Spree,Malware,2024
http://b.9-9-11.com/brysj/d/ai.sh,Hackers Hijack Docker for Crypto Mining Spree,Malware,2024
http://b.9-9-11.com/brysj/m/m.tar,Hackers Hijack Docker for Crypto Mining Spree,Malware,2024
http://b.9-9-11.com/brysj/d/ar.sh,Hackers Hijack Docker for Crypto Mining Spree,Malware,2024
swiftandfast.net,Chinese Hackers Target Asian Telecoms,Malware,2024
http://github.com/skorikjr,"Rust-based Malware Bypasses UAC, Steals Information",Malware,2024
uni2phish.ru,Threat Actors Target Android with Rafel RAT,Malware,2024
kafila001.000webhostapp.com,Threat Actors Target Android with Rafel RAT,Malware,2024
zetalinks.tech,Threat Actors Target Android with Rafel RAT,Malware,2024
districtjudiciarycharsadda.gov.pk,Threat Actors Target Android with Rafel RAT,Malware,2024
discord-rat23.000webhostapp.com,Threat Actors Target Android with Rafel RAT,Malware,2024
bazfinc.xyz,Threat Actors Target Android with Rafel RAT,Malware,2024
ashrat.000webhostapp.com,Threat Actors Target Android with Rafel RAT,Malware,2024
get.upd-rkn.net,New GoRed Malware Targets Russian Businesses,Malware,2024
chifa.rpm-bin.link,New GoRed Malware Targets Russian Businesses,Malware,2024
rhl.rpm-bin.link,New GoRed Malware Targets Russian Businesses,Malware,2024
leo.rpm-bin.link,New GoRed Malware Targets Russian Businesses,Malware,2024
base.upd-rkn.net,New GoRed Malware Targets Russian Businesses,Malware,2024
unicorn.rpm-bin.link,New GoRed Malware Targets Russian Businesses,Malware,2024
source.rpm-bin.link,New GoRed Malware Targets Russian Businesses,Malware,2024
narwhal.rpm-bin.link,New GoRed Malware Targets Russian Businesses,Malware,2024
sula.rpm-bin.link,New GoRed Malware Targets Russian Businesses,Malware,2024
mtp.upd-rkn.net,New GoRed Malware Targets Russian Businesses,Malware,2024
trust.setup.mom,New GoRed Malware Targets Russian Businesses,Malware,2024
bot.upd-rkn.net,New GoRed Malware Targets Russian Businesses,Malware,2024
ops.rpm-bin.link,New GoRed Malware Targets Russian Businesses,Malware,2024
rls.upd-rkn.net,New GoRed Malware Targets Russian Businesses,Malware,2024
ci.rpm-bin.link,New GoRed Malware Targets Russian Businesses,Malware,2024
get.upd-rk.net,New GoRed Malware Targets Russian Businesses,Malware,2024
wired.setup.mom,New GoRed Malware Targets Russian Businesses,Malware,2024
mtp.upd-rk.net,New GoRed Malware Targets Russian Businesses,Malware,2024
get.rpm-bin.link,New GoRed Malware Targets Russian Businesses,Malware,2024
amd64.rpm-bin.link,New GoRed Malware Targets Russian Businesses,Malware,2024
lib.rpm-bin.link,New GoRed Malware Targets Russian Businesses,Malware,2024
get.setup.mom,New GoRed Malware Targets Russian Businesses,Malware,2024
lib.rest,New GoRed Malware Targets Russian Businesses,Malware,2024
src.setup.mom,New GoRed Malware Targets Russian Businesses,Malware,2024
rosm.pro,New GoRed Malware Targets Russian Businesses,Malware,2024
ci.upd-rkn.net,New GoRed Malware Targets Russian Businesses,Malware,2024
pkg.collect.net.in,New GoRed Malware Targets Russian Businesses,Malware,2024
cktime.ooguy.com,China-Linked Cyberattacks Target Taiwan (75 Orgs Hit),Malware,2024
https://life2vec.io/top-10-houston-maritime-attorneys-leading-the-way-in-maritime-law/,Fake Meta Quest App Spreads AdsExhaust Adware,Malware,2024
https://life2vec.io/maximize-dental-insurance-benefits/,Fake Meta Quest App Spreads AdsExhaust Adware,Malware,2024
https://life2vec.io/best-accidental-insurance-america/,Fake Meta Quest App Spreads AdsExhaust Adware,Malware,2024
https://life2vec.io/renters-insurance-vs-homeowners-insurance-key-differences/,Fake Meta Quest App Spreads AdsExhaust Adware,Malware,2024
https://life2vec.io/life-insurance-different-life-stages/,Fake Meta Quest App Spreads AdsExhaust Adware,Malware,2024
https://life2vec.io/top-10-truck-accident-attorneys-in-the-usa/,Fake Meta Quest App Spreads AdsExhaust Adware,Malware,2024
https://life2vec.io/term-life-insurance-in-the-usa/,Fake Meta Quest App Spreads AdsExhaust Adware,Malware,2024
https://pchelprwizzards.com/0x80070643/index.html,Fake Meta Quest App Spreads AdsExhaust Adware,Malware,2024
https://life2vec.io/tax-benefits-whole-life-insurance/,Fake Meta Quest App Spreads AdsExhaust Adware,Malware,2024
https://life2vec.io/disability-insurance-essential-working-adult/,Fake Meta Quest App Spreads AdsExhaust Adware,Malware,2024
https://life2vec.io/top-10-loan-lenders-in-the-usa-life2vec-io/,Fake Meta Quest App Spreads AdsExhaust Adware,Malware,2024
https://life2vec.io/whole-life-insurance-for-high-net-worth-individuals/,Fake Meta Quest App Spreads AdsExhaust Adware,Malware,2024
https://life2vec.io/workers-compensation-insurance-protecting-your-workforce-life2vec-io/,Fake Meta Quest App Spreads AdsExhaust Adware,Malware,2024
https://life2vec.io/best-insurance-self-driving-cars/,Fake Meta Quest App Spreads AdsExhaust Adware,Malware,2024
https://life2vec.io/professional-liability-insurance-save-business/,Fake Meta Quest App Spreads AdsExhaust Adware,Malware,2024
https://life2vec.io/ai-predicting-business-risks/,Fake Meta Quest App Spreads AdsExhaust Adware,Malware,2024
https://life2vec.io/obtaining-insurance-compensation-for-mesothelioma/,Fake Meta Quest App Spreads AdsExhaust Adware,Malware,2024
https://life2vec.io/retirement-planning-in-the-usa-life2vec-io/,Fake Meta Quest App Spreads AdsExhaust Adware,Malware,2024
https://life2vec.io/types-of-insurance/,Fake Meta Quest App Spreads AdsExhaust Adware,Malware,2024
http://oculus-app.com/,Fake Meta Quest App Spreads AdsExhaust Adware,Malware,2024
https://life2vec.io/save-money-homeowners-insurance-tips/,Fake Meta Quest App Spreads AdsExhaust Adware,Malware,2024
https://t.me/r8z0l,Fake Meta Quest App Spreads AdsExhaust Adware,Malware,2024
https://life2vec.io/getting-a-car-accident-insurance-claim-online/,Fake Meta Quest App Spreads AdsExhaust Adware,Malware,2024
https://life2vec.io/business-owners-policy-bop-small-businesses/,Fake Meta Quest App Spreads AdsExhaust Adware,Malware,2024
https://ghufal.answermedia.site/kb/kb66958646,Fake Meta Quest App Spreads AdsExhaust Adware,Malware,2024
https://life2vec.io/life-insurance-for-small-business-owners/,Fake Meta Quest App Spreads AdsExhaust Adware,Malware,2024
https://life2vec.io/top-10-renters-insurance-providers/,Fake Meta Quest App Spreads AdsExhaust Adware,Malware,2024
https://life2vec.io/home-owners-insurance-guide/,Fake Meta Quest App Spreads AdsExhaust Adware,Malware,2024
https://life2vec.io/,Fake Meta Quest App Spreads AdsExhaust Adware,Malware,2024
https://life2vec.io/technology-modern-workers-compensation-insurance/,Fake Meta Quest App Spreads AdsExhaust Adware,Malware,2024
https://life2vec.io/business-insurance-myths/,Fake Meta Quest App Spreads AdsExhaust Adware,Malware,2024
https://life2vec.io/personal-loans-in-the-usa-life2vec-io/,Fake Meta Quest App Spreads AdsExhaust Adware,Malware,2024
https://life2vec.io/top-7-insurance-providers-in-the-usa/,Fake Meta Quest App Spreads AdsExhaust Adware,Malware,2024
https://life2vec.io/top-workers-compensation-insurance-policies/,Fake Meta Quest App Spreads AdsExhaust Adware,Malware,2024
https://life2vec.io/selecting-a-maritime-attorney-in-houston/,Fake Meta Quest App Spreads AdsExhaust Adware,Malware,2024
https://life2vec.io/top-health-insurance-quotes/,Fake Meta Quest App Spreads AdsExhaust Adware,Malware,2024
https://life2vec.io/cost-of-pet-insurance-is-it-worth-it/,Fake Meta Quest App Spreads AdsExhaust Adware,Malware,2024
https://life2vec.io/emerging-trends-in-small-business-insurance/,Fake Meta Quest App Spreads AdsExhaust Adware,Malware,2024
https://life2vec.io/impact-autonomous-vehicles-auto-insurance/,Fake Meta Quest App Spreads AdsExhaust Adware,Malware,2024
https://life2vec.io/mistakes-term-life-insurance/,Fake Meta Quest App Spreads AdsExhaust Adware,Malware,2024
https://life2vec.io/benefits-life-insurance-beyond-death-benefit/,Fake Meta Quest App Spreads AdsExhaust Adware,Malware,2024
https://life2vec.io/truck-accidents-hiring-the-right-attorney/,Fake Meta Quest App Spreads AdsExhaust Adware,Malware,2024
https://life2vec.io/business-disputes-effective-resolution/,Fake Meta Quest App Spreads AdsExhaust Adware,Malware,2024
https://life2vec.io/top-10-dental-insurance-plans-2024/,Fake Meta Quest App Spreads AdsExhaust Adware,Malware,2024
https://life2vec.io/choose-right-business-attorney-startup/,Fake Meta Quest App Spreads AdsExhaust Adware,Malware,2024
https://life2vec.io/telematics-usage-based-insurance-auto/,Fake Meta Quest App Spreads AdsExhaust Adware,Malware,2024
https://life2vec.io/general-liability-insurance-guide/,Fake Meta Quest App Spreads AdsExhaust Adware,Malware,2024
https://life2vec.io/professional-liability-insurance-life2vec-io/,Fake Meta Quest App Spreads AdsExhaust Adware,Malware,2024
https://life2vec.io/life-expectancy-calculator-vs-life-insurance/,Fake Meta Quest App Spreads AdsExhaust Adware,Malware,2024
https://life2vec.io/filing-a-mesothelioma-lawsuit-guide/,Fake Meta Quest App Spreads AdsExhaust Adware,Malware,2024
https://life2vec.io/small-business-insurance-guide/,Fake Meta Quest App Spreads AdsExhaust Adware,Malware,2024
https://life2vec.io/reduce-workers-compensation-insurance-costs-tips/,Fake Meta Quest App Spreads AdsExhaust Adware,Malware,2024
https://life2vec.io/intellectual-property-protection/,Fake Meta Quest App Spreads AdsExhaust Adware,Malware,2024
https://life2vec.io/top-10-car-accident-attorneys-in-the-usa/,Fake Meta Quest App Spreads AdsExhaust Adware,Malware,2024
https://life2vec.io/life2vec-ai-death-calculator/,Fake Meta Quest App Spreads AdsExhaust Adware,Malware,2024
https://life2vec.io/business-property-insurance-life2vec-io/,Fake Meta Quest App Spreads AdsExhaust Adware,Malware,2024
https://life2vec.io/guide-individual-and-family-health-insurance-plans/,Fake Meta Quest App Spreads AdsExhaust Adware,Malware,2024
https://life2vec.io/travel-insurance-guide/,Fake Meta Quest App Spreads AdsExhaust Adware,Malware,2024
https://life2vec.io/motorcycle-accident-lawyers-advocates-for-riders-rights/,Fake Meta Quest App Spreads AdsExhaust Adware,Malware,2024
https://www.dropbox.com/scl/fi/dvlxdaby39l3s7zjyl8q5/fix_yt-code.ps1?rlkey=z9locztau2sj8crwx8l2lfdpr&st=ub41xvep&dl=1,Fake Meta Quest App Spreads AdsExhaust Adware,Malware,2024
https://life2vec.io/innovation-rising-need-business-insurance/,Fake Meta Quest App Spreads AdsExhaust Adware,Malware,2024
https://life2vec.io/life-insurance-estate-planning/,Fake Meta Quest App Spreads AdsExhaust Adware,Malware,2024
https://life2vec.io/selecting-the-right-life-insurance-policy-a-guide/,Fake Meta Quest App Spreads AdsExhaust Adware,Malware,2024
https://steamcommunity.com/profiles/76561199698764354,Fake Meta Quest App Spreads AdsExhaust Adware,Malware,2024
https://life2vec.io/auto-insurance-guide/,Fake Meta Quest App Spreads AdsExhaust Adware,Malware,2024
https://life2vec.io/term-life-insurance-vs-life-insurance-policy/,Fake Meta Quest App Spreads AdsExhaust Adware,Malware,2024
https://life2vec.io/understanding-life-insurance-policies-offer-returns/,Fake Meta Quest App Spreads AdsExhaust Adware,Malware,2024
https://life2vec.io/dental-insurance-guide/,Fake Meta Quest App Spreads AdsExhaust Adware,Malware,2024
https://life2vec.io/top-10-term-insurance-plans-usa/,Fake Meta Quest App Spreads AdsExhaust Adware,Malware,2024
https://life2vec.io/top-20-accident-attorneys-usa/,Fake Meta Quest App Spreads AdsExhaust Adware,Malware,2024
https://life2vec.io/houston-maritime-attorney/,Fake Meta Quest App Spreads AdsExhaust Adware,Malware,2024
https://life2vec.io/health-insurance/,Fake Meta Quest App Spreads AdsExhaust Adware,Malware,2024
https://life2vec.io/cash-value-component-whole-life-insurance/,Fake Meta Quest App Spreads AdsExhaust Adware,Malware,2024
2024.zip,Hackers Target Pakistan Using Military Phishing Scheme,Malware,2024
app.turkmensk.org,"Chinese Espionage Campaign Uses New Malware (SugarGh0st, SpiceRAT)",Malware,2024
account.drive-google-com.tk,"Chinese Espionage Campaign Uses New Malware (SugarGh0st, SpiceRAT)",Malware,2024
stock.adobe-service.net,"Chinese Espionage Campaign Uses New Malware (SugarGh0st, SpiceRAT)",Malware,2024
http://94.198.40.4/homepage/index.aspx,"Chinese Espionage Campaign Uses New Malware (SugarGh0st, SpiceRAT)",Malware,2024
http://www.jikji.pe.kr/xe/files/attach/binaries/102/663/image.gif,Xctdoor Used to Attack South korean Firms,Malware,2024
http://beebeep.info/index.php,Xctdoor Used to Attack South korean Firms,Malware,2024
http://93.123.39.135/129edec4272dc2c8.php,"New Malware Tactic, Exploiting InnoSetup Downloads",Malware,2024
cattlebusiness.icu,"New Malware Tactic, Exploiting InnoSetup Downloads",Malware,2024
laughvein.hair,"New Malware Tactic, Exploiting InnoSetup Downloads",Malware,2024
selectionword.xyz,"New Malware Tactic, Exploiting InnoSetup Downloads",Malware,2024
e38ee82150cc00a8627814c6.bag.sack54.net,"New Malware Tactic, Exploiting InnoSetup Downloads",Malware,2024
d9500682396017175017969210108a04a635094d7af3f018356690047bce5.aoa.aent78.sbs,"New Malware Tactic, Exploiting InnoSetup Downloads",Malware,2024
eyesnose.hair,"New Malware Tactic, Exploiting InnoSetup Downloads",Malware,2024
monkeyagreement.fun,"New Malware Tactic, Exploiting InnoSetup Downloads",Malware,2024
caretouch.hair,"New Malware Tactic, Exploiting InnoSetup Downloads",Malware,2024
brotherpopcorn.website,"New Malware Tactic, Exploiting InnoSetup Downloads",Malware,2024
whipunit.hair,"New Malware Tactic, Exploiting InnoSetup Downloads",Malware,2024
nightauthority.xyz,"New Malware Tactic, Exploiting InnoSetup Downloads",Malware,2024
http://playboys.chickenkiller.com/index.php,North Korean Backdoor Niki Targets Critical Infrastructure,Malware,2024
http://download-attachments.mooo.com/down.php?ct,North Korean Backdoor Niki Targets Critical Infrastructure,Malware,2024
http://en.uberlingen.com/index.php,North Korean Backdoor Niki Targets Critical Infrastructure,Malware,2024
http://imagedownload.ignorelist.com/index.php,Kimsuky APT Group Leverages Social Engineering to Target Global Entities,Malware,2024
beonlineboo.com,"New Trojan ""BMANAGER"" Spreads via Boolka's SQLi Attacks",Malware,2024
node.beonlineboo.com,"New Trojan ""BMANAGER"" Spreads via Boolka's SQLi Attacks",Malware,2024
updatebrower.com,"New Trojan ""BMANAGER"" Spreads via Boolka's SQLi Attacks",Malware,2024
beef.beonlineboo.com,"New Trojan ""BMANAGER"" Spreads via Boolka's SQLi Attacks",Malware,2024
boolka24.tk,"New Trojan ""BMANAGER"" Spreads via Boolka's SQLi Attacks",Malware,2024
boolka.tk,"New Trojan ""BMANAGER"" Spreads via Boolka's SQLi Attacks",Malware,2024
mainnode.beonlineboo.com,"New Trojan ""BMANAGER"" Spreads via Boolka's SQLi Attacks",Malware,2024
https://updatebrower.com/download/bmanager.txt,"New Trojan ""BMANAGER"" Spreads via Boolka's SQLi Attacks",Malware,2024
https://updatebrower.com/download/bmreader.txt,"New Trojan ""BMANAGER"" Spreads via Boolka's SQLi Attacks",Malware,2024
https://updatebrower.com/download/bmhook.txt,"New Trojan ""BMANAGER"" Spreads via Boolka's SQLi Attacks",Malware,2024
https://beef.beonlineboo.com/check?url=,"New Trojan ""BMANAGER"" Spreads via Boolka's SQLi Attacks",Malware,2024
https://beonlineboo.com/js/support.js?host=,"New Trojan ""BMANAGER"" Spreads via Boolka's SQLi Attacks",Malware,2024
https://node.beonlineboo.com/,"New Trojan ""BMANAGER"" Spreads via Boolka's SQLi Attacks",Malware,2024
https://updatebrower.com/download/bmlog.txt,"New Trojan ""BMANAGER"" Spreads via Boolka's SQLi Attacks",Malware,2024
https://mainnode.beonlineboo.com/,"New Trojan ""BMANAGER"" Spreads via Boolka's SQLi Attacks",Malware,2024
https://beef.beonlineboo.com/hook.js,"New Trojan ""BMANAGER"" Spreads via Boolka's SQLi Attacks",Malware,2024
https://boolka24.tk/js/support.js?host=,"New Trojan ""BMANAGER"" Spreads via Boolka's SQLi Attacks",Malware,2024
https://updatebrower.com/download/bmbackup.txt,"New Trojan ""BMANAGER"" Spreads via Boolka's SQLi Attacks",Malware,2024
http://boolka.tk/js/support.js?host=,"New Trojan ""BMANAGER"" Spreads via Boolka's SQLi Attacks",Malware,2024
http://app.seoul.minia.ml/kinsa.php,Kimsuky Group Using New HappyDoor Backdoor,Malware,2024
http://users.nya.pub/index.php,Kimsuky Group Using New HappyDoor Backdoor,Malware,2024
tony1303sock.top,New Android Trojan Medusa Targets Banks in 7 Countries,Malware,2024
cincincintopcin.info,New Android Trojan Medusa Targets Banks in 7 Countries,Malware,2024
a2a2a2a.life,New Android Trojan Medusa Targets Banks in 7 Countries,Malware,2024
baahhhs21.info,New Android Trojan Medusa Targets Banks in 7 Countries,Malware,2024
pemmbebebebebebe.info,New Android Trojan Medusa Targets Banks in 7 Countries,Malware,2024
unkunknunkkkkk.info,New Android Trojan Medusa Targets Banks in 7 Countries,Malware,2024
https://telegroms.icu/assets/download/ready.apk,New Android Trojan Medusa Targets Banks in 7 Countries,Malware,2024
http://45.95.232.82/dfghujfdkg3fmsud/sud.exe,UAC-0184 Targets Ukraine with XWorm RAT via Python Sideloading,Malware,2024
http://81.19.139.62/f8d79yuhjhlgdjlsjkf83da0pkg.zip,UAC-0184 Targets Ukraine with XWorm RAT via Python Sideloading,Malware,2024
http://81.19.139.62/f8d79yuhjhlgdjlsjkf83da0sud/sud.exe,UAC-0184 Targets Ukraine with XWorm RAT via Python Sideloading,Malware,2024
http://81.19.139.14/987yuhgzsd234dfwhjkaqppkg.zip,UAC-0184 Targets Ukraine with XWorm RAT via Python Sideloading,Malware,2024
https://www.googie-anaiytics.com/html/checkcachehw.js,"110,000+ Websites Affected by Hijacked JavaScript Library",Malware,2024
https://www.googie-anaiytics.com/ga.js,"110,000+ Websites Affected by Hijacked JavaScript Library",Malware,2024
https://kuurza.com/redirect?from=bitget,"110,000+ Websites Affected by Hijacked JavaScript Library",Malware,2024
belgom.duckdns.org,Remcos RAT Found in Weaponized Word Documents,Malware,2024
newsat.duckdns.org,Remcos RAT Found in Weaponized Word Documents,Malware,2024
fordede.duckdns.org,Remcos RAT Found in Weaponized Word Documents,Malware,2024
logili.duckdns.org,Remcos RAT Found in Weaponized Word Documents,Malware,2024
http://96.126.101.128/43009/mnj/lionskingalwaysbeakingofjungletounderstandhowfastthekingofjunglereturnewithentirethingstogetmebacktothegame___lionsarekingofjunglealways.doc,Remcos RAT Found in Weaponized Word Documents,Malware,2024
https://uploaddeimagens.com.br/images/004/785/720/original/new_image.jpg?1716307634,Remcos RAT Found in Weaponized Word Documents,Malware,2024
http://94.156.66.67:2409/,Remcos RAT Found in Weaponized Word Documents,Malware,2024
http://ilang.in/qnkgv,Remcos RAT Found in Weaponized Word Documents,Malware,2024
https://paste.ee/d/hdltf,Remcos RAT Found in Weaponized Word Documents,Malware,2024
http://96.126.101.128/43009/ngb.txt,Remcos RAT Found in Weaponized Word Documents,Malware,2024
pwn.oracleservice.top,8220 Gang Adds k4spreader to Malware Arsenal,Malware,2024
c4k-ircd.pwndns.pw,8220 Gang Adds k4spreader to Malware Arsenal,Malware,2024
fbi.su1001-2.top,8220 Gang Adds k4spreader to Malware Arsenal,Malware,2024
run.sck-dns.ws,8220 Gang Adds k4spreader to Malware Arsenal,Malware,2024
dw.c4kdeliver.top,8220 Gang Adds k4spreader to Malware Arsenal,Malware,2024
run.on-demand.pw,8220 Gang Adds k4spreader to Malware Arsenal,Malware,2024
run.sck-dns.cc,8220 Gang Adds k4spreader to Malware Arsenal,Malware,2024
www.dns361.tk,China-Linked Cyberattacks Target Taiwan (75 Orgs Hit),Malware,2024
www.sofeter.ml,China-Linked Cyberattacks Target Taiwan (75 Orgs Hit),Malware,2024
https://iconstaff.top/common,New Skimmer Targets Popular Platforms,Malware,2024
https://shoponlinemelike.shop/common,New Skimmer Targets Popular Platforms,Malware,2024
mircd.hokkien.my.id,Surge in Cyberattacks Hits Indian Banks,Malware,2024
mircd.xiao.my.id.id,Surge in Cyberattacks Hits Indian Banks,Malware,2024
arcthost.org,New Poseidon Malware Targets Mac Users Through Deceptive Google Ads,Malware,2024
arc-download.com,New Poseidon Malware Targets Mac Users Through Deceptive Google Ads,Malware,2024
http://79.137.192.4/p2p,New Poseidon Malware Targets Mac Users Through Deceptive Google Ads,Malware,2024
http://zestyahhdog.com/arc12645413.dmg,New Poseidon Malware Targets Mac Users Through Deceptive Google Ads,Malware,2024
https://45.128.232.229/,Hackers Exploit Vulnerabilities to Seize Control of Linux Cloud Servers,Malware,2024
https://209.141.35.56/getters,Hackers Exploit Vulnerabilities to Seize Control of Linux Cloud Servers,Malware,2024
https://45.128.232.90/,Hackers Exploit Vulnerabilities to Seize Control of Linux Cloud Servers,Malware,2024
https://45.128.232.15/,Hackers Exploit Vulnerabilities to Seize Control of Linux Cloud Servers,Malware,2024
https://45.128.232.234/,Hackers Exploit Vulnerabilities to Seize Control of Linux Cloud Servers,Malware,2024
https://87.121.105.232/bin.ps1,Oracle WebLogic Server Flaw Exploited by 8220 Gang for Crypto Mining,Malware,2024
https://79.110.49.232/plugin3.dll,Oracle WebLogic Server Flaw Exploited by 8220 Gang for Crypto Mining,Malware,2024
https://alcojoldwograpciw.shop/api,Lumma Stealer: A Multifaceted Threat in the Evolving Cyber Landscape,Malware,2024
http://sdfa.liveblog365.com/ares/babyhades.txt,North Korean Hackers Target Academics with Fake Chrome Extension (TRANSLATEXT),Malware,2024
http://ney.r-e.kr/mar/tys.txt,North Korean Hackers Target Academics with Fake Chrome Extension (TRANSLATEXT),Malware,2024
https://webman.w3school.cloudns.nz/,North Korean Hackers Target Academics with Fake Chrome Extension (TRANSLATEXT),Malware,2024
http://sdfa.liveblog365.com/ares/hades.txt,North Korean Hackers Target Academics with Fake Chrome Extension (TRANSLATEXT),Malware,2024
https://github.com/cmastern,North Korean Hackers Target Academics with Fake Chrome Extension (TRANSLATEXT),Malware,2024
http://ney.r-e.kr/mar/tys.php,North Korean Hackers Target Academics with Fake Chrome Extension (TRANSLATEXT),Malware,2024
https://onewithshare.blogspot.com/2023/04/10.html,North Korean Hackers Target Academics with Fake Chrome Extension (TRANSLATEXT),Malware,2024
https://raw.githubusercontent.com/helperdav/web/main/update.xml,North Korean Hackers Target Academics with Fake Chrome Extension (TRANSLATEXT),Malware,2024
shareboxs.net,Fake Apps Deliver CapraRAT Spyware to Android Phones,Malware,2024
https://ddoser.org/siwen/ping6,3rd  Surge in Cyberattacks Hits Indian Banks,Malware,2024
https://ddoser.org/logo,3rd  Surge in Cyberattacks Hits Indian Banks,Malware,2024
https://ddoser.org/key,3rd  Surge in Cyberattacks Hits Indian Banks,Malware,2024
https://ddoser.org/top,3rd  Surge in Cyberattacks Hits Indian Banks,Malware,2024
https://ddoser.org/siwen/clean,3rd  Surge in Cyberattacks Hits Indian Banks,Malware,2024
https://ddoser.org/siwen/cls,3rd  Surge in Cyberattacks Hits Indian Banks,Malware,2024
https://ddoser.org/a,3rd  Surge in Cyberattacks Hits Indian Banks,Malware,2024
ircxx.us,3rd  Surge in Cyberattacks Hits Indian Banks,Malware,2024
ircx.us,3rd  Surge in Cyberattacks Hits Indian Banks,Malware,2024
login.microsofonlline.com,Israeli Entities Hit in Cyberattack with Open-Source Malware,Malware,2024
login.operative-sintecmedia.com,Israeli Entities Hit in Cyberattack with Open-Source Malware,Malware,2024
employees.carlsberg.site,Israeli Entities Hit in Cyberattack with Open-Source Malware,Malware,2024
portal.operative-sintecmedia.com,Israeli Entities Hit in Cyberattack with Open-Source Malware,Malware,2024
login.carlsberg.site,Israeli Entities Hit in Cyberattack with Open-Source Malware,Malware,2024
www.economy-gov-il.com,Israeli Entities Hit in Cyberattack with Open-Source Malware,Malware,2024
carls.employers-view.com,Israeli Entities Hit in Cyberattack with Open-Source Malware,Malware,2024
portal.carlsberg.site,Israeli Entities Hit in Cyberattack with Open-Source Malware,Malware,2024
https://worldofprocure.com/worldofprocure.rar,AsyncRAT Malware Spreads Through E-Book Disguise,Malware,2024
stevenhead.ddns.net,AsyncRAT Malware Spreads Through E-Book Disguise,Malware,2024
https://app.getmess.io/,FakeBat Loader Infects Users with Various Malware,Malware,2024
https://photoshop-adobe.shop/download/dwnl.php,FakeBat Loader Infects Users with Various Malware,Malware,2024
https://getmess.download/getmess.msix,FakeBat Loader Infects Users with Various Malware,Malware,2024
https://brow-ser-update.top/googlechrome-x86.msix,FakeBat Loader Infects Users with Various Malware,Malware,2024
http://utd-corts.com/buy/,FakeBat Loader Infects Users with Various Malware,Malware,2024
https://brow-ser-update.top/download/dwnl.php,FakeBat Loader Infects Users with Various Malware,Malware,2024
https://app.getmess.io/download/dwnl.php,FakeBat Loader Infects Users with Various Malware,Malware,2024
gotrustfear.ru,FakeBat Loader Infects Users with Various Malware,Malware,2024
364klhjsfsl.top,FakeBat Loader Infects Users with Various Malware,Malware,2024
notlon.top,FakeBat Loader Infects Users with Various Malware,Malware,2024
1212stars.xyz,FakeBat Loader Infects Users with Various Malware,Malware,2024
aipanelnew.ru,FakeBat Loader Infects Users with Various Malware,Malware,2024
new-prok.site,FakeBat Loader Infects Users with Various Malware,Malware,2024
2610asdkj.top,FakeBat Loader Infects Users with Various Malware,Malware,2024
11234jkhfkujhs.top,FakeBat Loader Infects Users with Various Malware,Malware,2024
app.getmess.io,FakeBat Loader Infects Users with Various Malware,Malware,2024
newtorpan.site,FakeBat Loader Infects Users with Various Malware,Malware,2024
utd-forts.com,FakeBat Loader Infects Users with Various Malware,Malware,2024
notiron.org,FakeBat Loader Infects Users with Various Malware,Malware,2024
2610kjhsda.online,FakeBat Loader Infects Users with Various Malware,Malware,2024
2311forget.xyz,FakeBat Loader Infects Users with Various Malware,Malware,2024
fresh-prok.site,FakeBat Loader Infects Users with Various Malware,Malware,2024
newtorpan.ru,FakeBat Loader Infects Users with Various Malware,Malware,2024
0212top.xyz,FakeBat Loader Infects Users with Various Malware,Malware,2024
trust-flare.site,FakeBat Loader Infects Users with Various Malware,Malware,2024
utr-gavlup.com,FakeBat Loader Infects Users with Various Malware,Malware,2024
notiorn.org,FakeBat Loader Infects Users with Various Malware,Malware,2024
brow-ser-update.top,FakeBat Loader Infects Users with Various Malware,Malware,2024
usm-pontic.com,FakeBat Loader Infects Users with Various Malware,Malware,2024
notlilon.co,FakeBat Loader Infects Users with Various Malware,Malware,2024
2610asdkj.xyz,FakeBat Loader Infects Users with Various Malware,Malware,2024
11234jkhfkujhs.xyz,FakeBat Loader Infects Users with Various Malware,Malware,2024
1212stars.top,FakeBat Loader Infects Users with Various Malware,Malware,2024
2610asdkj.site,FakeBat Loader Infects Users with Various Malware,Malware,2024
utm-drmka.com,FakeBat Loader Infects Users with Various Malware,Malware,2024
notion.li,FakeBat Loader Infects Users with Various Malware,Malware,2024
utm-msh.com,FakeBat Loader Infects Users with Various Malware,Malware,2024
0212top.top,FakeBat Loader Infects Users with Various Malware,Malware,2024
utd-horipsy.com,FakeBat Loader Infects Users with Various Malware,Malware,2024
cdn-ads.ru,FakeBat Loader Infects Users with Various Malware,Malware,2024
prkl-ads.ru,FakeBat Loader Infects Users with Various Malware,Malware,2024
343-ads-info.top,FakeBat Loader Infects Users with Various Malware,Malware,2024
rabby.pro,FakeBat Loader Infects Users with Various Malware,Malware,2024
3010offers.top,FakeBat Loader Infects Users with Various Malware,Malware,2024
test-pn.site,FakeBat Loader Infects Users with Various Malware,Malware,2024
topttr.com,FakeBat Loader Infects Users with Various Malware,Malware,2024
98762341tdgi.site,FakeBat Loader Infects Users with Various Malware,Malware,2024
ads-creep.xyz,FakeBat Loader Infects Users with Various Malware,Malware,2024
new-prok.ru,FakeBat Loader Infects Users with Various Malware,Malware,2024
756-ads-info.xyz,FakeBat Loader Infects Users with Various Malware,Malware,2024
gotrustfear.site,FakeBat Loader Infects Users with Various Malware,Malware,2024
1212stars.site,FakeBat Loader Infects Users with Various Malware,Malware,2024
cdn-ads.site,FakeBat Loader Infects Users with Various Malware,Malware,2024
noltlion.com,FakeBat Loader Infects Users with Various Malware,Malware,2024
3010offers.xyz,FakeBat Loader Infects Users with Various Malware,Malware,2024
utm-adschuk.com,FakeBat Loader Infects Users with Various Malware,Malware,2024
notion.ilusofficial.com,FakeBat Loader Infects Users with Various Malware,Malware,2024
2610kjhsda.site,FakeBat Loader Infects Users with Various Malware,Malware,2024
ads-info.site,FakeBat Loader Infects Users with Various Malware,Malware,2024
ads-creep.top,FakeBat Loader Infects Users with Various Malware,Malware,2024
test-pn.ru,FakeBat Loader Infects Users with Various Malware,Malware,2024
findreaders.com,FakeBat Loader Infects Users with Various Malware,Malware,2024
clk-brood.top,FakeBat Loader Infects Users with Various Malware,Malware,2024
notion.kyngsacademy.com,FakeBat Loader Infects Users with Various Malware,Malware,2024
notion-loads.com,FakeBat Loader Infects Users with Various Malware,Malware,2024
756-ads-info.site,FakeBat Loader Infects Users with Various Malware,Malware,2024
utd-corts.com,FakeBat Loader Infects Users with Various Malware,Malware,2024
756-ads-info.top,FakeBat Loader Infects Users with Various Malware,Malware,2024
aipanelnew.site,FakeBat Loader Infects Users with Various Malware,Malware,2024
ads-forget.top,FakeBat Loader Infects Users with Various Malware,Malware,2024
2311foreign.xyz,FakeBat Loader Infects Users with Various Malware,Malware,2024
clk-brood.online,FakeBat Loader Infects Users with Various Malware,Malware,2024
photoshop-adobe.shop,FakeBat Loader Infects Users with Various Malware,Malware,2024
11234jkhfkujhs.site,FakeBat Loader Infects Users with Various Malware,Malware,2024
notion.officespacesearchdc.com,FakeBat Loader Infects Users with Various Malware,Malware,2024
2610asdkj.online,FakeBat Loader Infects Users with Various Malware,Malware,2024
cdn-new-dwnl.ru,FakeBat Loader Infects Users with Various Malware,Malware,2024
ads-eagle.top,FakeBat Loader Infects Users with Various Malware,Malware,2024
98762341tdgi.xyz,FakeBat Loader Infects Users with Various Malware,Malware,2024
prkl-ads.site,FakeBat Loader Infects Users with Various Malware,Malware,2024
utm-adsname.com,FakeBat Loader Infects Users with Various Malware,Malware,2024
notilon.co,FakeBat Loader Infects Users with Various Malware,Malware,2024
3010cars.top,FakeBat Loader Infects Users with Various Malware,Malware,2024
98762341tdgi.online,FakeBat Loader Infects Users with Various Malware,Malware,2024
cdn-inform.com,FakeBat Loader Infects Users with Various Malware,Malware,2024
infocdn-111.xyz,FakeBat Loader Infects Users with Various Malware,Malware,2024
999-ads-info.top,FakeBat Loader Infects Users with Various Malware,Malware,2024
3010offers.site,FakeBat Loader Infects Users with Various Malware,Malware,2024
clk-brom.site,FakeBat Loader Infects Users with Various Malware,Malware,2024
infocdn-111.site,FakeBat Loader Infects Users with Various Malware,Malware,2024
1212stars.online,FakeBat Loader Infects Users with Various Malware,Malware,2024
cdn-dwnld.site,FakeBat Loader Infects Users with Various Malware,Malware,2024
ganalytics-api.com,FakeBat Loader Infects Users with Various Malware,Malware,2024
ads-moon.xyz,FakeBat Loader Infects Users with Various Malware,Malware,2024
infocdn-111.online,FakeBat Loader Infects Users with Various Malware,Malware,2024
utm-adsgoogle.com,FakeBat Loader Infects Users with Various Malware,Malware,2024
clk-info.ru,FakeBat Loader Infects Users with Various Malware,Malware,2024
2311forget.site,FakeBat Loader Infects Users with Various Malware,Malware,2024
utr-jopass.com,FakeBat Loader Infects Users with Various Malware,Malware,2024
utr-provit.com,FakeBat Loader Infects Users with Various Malware,Malware,2024
fresh-prok.ru,FakeBat Loader Infects Users with Various Malware,Malware,2024
clk-info.site,FakeBat Loader Infects Users with Various Malware,Malware,2024
udr-offdips.com,FakeBat Loader Infects Users with Various Malware,Malware,2024
11234jkhfkujhs.online,FakeBat Loader Infects Users with Various Malware,Malware,2024
cornbascet.ru,FakeBat Loader Infects Users with Various Malware,Malware,2024
trustdwnl.ru,FakeBat Loader Infects Users with Various Malware,Malware,2024
notion.help,FakeBat Loader Infects Users with Various Malware,Malware,2024
utm-fukap.com,FakeBat Loader Infects Users with Various Malware,Malware,2024
ads-moon.top,FakeBat Loader Infects Users with Various Malware,Malware,2024
2311forget.online,FakeBat Loader Infects Users with Various Malware,Malware,2024
465jsdlkd.top,FakeBat Loader Infects Users with Various Malware,Malware,2024
cornbascet.site,FakeBat Loader Infects Users with Various Malware,Malware,2024
utd-gochisu.com,FakeBat Loader Infects Users with Various Malware,Malware,2024
2610kjhsda.xyz,FakeBat Loader Infects Users with Various Malware,Malware,2024
875jhrfks.top,FakeBat Loader Infects Users with Various Malware,Malware,2024
0212top.online,FakeBat Loader Infects Users with Various Malware,Malware,2024
notion.findreaders.com,FakeBat Loader Infects Users with Various Malware,Malware,2024
utm-advrez.com,FakeBat Loader Infects Users with Various Malware,Malware,2024
0909kses.top,FakeBat Loader Infects Users with Various Malware,Malware,2024
3010cars.site,FakeBat Loader Infects Users with Various Malware,Malware,2024
clk-brom.ru,FakeBat Loader Infects Users with Various Malware,Malware,2024
cdn-dwnld.ru,FakeBat Loader Infects Users with Various Malware,Malware,2024
dns-inform.top,FakeBat Loader Infects Users with Various Malware,Malware,2024
98762341tdgi.top,FakeBat Loader Infects Users with Various Malware,Malware,2024
3010cars.online,FakeBat Loader Infects Users with Various Malware,Malware,2024
trust-flare.ru,FakeBat Loader Infects Users with Various Malware,Malware,2024
urd-apdaps.com,FakeBat Loader Infects Users with Various Malware,Malware,2024
2610kjhsda.top,FakeBat Loader Infects Users with Various Malware,Malware,2024
3010cars.xyz,FakeBat Loader Infects Users with Various Malware,Malware,2024
3010offers.online,FakeBat Loader Infects Users with Various Malware,Malware,2024
ads-hoop.xyz,FakeBat Loader Infects Users with Various Malware,Malware,2024
notliion.com,FakeBat Loader Infects Users with Various Malware,Malware,2024
ads-info.ru,FakeBat Loader Infects Users with Various Malware,Malware,2024
0212top.site,FakeBat Loader Infects Users with Various Malware,Malware,2024
ads-analyze.online,FakeBat Loader Infects Users with Various Malware,Malware,2024
utr-krubz.com,FakeBat Loader Infects Users with Various Malware,Malware,2024
https://security-microsoft.com/connect,Hackers Disguise Malware as Ebooks to Infiltrate Your System,Malware,2024
https://borcano.org/connect,Hackers Disguise Malware as Ebooks to Infiltrate Your System,Malware,2024
api.warnert.online,New Phishing Scam Tricks Android Users in India,Malware,2024
sallu.info,New Phishing Scam Tricks Android Users in India,Malware,2024
https://api.telegram.org/bot7487929666:aahotf1rhqgk6w0wbfjxywi458i9r9cmxim,New Phishing Scam Tricks Android Users in India,Malware,2024
somrasdc.ddns.net,Houthi-Linked Malware Targets Middle Eastern Militaries,Malware,2024
wwwgoogl.zapto.org,Houthi-Linked Malware Targets Middle Eastern Militaries,Malware,2024
https://raw.githubusercontent.com/kurumsaltahsilat/detayfatura/main/pdf.faturadetay_202407.exe,ShadowRoot Ransomware Campaign Targets Businesses in Turkey,Malware,2024
boxberry.id7423.ru,Notorious Hacker IntelBroker Sells Access and Leaks Data,Malware,2024
avito-rent.id7423.ru,Notorious Hacker IntelBroker Sells Access and Leaks Data,Malware,2024
3inf.site,Notorious Hacker IntelBroker Sells Access and Leaks Data,Malware,2024
olx.id7423.ru,Notorious Hacker IntelBroker Sells Access and Leaks Data,Malware,2024
https://h44jyyfomcbnnw5dha7zgwgkvpzbzbdyx2onu4fxaa5smxrgbjgq7had.onion/,Notorious Hacker IntelBroker Sells Access and Leaks Data,Malware,2024
linux.kyun.li,CRYSTALRAY Hacker Worm Infects 1500 Systems,Malware,2024
ww-1.us.to,CRYSTALRAY Hacker Worm Infects 1500 Systems,Malware,2024
aextg.us.to,CRYSTALRAY Hacker Worm Infects 1500 Systems,Malware,2024
p.deutschland-zahlung.eu,Hackers Targeting PHP Vulnerability to Spread Malware,Malware,2024
p.findmeatthe.top,Hackers Targeting PHP Vulnerability to Spread Malware,Malware,2024
p.shadow-mods.net,Hackers Targeting PHP Vulnerability to Spread Malware,Malware,2024
indiapostds.vip,Smishing Triad Targets India for Personal Data Theft,Malware,2024
indiapostut.vip,Smishing Triad Targets India for Personal Data Theft,Malware,2024
indiapostik.vip,Smishing Triad Targets India for Personal Data Theft,Malware,2024
indiapostos-in.com,Smishing Triad Targets India for Personal Data Theft,Malware,2024
indiapostps.vip,Smishing Triad Targets India for Personal Data Theft,Malware,2024
indiaposttb.vip,Smishing Triad Targets India for Personal Data Theft,Malware,2024
indiapostwp.vip,Smishing Triad Targets India for Personal Data Theft,Malware,2024
indiapostph.vip,Smishing Triad Targets India for Personal Data Theft,Malware,2024
indiapostlt.top,Smishing Triad Targets India for Personal Data Theft,Malware,2024
indiapostgx.vip,Smishing Triad Targets India for Personal Data Theft,Malware,2024
indiapostmn.vip,Smishing Triad Targets India for Personal Data Theft,Malware,2024
indiapostqq.vip,Smishing Triad Targets India for Personal Data Theft,Malware,2024
indiapostnw.vip,Smishing Triad Targets India for Personal Data Theft,Malware,2024
indiapostpj.vip,Smishing Triad Targets India for Personal Data Theft,Malware,2024
indiapostui.vip,Smishing Triad Targets India for Personal Data Theft,Malware,2024
indiapostlg.vip,Smishing Triad Targets India for Personal Data Theft,Malware,2024
indiapostaw.vip,Smishing Triad Targets India for Personal Data Theft,Malware,2024
indiapostvg.vip,Smishing Triad Targets India for Personal Data Theft,Malware,2024
indiapostqf.vip,Smishing Triad Targets India for Personal Data Theft,Malware,2024
indiaposthd.vip,Smishing Triad Targets India for Personal Data Theft,Malware,2024
indiapostgf.vip,Smishing Triad Targets India for Personal Data Theft,Malware,2024
indiapostit.vip,Smishing Triad Targets India for Personal Data Theft,Malware,2024
indiapostvt.vip,Smishing Triad Targets India for Personal Data Theft,Malware,2024
indiapostir.vip,Smishing Triad Targets India for Personal Data Theft,Malware,2024
indiapostrq.top,Smishing Triad Targets India for Personal Data Theft,Malware,2024
indiaposteo.vip,Smishing Triad Targets India for Personal Data Theft,Malware,2024
indiapostmu.vip,Smishing Triad Targets India for Personal Data Theft,Malware,2024
indiapostoc.vip,Smishing Triad Targets India for Personal Data Theft,Malware,2024
indiaposttx.vip,Smishing Triad Targets India for Personal Data Theft,Malware,2024
indiapostjk.vip,Smishing Triad Targets India for Personal Data Theft,Malware,2024
indiapostky.vip,Smishing Triad Targets India for Personal Data Theft,Malware,2024
indiapostqo.vip,Smishing Triad Targets India for Personal Data Theft,Malware,2024
indiapostur.vip,Smishing Triad Targets India for Personal Data Theft,Malware,2024
indiapostny.vip,Smishing Triad Targets India for Personal Data Theft,Malware,2024
indiapostto.vip,Smishing Triad Targets India for Personal Data Theft,Malware,2024
indiapostfs.vip,Smishing Triad Targets India for Personal Data Theft,Malware,2024
indiapostlv.top,Smishing Triad Targets India for Personal Data Theft,Malware,2024
indiapostsf.vip,Smishing Triad Targets India for Personal Data Theft,Malware,2024
indiapostbe.vip,Smishing Triad Targets India for Personal Data Theft,Malware,2024
indiapostjt.vip,Smishing Triad Targets India for Personal Data Theft,Malware,2024
indiapostgt.vip,Smishing Triad Targets India for Personal Data Theft,Malware,2024
indiapostib.vip,Smishing Triad Targets India for Personal Data Theft,Malware,2024
indiapostgm.vip,Smishing Triad Targets India for Personal Data Theft,Malware,2024
indiapostqh.vip,Smishing Triad Targets India for Personal Data Theft,Malware,2024
indiapostoj.vip,Smishing Triad Targets India for Personal Data Theft,Malware,2024
indiapostjd.vip,Smishing Triad Targets India for Personal Data Theft,Malware,2024
indiapostqb.vip,Smishing Triad Targets India for Personal Data Theft,Malware,2024
indiapostqv.vip,Smishing Triad Targets India for Personal Data Theft,Malware,2024
indiapostcp.vip,Smishing Triad Targets India for Personal Data Theft,Malware,2024
indiapostdx.vip,Smishing Triad Targets India for Personal Data Theft,Malware,2024
indiapostbg.vip,Smishing Triad Targets India for Personal Data Theft,Malware,2024
indiapostss.vip,Smishing Triad Targets India for Personal Data Theft,Malware,2024
indiapostfj.vip,Smishing Triad Targets India for Personal Data Theft,Malware,2024
indiapostwk.vip,Smishing Triad Targets India for Personal Data Theft,Malware,2024
indiapostdo.vip,Smishing Triad Targets India for Personal Data Theft,Malware,2024
indiapostjx.vip,Smishing Triad Targets India for Personal Data Theft,Malware,2024
indiapostjo.vip,Smishing Triad Targets India for Personal Data Theft,Malware,2024
indiapostnr.vip,Smishing Triad Targets India for Personal Data Theft,Malware,2024
indiapostpo.vip,Smishing Triad Targets India for Personal Data Theft,Malware,2024
indiapostdf.vip,Smishing Triad Targets India for Personal Data Theft,Malware,2024
indiapostwg.top,Smishing Triad Targets India for Personal Data Theft,Malware,2024
indiapostop.vip,Smishing Triad Targets India for Personal Data Theft,Malware,2024
indiapostrl.vip,Smishing Triad Targets India for Personal Data Theft,Malware,2024
indiapostdv.vip,Smishing Triad Targets India for Personal Data Theft,Malware,2024
indiapostjf.vip,Smishing Triad Targets India for Personal Data Theft,Malware,2024
indiapostil.top,Smishing Triad Targets India for Personal Data Theft,Malware,2024
indiapostkm.vip,Smishing Triad Targets India for Personal Data Theft,Malware,2024
indiapostvx.vip,Smishing Triad Targets India for Personal Data Theft,Malware,2024
indiapostmk.top,Smishing Triad Targets India for Personal Data Theft,Malware,2024
indiapostru.vip,Smishing Triad Targets India for Personal Data Theft,Malware,2024
indiapostby.vip,Smishing Triad Targets India for Personal Data Theft,Malware,2024
inddiapost.top,Smishing Triad Targets India for Personal Data Theft,Malware,2024
indiapostfw.vip,Smishing Triad Targets India for Personal Data Theft,Malware,2024
indiapostiw.vip,Smishing Triad Targets India for Personal Data Theft,Malware,2024
indiapostht.vip,Smishing Triad Targets India for Personal Data Theft,Malware,2024
indiapostaz.vip,Smishing Triad Targets India for Personal Data Theft,Malware,2024
indiapostmz.vip,Smishing Triad Targets India for Personal Data Theft,Malware,2024
indiapostqr.top,Smishing Triad Targets India for Personal Data Theft,Malware,2024
indiapostrg.vip,Smishing Triad Targets India for Personal Data Theft,Malware,2024
indiapostog.vip,Smishing Triad Targets India for Personal Data Theft,Malware,2024
indiapostaq.vip,Smishing Triad Targets India for Personal Data Theft,Malware,2024
indiaposthk.vip,Smishing Triad Targets India for Personal Data Theft,Malware,2024
indiaposton.vip,Smishing Triad Targets India for Personal Data Theft,Malware,2024
indiapostjh.vip,Smishing Triad Targets India for Personal Data Theft,Malware,2024
indiapostpq.vip,Smishing Triad Targets India for Personal Data Theft,Malware,2024
indiapostek.vip,Smishing Triad Targets India for Personal Data Theft,Malware,2024
indiapostsq.vip,Smishing Triad Targets India for Personal Data Theft,Malware,2024
indiapostmh.vip,Smishing Triad Targets India for Personal Data Theft,Malware,2024
indiapostrc.top,Smishing Triad Targets India for Personal Data Theft,Malware,2024
indiapostnt.vip,Smishing Triad Targets India for Personal Data Theft,Malware,2024
indiapostos.top,Smishing Triad Targets India for Personal Data Theft,Malware,2024
indiapostjq.vip,Smishing Triad Targets India for Personal Data Theft,Malware,2024
indiapostax.vip,Smishing Triad Targets India for Personal Data Theft,Malware,2024
indiapostwq.vip,Smishing Triad Targets India for Personal Data Theft,Malware,2024
indiapostbm.vip,Smishing Triad Targets India for Personal Data Theft,Malware,2024
indiapostiu.vip,Smishing Triad Targets India for Personal Data Theft,Malware,2024
indiaposteg.vip,Smishing Triad Targets India for Personal Data Theft,Malware,2024
indiapostao.vip,Smishing Triad Targets India for Personal Data Theft,Malware,2024
indiapostbv.vip,Smishing Triad Targets India for Personal Data Theft,Malware,2024
indiapostfy.vip,Smishing Triad Targets India for Personal Data Theft,Malware,2024
indiaposter.vip,Smishing Triad Targets India for Personal Data Theft,Malware,2024
indiapostam.vip,Smishing Triad Targets India for Personal Data Theft,Malware,2024
indiapostqr.vip,Smishing Triad Targets India for Personal Data Theft,Malware,2024
indiapostcb.vip,Smishing Triad Targets India for Personal Data Theft,Malware,2024
indiapostha.vip,Smishing Triad Targets India for Personal Data Theft,Malware,2024
indiapostnm.vip,Smishing Triad Targets India for Personal Data Theft,Malware,2024
indiapostpt.vip,Smishing Triad Targets India for Personal Data Theft,Malware,2024
indiapostsl.vip,Smishing Triad Targets India for Personal Data Theft,Malware,2024
bhehua.com,Smishing Triad Targets India for Personal Data Theft,Malware,2024
indiapostei.vip,Smishing Triad Targets India for Personal Data Theft,Malware,2024
indiapostld.vip,Smishing Triad Targets India for Personal Data Theft,Malware,2024
indiaposttj.vip,Smishing Triad Targets India for Personal Data Theft,Malware,2024
indiapostgw.vip,Smishing Triad Targets India for Personal Data Theft,Malware,2024
indiaposttn.vip,Smishing Triad Targets India for Personal Data Theft,Malware,2024
indiapostkz.vip,Smishing Triad Targets India for Personal Data Theft,Malware,2024
indiapostwf.vip,Smishing Triad Targets India for Personal Data Theft,Malware,2024
indiapostfr.vip,Smishing Triad Targets India for Personal Data Theft,Malware,2024
indiapostgu.vip,Smishing Triad Targets India for Personal Data Theft,Malware,2024
indiapostmk.vip,Smishing Triad Targets India for Personal Data Theft,Malware,2024
indiapostmf.vip,Smishing Triad Targets India for Personal Data Theft,Malware,2024
indiapostdk.vip,Smishing Triad Targets India for Personal Data Theft,Malware,2024
indiapostmj.top,Smishing Triad Targets India for Personal Data Theft,Malware,2024
indiapostqi.vip,Smishing Triad Targets India for Personal Data Theft,Malware,2024
indiapostjp.top,Smishing Triad Targets India for Personal Data Theft,Malware,2024
indiapostvu.vip,Smishing Triad Targets India for Personal Data Theft,Malware,2024
indiapostbx.vip,Smishing Triad Targets India for Personal Data Theft,Malware,2024
indiaposthn.vip,Smishing Triad Targets India for Personal Data Theft,Malware,2024
indiapostoi.vip,Smishing Triad Targets India for Personal Data Theft,Malware,2024
indiapostrc.vip,Smishing Triad Targets India for Personal Data Theft,Malware,2024
indiapostse.vip,Smishing Triad Targets India for Personal Data Theft,Malware,2024
indiapostwh.vip,Smishing Triad Targets India for Personal Data Theft,Malware,2024
indiapostdq.top,Smishing Triad Targets India for Personal Data Theft,Malware,2024
indiapostdt.vip,Smishing Triad Targets India for Personal Data Theft,Malware,2024
indiapostjl.vip,Smishing Triad Targets India for Personal Data Theft,Malware,2024
indiapostpm.vip,Smishing Triad Targets India for Personal Data Theft,Malware,2024
indiapostlj.vip,Smishing Triad Targets India for Personal Data Theft,Malware,2024
indiapostew.vip,Smishing Triad Targets India for Personal Data Theft,Malware,2024
indiapostty.vip,Smishing Triad Targets India for Personal Data Theft,Malware,2024
indiapostkx.vip,Smishing Triad Targets India for Personal Data Theft,Malware,2024
indiapostkl.vip,Smishing Triad Targets India for Personal Data Theft,Malware,2024
indiaposttg.vip,Smishing Triad Targets India for Personal Data Theft,Malware,2024
indiapostlt.vip,Smishing Triad Targets India for Personal Data Theft,Malware,2024
indiapostvm.vip,Smishing Triad Targets India for Personal Data Theft,Malware,2024
indiapostpd.vip,Smishing Triad Targets India for Personal Data Theft,Malware,2024
indiapostmr.vip,Smishing Triad Targets India for Personal Data Theft,Malware,2024
indiapostnh.vip,Smishing Triad Targets India for Personal Data Theft,Malware,2024
indiapostec.vip,Smishing Triad Targets India for Personal Data Theft,Malware,2024
indiapostvd.vip,Smishing Triad Targets India for Personal Data Theft,Malware,2024
indiapostlk.vip,Smishing Triad Targets India for Personal Data Theft,Malware,2024
indiapostox.vip,Smishing Triad Targets India for Personal Data Theft,Malware,2024
indiapostgi.vip,Smishing Triad Targets India for Personal Data Theft,Malware,2024
indiapostbz.vip,Smishing Triad Targets India for Personal Data Theft,Malware,2024
indiapostqw.vip,Smishing Triad Targets India for Personal Data Theft,Malware,2024
indiapostmt.vip,Smishing Triad Targets India for Personal Data Theft,Malware,2024
indiapostnz.vip,Smishing Triad Targets India for Personal Data Theft,Malware,2024
indiapostne.vip,Smishing Triad Targets India for Personal Data Theft,Malware,2024
indiapostej.vip,Smishing Triad Targets India for Personal Data Theft,Malware,2024
indiapostag.vip,Smishing Triad Targets India for Personal Data Theft,Malware,2024
indiapostbj.vip,Smishing Triad Targets India for Personal Data Theft,Malware,2024
indiapostim.vip,Smishing Triad Targets India for Personal Data Theft,Malware,2024
indiapostub.top,Smishing Triad Targets India for Personal Data Theft,Malware,2024
indiapostnx.top,Smishing Triad Targets India for Personal Data Theft,Malware,2024
indiapostsp.vip,Smishing Triad Targets India for Personal Data Theft,Malware,2024
indiapostvy.vip,Smishing Triad Targets India for Personal Data Theft,Malware,2024
indiapostwe.vip,Smishing Triad Targets India for Personal Data Theft,Malware,2024
indiapostks.vip,Smishing Triad Targets India for Personal Data Theft,Malware,2024
indiapostpy.vip,Smishing Triad Targets India for Personal Data Theft,Malware,2024
indiapostqs.vip,Smishing Triad Targets India for Personal Data Theft,Malware,2024
indiapostns.vip,Smishing Triad Targets India for Personal Data Theft,Malware,2024
indiapostvb.vip,Smishing Triad Targets India for Personal Data Theft,Malware,2024
indiapostci.top,Smishing Triad Targets India for Personal Data Theft,Malware,2024
indiapostgy.vip,Smishing Triad Targets India for Personal Data Theft,Malware,2024
indiapostok.top,Smishing Triad Targets India for Personal Data Theft,Malware,2024
indiapostwc.vip,Smishing Triad Targets India for Personal Data Theft,Malware,2024
indiapostux.vip,Smishing Triad Targets India for Personal Data Theft,Malware,2024
indiapostrf.vip,Smishing Triad Targets India for Personal Data Theft,Malware,2024
indiapostap.vip,Smishing Triad Targets India for Personal Data Theft,Malware,2024
indiapostbs.vip,Smishing Triad Targets India for Personal Data Theft,Malware,2024
indiapostiv.vip,Smishing Triad Targets India for Personal Data Theft,Malware,2024
indiapostpi.vip,Smishing Triad Targets India for Personal Data Theft,Malware,2024
indiapostes.vip,Smishing Triad Targets India for Personal Data Theft,Malware,2024
indiapostfv.vip,Smishing Triad Targets India for Personal Data Theft,Malware,2024
indiapostnc.vip,Smishing Triad Targets India for Personal Data Theft,Malware,2024
https://nazi.igboat.com/,NuGet Hit by New Wave of Malicious Packages,Malware,2024
https://94.131.119.126:6543/,New RAT Targets Spanish Speakers in Phishing Attacks,Malware,2024
https://94.131.119.126:6542/,New RAT Targets Spanish Speakers in Phishing Attacks,Malware,2024
https://94.131.119.126:6541/,New RAT Targets Spanish Speakers in Phishing Attacks,Malware,2024
https://diveupdown.com/hlsxaifp,"DarkGate Malware Returns, Targets Excel & Samba Shares",Malware,2024
https://nextroundst.com/aa,"DarkGate Malware Returns, Targets Excel & Samba Shares",Malware,2024
https://nextroundst.com/ffcxlohx,"DarkGate Malware Returns, Targets Excel & Samba Shares",Malware,2024
https://diveupdown.com/aaa,"DarkGate Malware Returns, Targets Excel & Samba Shares",Malware,2024
https://diveupdown.com/yhmrmmgc,"DarkGate Malware Returns, Targets Excel & Samba Shares",Malware,2024
https://nextroundst.com/nlcsphze,"DarkGate Malware Returns, Targets Excel & Samba Shares",Malware,2024
https://adfhjadfbjadbfjkhad44jka.com/aa,"DarkGate Malware Returns, Targets Excel & Samba Shares",Malware,2024
https://diveupdown.com/aa,"DarkGate Malware Returns, Targets Excel & Samba Shares",Malware,2024
https://adfhjadfbjadbfjkhad44jka.com/zanmjtvh,"DarkGate Malware Returns, Targets Excel & Samba Shares",Malware,2024
https://adfhjadfbjadbfjkhad44jka.com/xxhhodrq,"DarkGate Malware Returns, Targets Excel & Samba Shares",Malware,2024
tuchinehd.com,"ClickFix Deception Exposed, Social Engineering for Malware Deployment",Malware,2024
atendesolucao.com,Coyote Malware Steals Login Details on Windows,Malware,2024
carrodenatal.com,Coyote Malware Steals Login Details on Windows,Malware,2024
nograusistema.com,Coyote Malware Steals Login Details on Windows,Malware,2024
bermatechcliente.com,Coyote Malware Steals Login Details on Windows,Malware,2024
angelcallcenter.com,Coyote Malware Steals Login Details on Windows,Malware,2024
servicoasso.com,Coyote Malware Steals Login Details on Windows,Malware,2024
carrosantigo.com,Coyote Malware Steals Login Details on Windows,Malware,2024
cloridatosys.com,Coyote Malware Steals Login Details on Windows,Malware,2024
acaodegraca.com,Coyote Malware Steals Login Details on Windows,Malware,2024
britoingresso.com,Coyote Malware Steals Login Details on Windows,Malware,2024
navegacaodura.com,Coyote Malware Steals Login Details on Windows,Malware,2024
autoglobalcar.com,Coyote Malware Steals Login Details on Windows,Malware,2024
bestoraculo.com,Coyote Malware Steals Login Details on Windows,Malware,2024
marvelnatal.com,Coyote Malware Steals Login Details on Windows,Malware,2024
bilatex.com,Coyote Malware Steals Login Details on Windows,Malware,2024
dowfinanceiro.com,Coyote Malware Steals Login Details on Windows,Malware,2024
flogoral.com,Coyote Malware Steals Login Details on Windows,Malware,2024
formitamina.com,Coyote Malware Steals Login Details on Windows,Malware,2024
cinebrian.com,Coyote Malware Steals Login Details on Windows,Malware,2024
centralsolucao.com,Coyote Malware Steals Login Details on Windows,Malware,2024
jogodequadra.com,Coyote Malware Steals Login Details on Windows,Malware,2024
turmadabruta.com,Coyote Malware Steals Login Details on Windows,Malware,2024
gargamellojas.com,Coyote Malware Steals Login Details on Windows,Malware,2024
document.zip,Chinese Espionage Targets Taiwan’s Semiconductor Sector,Malware,2024
https://github.com/zzhshsss/s/,Braodo Info Stealer Stealing Data in Vietnam and Worldwide,Malware,2024
https://github.com/vtbg1/s/,Braodo Info Stealer Stealing Data in Vietnam and Worldwide,Malware,2024
https://github.com/s123s1/s/,Braodo Info Stealer Stealing Data in Vietnam and Worldwide,Malware,2024
kinneretacil.egnyte.com,Iranian Hacking Group MuddyWater Leverages New BugSleep Malware,Malware,2024
rimonnet.egnyte.com,Iranian Hacking Group MuddyWater Leverages New BugSleep Malware,Malware,2024
salary.egnyte.com,Iranian Hacking Group MuddyWater Leverages New BugSleep Malware,Malware,2024
smtpcloudapp.com,Iranian Hacking Group MuddyWater Leverages New BugSleep Malware,Malware,2024
filecloud.egnyte.com,Iranian Hacking Group MuddyWater Leverages New BugSleep Malware,Malware,2024
fileuploadcloud.egnyte.com,Iranian Hacking Group MuddyWater Leverages New BugSleep Malware,Malware,2024
onlinemailerservices.com,Iranian Hacking Group MuddyWater Leverages New BugSleep Malware,Malware,2024
smartcloudcompany.com,Iranian Hacking Group MuddyWater Leverages New BugSleep Malware,Malware,2024
softwarehosts.com,CISA and partners expose PRC cyber espionage through global network infiltrations,Malware,2024
alkan.egnyte.com,Iranian Hacking Group MuddyWater Leverages New BugSleep Malware,Malware,2024
cairoairport.egnyte.com,Iranian Hacking Group MuddyWater Leverages New BugSleep Malware,Malware,2024
downloadfile.egnyte.com,Iranian Hacking Group MuddyWater Leverages New BugSleep Malware,Malware,2024
megolan.egnyte.com,Iranian Hacking Group MuddyWater Leverages New BugSleep Malware,Malware,2024
airpazflys.egnyte.com,Iranian Hacking Group MuddyWater Leverages New BugSleep Malware,Malware,2024
cnsmportal.egnyte.com,Iranian Hacking Group MuddyWater Leverages New BugSleep Malware,Malware,2024
silbermintz1.egnyte.com,Iranian Hacking Group MuddyWater Leverages New BugSleep Malware,Malware,2024
https://shorturl.at/byqux,Iranian Hacking Group MuddyWater Leverages New BugSleep Malware,Malware,2024
https://shorturl.at/ncxjk,Iranian Hacking Group MuddyWater Leverages New BugSleep Malware,Malware,2024
https://ping.connectivity-check.com/,New .NET Malware - Jellyfish Loader - Raises Red Flags for Cybersecurity,Malware,2024
quantlive.net,CosmicSting Vulnerability (CVE-2024-34102) Exploited,Malware,2024
registertime.net,CosmicSting Vulnerability (CVE-2024-34102) Exploited,Malware,2024
staticforce.org,CosmicSting Vulnerability (CVE-2024-34102) Exploited,Malware,2024
yotpont.com,CosmicSting Vulnerability (CVE-2024-34102) Exploited,Malware,2024
ruleslaw.org,CosmicSting Vulnerability (CVE-2024-34102) Exploited,Malware,2024
winscp.com,Akira Ransomware Targets Airlines with Legitimate Tools for Data Theft,Malware,2024
https://hresourcinfo.henryscchein.com/?o4i8h=zr,HR Phishing Scam Targets Employees,Malware,2024
http://h.com:8000/test1.html,Void Banshee APT Targets Users with MHTML Zero-Day to Deploy Atlantida Stealer,Malware,2024
https://hostalaskapatagonia.com/tt/tedfd.te,Void Banshee APT Targets Users with MHTML Zero-Day to Deploy Atlantida Stealer,Malware,2024
https://cbmelipilla.cl/te/hhhh2.php,Void Banshee APT Targets Users with MHTML Zero-Day to Deploy Atlantida Stealer,Malware,2024
https://hostalaskapatagonia.com/tt/become.txt,Void Banshee APT Targets Users with MHTML Zero-Day to Deploy Atlantida Stealer,Malware,2024
http://cbmelipilla.cl/te/test1.html,Void Banshee APT Targets Users with MHTML Zero-Day to Deploy Atlantida Stealer,Malware,2024
meeting.equitaligaiustizia.it,China's APT17 Targets Italian Organizations with 9002 RAT,Malware,2024
themicrosoftnow.com,China's APT17 Targets Italian Organizations with 9002 RAT,Malware,2024
https://kun-quang-api.lordofscan.pro/loginprocess/api/login_submit,FIN7 Selling Tool to Bypass Security Measures (Dark Web),Malware,2024
https://45.87.154.208/work_53m8.ps1,FIN7 Selling Tool to Bypass Security Measures (Dark Web),Malware,2024
https://identity-wpengine.com/session_id/login/,FIN7 Selling Tool to Bypass Security Measures (Dark Web),Malware,2024
https://45.87.154.208/icsnd3b_64refl.ps1,FIN7 Selling Tool to Bypass Security Measures (Dark Web),Malware,2024
https://ln.run/supportcenterbusiness,FIN7 Selling Tool to Bypass Security Measures (Dark Web),Malware,2024
https://accountverify.business-helpcase718372649.click/,FIN7 Selling Tool to Bypass Security Measures (Dark Web),Malware,2024
concur.cfd,FIN7-Linked GrayAlpha Deploys PowerNet and MaskBat,Malware,2024
concuur.com,FIN7-Linked GrayAlpha Deploys PowerNet and MaskBat,Malware,2024
https-twitter.com,FIN7 Selling Tool to Bypass Security Measures (Dark Web),Malware,2024
trydropbox.com,FIN7 Selling Tool to Bypass Security Measures (Dark Web),Malware,2024
thomsonreuter.info,FIN7-Linked GrayAlpha Deploys PowerNet and MaskBat,Malware,2024
trezor-web.io,FIN7 Selling Tool to Bypass Security Measures (Dark Web),Malware,2024
harvardyardcollection.com,FIN7 Selling Tool to Bypass Security Measures (Dark Web),Malware,2024
costsco1.com,FIN7 Selling Tool to Bypass Security Measures (Dark Web),Malware,2024
wal-streetjournal.com,FIN7 Selling Tool to Bypass Security Measures (Dark Web),Malware,2024
netfiix-abofrance.com,FIN7 Selling Tool to Bypass Security Measures (Dark Web),Malware,2024
multyimap.com,FIN7 Selling Tool to Bypass Security Measures (Dark Web),Malware,2024
treidingviw-web.shop,FIN7 Selling Tool to Bypass Security Measures (Dark Web),Malware,2024
ggooleauth.xyz,FIN7 Selling Tool to Bypass Security Measures (Dark Web),Malware,2024
dr1ve.xyz,FIN7 Selling Tool to Bypass Security Measures (Dark Web),Malware,2024
treidingviw-web.xyz,FIN7 Selling Tool to Bypass Security Measures (Dark Web),Malware,2024
themetasupporrtbusiness.nexuslink.click,FIN7 Selling Tool to Bypass Security Measures (Dark Web),Malware,2024
onepassreglons.com,FIN7 Selling Tool to Bypass Security Measures (Dark Web),Malware,2024
hotnotepad.com,FIN7 Selling Tool to Bypass Security Measures (Dark Web),Malware,2024
paybx.world,FIN7 Selling Tool to Bypass Security Measures (Dark Web),Malware,2024
app.rmscloud.pro,FIN7 Selling Tool to Bypass Security Measures (Dark Web),Malware,2024
redfinneat.com,FIN7 Selling Tool to Bypass Security Measures (Dark Web),Malware,2024
xn--manulfe-kza.com,FIN7 Selling Tool to Bypass Security Measures (Dark Web),Malware,2024
affinitycloudenergy.com,FIN7 Selling Tool to Bypass Security Measures (Dark Web),Malware,2024
2024sharepoint.lat,FIN7 Selling Tool to Bypass Security Measures (Dark Web),Malware,2024
bloomberg-t.com,FIN7 Selling Tool to Bypass Security Measures (Dark Web),Malware,2024
tredildlngviw.xyz,FIN7 Selling Tool to Bypass Security Measures (Dark Web),Malware,2024
driv7.com,FIN7 Selling Tool to Bypass Security Measures (Dark Web),Malware,2024
louvre-event.com,FIN7 Selling Tool to Bypass Security Measures (Dark Web),Malware,2024
escueladeletrados.com,FIN7 Selling Tool to Bypass Security Measures (Dark Web),Malware,2024
womansvitamin.com,FIN7 Selling Tool to Bypass Security Measures (Dark Web),Malware,2024
treidingviw-web.lol,FIN7 Selling Tool to Bypass Security Measures (Dark Web),Malware,2024
cybercloudsec.com,FIN7 Selling Tool to Bypass Security Measures (Dark Web),Malware,2024
paris-journey.com,FIN7 Selling Tool to Bypass Security Measures (Dark Web),Malware,2024
www.wpenglneweb.com,FIN7 Selling Tool to Bypass Security Measures (Dark Web),Malware,2024
zoomms-info.com,FIN7 Selling Tool to Bypass Security Measures (Dark Web),Malware,2024
app-trello.com,FIN7 Selling Tool to Bypass Security Measures (Dark Web),Malware,2024
androiddeveloperconsole.com,FIN7 Selling Tool to Bypass Security Measures (Dark Web),Malware,2024
go-ia.site,FIN7 Selling Tool to Bypass Security Measures (Dark Web),Malware,2024
netepadtee.com,FIN7 Selling Tool to Bypass Security Measures (Dark Web),Malware,2024
westlaw.top,FIN7-Linked GrayAlpha Deploys PowerNet and MaskBat,Malware,2024
cybercloudsecure.com,FIN7 Selling Tool to Bypass Security Measures (Dark Web),Malware,2024
xn--bitwardn-h1a.com,FIN7 Selling Tool to Bypass Security Measures (Dark Web),Malware,2024
www.tivi2.com,FIN7 Selling Tool to Bypass Security Measures (Dark Web),Malware,2024
hcm-paycor.org,FIN7 Selling Tool to Bypass Security Measures (Dark Web),Malware,2024
tredildlngviw.shop,FIN7 Selling Tool to Bypass Security Measures (Dark Web),Malware,2024
louvrebil.click,FIN7 Selling Tool to Bypass Security Measures (Dark Web),Malware,2024
go-ia.info,FIN7 Selling Tool to Bypass Security Measures (Dark Web),Malware,2024
wpenglneweb.com,FIN7 Selling Tool to Bypass Security Measures (Dark Web),Malware,2024
restproxy.com,FIN7 Selling Tool to Bypass Security Measures (Dark Web),Malware,2024
americangiftsexpress.com,FIN7 Selling Tool to Bypass Security Measures (Dark Web),Malware,2024
driv3.net,FIN7 Selling Tool to Bypass Security Measures (Dark Web),Malware,2024
rupaynews.com,FIN7 Selling Tool to Bypass Security Measures (Dark Web),Malware,2024
ariba.one,FIN7 Selling Tool to Bypass Security Measures (Dark Web),Malware,2024
book.louvre-ticketing.com,FIN7 Selling Tool to Bypass Security Measures (Dark Web),Malware,2024
techevolveproservice.com,FIN7 Selling Tool to Bypass Security Measures (Dark Web),Malware,2024
miidjourney.net,FIN7 Selling Tool to Bypass Security Measures (Dark Web),Malware,2024
www.megtech.xyz,TAG-100 Leverages Open-Source Tools in Global Espionage Campaign,Malware,2024
nullbulge.com,New Cybercriminal Group NullBulge Targets Creative Communities,Malware,2024
nullbulge.se,New Cybercriminal Group NullBulge Targets Creative Communities,Malware,2024
group.goocasino.org,New Cybercriminal Group NullBulge Targets Creative Communities,Malware,2024
nullbulge.co,New Cybercriminal Group NullBulge Targets Creative Communities,Malware,2024
https://nullblgtk7dwzpfklgktzll27ovvnj7pvqkoprmhubnnb32qcbmcpgid.onion/,New Cybercriminal Group NullBulge Targets Creative Communities,Malware,2024
crowdstrikedown.site,CrowdStrike Update Crashes Businesses' Windows Machines,Malware,2024
crowdstrike-bsod.com,CrowdStrike Update Crashes Businesses' Windows Machines,Malware,2024
crashstrike.com,CrowdStrike Update Crashes Businesses' Windows Machines,Malware,2024
crowdstrikefix.zip,CrowdStrike Update Crashes Businesses' Windows Machines,Malware,2024
crowdstrikeupdate.com,CrowdStrike Update Crashes Businesses' Windows Machines,Malware,2024
crowdstrikeoopsie.com,CrowdStrike Update Crashes Businesses' Windows Machines,Malware,2024
isitcrowdstrike.com,CrowdStrike Update Crashes Businesses' Windows Machines,Malware,2024
crowdstrike0day.com,CrowdStrike Update Crashes Businesses' Windows Machines,Malware,2024
fix-crowdstrike-apocalypse.com,CrowdStrike Update Crashes Businesses' Windows Machines,Malware,2024
crowdstriketoken.com,CrowdStrike Update Crashes Businesses' Windows Machines,Malware,2024
microsoftcrowdstrike.com,CrowdStrike Update Crashes Businesses' Windows Machines,Malware,2024
crowdstrikereport.com,CrowdStrike Update Crashes Businesses' Windows Machines,Malware,2024
crowdstrikebsod.com,CrowdStrike Update Crashes Businesses' Windows Machines,Malware,2024
crowdstrikefail.com,CrowdStrike Update Crashes Businesses' Windows Machines,Malware,2024
crowdstrikeclaim.com,CrowdStrike Update Crashes Businesses' Windows Machines,Malware,2024
supportportal-crowdstrike-com.translate.goog,CrowdStrike Update Crashes Businesses' Windows Machines,Malware,2024
crowdfalcon-immed-update.com,CrowdStrike Update Crashes Businesses' Windows Machines,Malware,2024
iscrowdstrikedown.com,CrowdStrike Update Crashes Businesses' Windows Machines,Malware,2024
crowdstrikefix.com,CrowdStrike Update Crashes Businesses' Windows Machines,Malware,2024
crowdstrikeoutage.info,CrowdStrike Update Crashes Businesses' Windows Machines,Malware,2024
fix-crowdstrike-bsod.com,CrowdStrike Update Crashes Businesses' Windows Machines,Malware,2024
crowdstrikedoomsday.com,CrowdStrike Update Crashes Businesses' Windows Machines,Malware,2024
crowdstrike-helpdesk.com,CrowdStrike Update Crashes Businesses' Windows Machines,Malware,2024
crowdstrikebug.com,CrowdStrike Update Crashes Businesses' Windows Machines,Malware,2024
whatiscrowdstrike.com,CrowdStrike Update Crashes Businesses' Windows Machines,Malware,2024
crowdstrikebluescreen.com,CrowdStrike Update Crashes Businesses' Windows Machines,Malware,2024
http://193.178.210.226/documents/reader_update.zip/reader_update.exe,DarkGate Exposed: A Deep Dive into the Gatekeeper's Malware,Malware,2024
http://193.178.210.226/documents/reader_update.zip,DarkGate Exposed: A Deep Dive into the Gatekeeper's Malware,Malware,2024
http://64.52.80.82/script.a3x,DarkGate Exposed: A Deep Dive into the Gatekeeper's Malware,Malware,2024
http://64.52.80.82/test.txt,DarkGate Exposed: A Deep Dive into the Gatekeeper's Malware,Malware,2024
https://otiunmonisky2m.com/?utm_content=dyhfwdxsjv&session_id=cb26j6c51pi3utieh6iy&id=hrqde&filter=rpwhsfqbmg-qbptf&lang=es&locale=us,DarkGate Exposed: A Deep Dive into the Gatekeeper's Malware,Malware,2024
http://64.52.80.82/autoit3.exe,DarkGate Exposed: A Deep Dive into the Gatekeeper's Malware,Malware,2024
persikmonkiey7drone.com,DarkGate Exposed: A Deep Dive into the Gatekeeper's Malware,Malware,2024
https://152.89.244.185/conn.exe,Chinese Hacking Group APT41 Targets Global Organizations,Malware,2024
orange-breeze-66bb.tezsfsoikdvd.workers.dev,APT41  A New Chapter of Cyber Espionage Emerges from the DUST,Malware,2024
https://108.61.142.190/1.dll.sa,Play Ransomware Group Develops Linux-Based Attack on ESXi,Malware,2024
https://108.61.142.190/fx300.rar,Play Ransomware Group Develops Linux-Based Attack on ESXi,Malware,2024
https://108.61.142.190/64.zip,Play Ransomware Group Develops Linux-Based Attack on ESXi,Malware,2024
https://108.61.142.190/winrar-x64-611.exe,Play Ransomware Group Develops Linux-Based Attack on ESXi,Malware,2024
https://108.61.142.190/host1.sa,Play Ransomware Group Develops Linux-Based Attack on ESXi,Malware,2024
https://108.61.142.190/psexec.exe,Play Ransomware Group Develops Linux-Based Attack on ESXi,Malware,2024
https://216.245.184.105/1.php?s=boicn,SocGholish Malware Abuses BOINC for Stealthy Cyberattacks,Malware,2024
https://rzegzwre.top/f23.svg,SocGholish Malware Abuses BOINC for Stealthy Cyberattacks,Malware,2024
klmnnilmahlkcje.top,SocGholish Malware Abuses BOINC for Stealthy Cyberattacks,Malware,2024
ga1yo3wu78v48hh.top,SocGholish Malware Abuses BOINC for Stealthy Cyberattacks,Malware,2024
rzegzwre.top,SocGholish Malware Abuses BOINC for Stealthy Cyberattacks,Malware,2024
poemtrainsurprise.top,Revolver Rabbit Gang Amasses Half-Million Domains for Malware,Malware,2024
col-travel-insurance-3n.bond,Revolver Rabbit Gang Amasses Half-Million Domains for Malware,Malware,2024
rofromandfor.ru,Revolver Rabbit Gang Amasses Half-Million Domains for Malware,Malware,2024
coatthinkverb.buzz,Revolver Rabbit Gang Amasses Half-Million Domains for Malware,Malware,2024
laser-skin-treatment-19799.bond,Revolver Rabbit Gang Amasses Half-Million Domains for Malware,Malware,2024
bra-portable-air-conditioner-9o.bond,Revolver Rabbit Gang Amasses Half-Million Domains for Malware,Malware,2024
pool-repair-35063.bond,Revolver Rabbit Gang Amasses Half-Million Domains for Malware,Malware,2024
thougolograrly.ru,Revolver Rabbit Gang Amasses Half-Million Domains for Malware,Malware,2024
uk-river-cruises-8n.bond,Revolver Rabbit Gang Amasses Half-Million Domains for Malware,Malware,2024
rowrorofrat.com,Revolver Rabbit Gang Amasses Half-Million Domains for Malware,Malware,2024
hadhecrecled.com,Revolver Rabbit Gang Amasses Half-Million Domains for Malware,Malware,2024
miamidadecountyjail.org,Revolver Rabbit Gang Amasses Half-Million Domains for Malware,Malware,2024
n8j1nau3os4otr.xyz,Revolver Rabbit Gang Amasses Half-Million Domains for Malware,Malware,2024
app-software-development-training-57549.bond,Revolver Rabbit Gang Amasses Half-Million Domains for Malware,Malware,2024
hemophilia-treatment-41433.bond,Revolver Rabbit Gang Amasses Half-Million Domains for Malware,Malware,2024
patiennerrhe.com,Revolver Rabbit Gang Amasses Half-Million Domains for Malware,Malware,2024
app-software-development-training-52686.bond,Revolver Rabbit Gang Amasses Half-Million Domains for Malware,Malware,2024
quarterneighbourforward.xyz,Revolver Rabbit Gang Amasses Half-Million Domains for Malware,Malware,2024
apartments-for-rent-72254.bond,Revolver Rabbit Gang Amasses Half-Million Domains for Malware,Malware,2024
6rnd9mitqt1rz82.top,Revolver Rabbit Gang Amasses Half-Million Domains for Malware,Malware,2024
hadsparmirat.com,Revolver Rabbit Gang Amasses Half-Million Domains for Malware,Malware,2024
app-software-development-italy.bond,Revolver Rabbit Gang Amasses Half-Million Domains for Malware,Malware,2024
dintrolletone.com,Revolver Rabbit Gang Amasses Half-Million Domains for Malware,Malware,2024
online-jobs-42681.bond,Revolver Rabbit Gang Amasses Half-Million Domains for Malware,Malware,2024
chopprousite.ru,Revolver Rabbit Gang Amasses Half-Million Domains for Malware,Malware,2024
debtgenepub.live,Revolver Rabbit Gang Amasses Half-Million Domains for Malware,Malware,2024
rsa-roofing-services-8n.bond,Revolver Rabbit Gang Amasses Half-Million Domains for Malware,Malware,2024
assisted-living-11607.bond,Revolver Rabbit Gang Amasses Half-Million Domains for Malware,Malware,2024
h87e1mbm0u5f85.xyz,Revolver Rabbit Gang Amasses Half-Million Domains for Malware,Malware,2024
hadrecrolof.ru,Revolver Rabbit Gang Amasses Half-Million Domains for Malware,Malware,2024
9w9ohb5vky5p3dz.top,Revolver Rabbit Gang Amasses Half-Million Domains for Malware,Malware,2024
arriveplanetsnow.buzz,Revolver Rabbit Gang Amasses Half-Million Domains for Malware,Malware,2024
security-surveillance-cameras-42345.bond,Revolver Rabbit Gang Amasses Half-Million Domains for Malware,Malware,2024
usa-online-degree-29o.bond,Revolver Rabbit Gang Amasses Half-Million Domains for Malware,Malware,2024
tires-book-robust.bond,Revolver Rabbit Gang Amasses Half-Million Domains for Malware,Malware,2024
welding-machines-10120.bond,Revolver Rabbit Gang Amasses Half-Million Domains for Malware,Malware,2024
perfumes-76753.bond,Revolver Rabbit Gang Amasses Half-Million Domains for Malware,Malware,2024
https://callosallsaospz.shop/api,LummaC2 Malware Targeting Steam Gamers,Malware,2024
https://steamcommunity.com/profiles/76561199724331900,The Resurgence of Fake CAPTCHA-Based Malware Attacks,Malware,2024
https://outpointsozp.shop/api,LummaC2 Malware Targeting Steam Gamers,Malware,2024
https://upknittsoappz.shop/api,LummaC2 Malware Targeting Steam Gamers,Malware,2024
https://indexterityszcoxp.shop/api,LummaC2 Malware Targeting Steam Gamers,Malware,2024
https://unseaffarignsk.shop/api,LummaC2 Malware Targeting Steam Gamers,Malware,2024
https://lariatedzugspd.shop/api,LummaC2 Malware Targeting Steam Gamers,Malware,2024
http://shepherdlyopzc.shop/api,LummaC2 Malware Targeting Steam Gamers,Malware,2024
https://liernessfornicsa.shop/api,LummaC2 Malware Targeting Steam Gamers,Malware,2024
crowdstuck.org,Cybercriminals Capitalize on CrowdStrike Error,Malware,2024
crowdstrike.orora.group,Cybercriminals Capitalize on CrowdStrike Error,Malware,2024
clownstrike.co.uk,Cybercriminals Capitalize on CrowdStrike Error,Malware,2024
crowdstrikeoutage.com,Cybercriminals Capitalize on CrowdStrike Error,Malware,2024
bsodsm8rlixamzgjedu.com,Cybercriminals Capitalize on CrowdStrike Error,Malware,2024
crowdstrikerecovery1.blob.core.windows.net,Cybercriminals Capitalize on CrowdStrike Error,Malware,2024
failstrike.com,Cybercriminals Capitalize on CrowdStrike Error,Malware,2024
crowdstrike.fail,Cybercriminals Capitalize on CrowdStrike Error,Malware,2024
crowdstrike.black,Cybercriminals Capitalize on CrowdStrike Error,Malware,2024
crowdstrike-hotfix.zip,Cybercriminals Capitalize on CrowdStrike Error,Malware,2024
crowdstrike.woccpa.com,Cybercriminals Capitalize on CrowdStrike Error,Malware,2024
winsstrike.com,Cybercriminals Capitalize on CrowdStrike Error,Malware,2024
crowdstrikebsodfix.blob.core.windows.net,Cybercriminals Capitalize on CrowdStrike Error,Malware,2024
crowdstrike-falcon.online,Cybercriminals Capitalize on CrowdStrike Error,Malware,2024
crowdstrikehealthcare.com,Cybercriminals Capitalize on CrowdStrike Error,Malware,2024
crowdstrike-cloudtrail-storage-bb-126d5e.s3.us-west-1.amazonaws.com,Cybercriminals Capitalize on CrowdStrike Error,Malware,2024
supportfalconcrowdstrikel.com,Cybercriminals Capitalize on CrowdStrike Error,Malware,2024
crowdstrikecommuication.app,Cybercriminals Capitalize on CrowdStrike Error,Malware,2024
http://hoo.be/crowdstrike,Cybercriminals Capitalize on CrowdStrike Error,Malware,2024
http://crowdstrike.okta.com/app/coupa/exkqmsghe0qkvea070x7/sso/saml,Cybercriminals Capitalize on CrowdStrike Error,Malware,2024
ns2.akacur.tk,APT41  A New Chapter of Cyber Espionage Emerges from the DUST,Malware,2024
www.eloples.com,APT41  A New Chapter of Cyber Espionage Emerges from the DUST,Malware,2024
ns1.akacur.tk,APT41  A New Chapter of Cyber Espionage Emerges from the DUST,Malware,2024
http://152.89.244.185/conn.exe,APT41  A New Chapter of Cyber Espionage Emerges from the DUST,Malware,2024
userscheck.info,Kimsuky APT Group Leverages Social Engineering to Target Global Entities,Malware,2024
en.uberlingen.com,Kimsuky APT Group Leverages Social Engineering to Target Global Entities,Malware,2024
accounts.ukr.net.userscheck.info,Kimsuky APT Group Leverages Social Engineering to Target Global Entities,Malware,2024
apphelloworld.crabdance.com,Kimsuky APT Group Leverages Social Engineering to Target Global Entities,Malware,2024
accoouts.online,Kimsuky APT Group Leverages Social Engineering to Target Global Entities,Malware,2024
alal.online,Kimsuky APT Group Leverages Social Engineering to Target Global Entities,Malware,2024
messge.info,Kimsuky APT Group Leverages Social Engineering to Target Global Entities,Malware,2024
meta.ua.userscheck.info,Kimsuky APT Group Leverages Social Engineering to Target Global Entities,Malware,2024
dnmil.mysnu.info,Kimsuky APT Group Leverages Social Engineering to Target Global Entities,Malware,2024
www.linkedlri.cloud,Kimsuky APT Group Leverages Social Engineering to Target Global Entities,Malware,2024
documentstoreservice.store,Kimsuky APT Group Leverages Social Engineering to Target Global Entities,Malware,2024
fsc-notify.info,Kimsuky APT Group Leverages Social Engineering to Target Global Entities,Malware,2024
kgrnail.cloud,Kimsuky APT Group Leverages Social Engineering to Target Global Entities,Malware,2024
net.userscheck.info,Kimsuky APT Group Leverages Social Engineering to Target Global Entities,Malware,2024
support.userscheck.info,Kimsuky APT Group Leverages Social Engineering to Target Global Entities,Malware,2024
paypal.uberlingen.com,Kimsuky APT Group Leverages Social Engineering to Target Global Entities,Malware,2024
ns3.uberlingen.com,Kimsuky APT Group Leverages Social Engineering to Target Global Entities,Malware,2024
www.corn.city,Kimsuky APT Group Leverages Social Engineering to Target Global Entities,Malware,2024
koreaair.shop,Kimsuky APT Group Leverages Social Engineering to Target Global Entities,Malware,2024
chat.userscheck.info,Kimsuky APT Group Leverages Social Engineering to Target Global Entities,Malware,2024
nislo.life,Kimsuky APT Group Leverages Social Engineering to Target Global Entities,Malware,2024
revoults.online,Kimsuky APT Group Leverages Social Engineering to Target Global Entities,Malware,2024
indeed-main.info,Kimsuky APT Group Leverages Social Engineering to Target Global Entities,Malware,2024
www.revoults.online,Kimsuky APT Group Leverages Social Engineering to Target Global Entities,Malware,2024
www.gdiver.store,Kimsuky APT Group Leverages Social Engineering to Target Global Entities,Malware,2024
emv1.linkedlri.cloud,Kimsuky APT Group Leverages Social Engineering to Target Global Entities,Malware,2024
www.mybox.website,Kimsuky APT Group Leverages Social Engineering to Target Global Entities,Malware,2024
dev.userscheck.info,Kimsuky APT Group Leverages Social Engineering to Target Global Entities,Malware,2024
wetax-check.site,Kimsuky APT Group Leverages Social Engineering to Target Global Entities,Malware,2024
www.userscheck.info,Kimsuky APT Group Leverages Social Engineering to Target Global Entities,Malware,2024
kdca.site,Kimsuky APT Group Leverages Social Engineering to Target Global Entities,Malware,2024
trandingveiws.com,Kimsuky APT Group Leverages Social Engineering to Target Global Entities,Malware,2024
linkedlri.cloud,Kimsuky APT Group Leverages Social Engineering to Target Global Entities,Malware,2024
www.kgrnail.cloud,Kimsuky APT Group Leverages Social Engineering to Target Global Entities,Malware,2024
emv1.kisa-home.site,Kimsuky APT Group Leverages Social Engineering to Target Global Entities,Malware,2024
micbns.documentview.site,Kimsuky APT Group Leverages Social Engineering to Target Global Entities,Malware,2024
rememberesapp.info,Kimsuky APT Group Leverages Social Engineering to Target Global Entities,Malware,2024
passport.meta.ua.userscheck.info,Kimsuky APT Group Leverages Social Engineering to Target Global Entities,Malware,2024
orientedworld.com,Kimsuky APT Group Leverages Social Engineering to Target Global Entities,Malware,2024
brandwizer.co.in,Kimsuky APT Group Leverages Social Engineering to Target Global Entities,Malware,2024
ukr.net.userscheck.info,Kimsuky APT Group Leverages Social Engineering to Target Global Entities,Malware,2024
passports.i.ua.userscheck.info,Kimsuky APT Group Leverages Social Engineering to Target Global Entities,Malware,2024
saramin.site,Kimsuky APT Group Leverages Social Engineering to Target Global Entities,Malware,2024
www.wetax-check.site,Kimsuky APT Group Leverages Social Engineering to Target Global Entities,Malware,2024
emv1.akites.site,Kimsuky APT Group Leverages Social Engineering to Target Global Entities,Malware,2024
alert.wiki,Kimsuky APT Group Leverages Social Engineering to Target Global Entities,Malware,2024
wetax-check.space,Kimsuky APT Group Leverages Social Engineering to Target Global Entities,Malware,2024
forums.app.userscheck.info,Kimsuky APT Group Leverages Social Engineering to Target Global Entities,Malware,2024
kmr.o-r.kr,Kimsuky APT Group Leverages Social Engineering to Target Global Entities,Malware,2024
www.alert.wiki,Kimsuky APT Group Leverages Social Engineering to Target Global Entities,Malware,2024
www.octopurs.energy,Kimsuky APT Group Leverages Social Engineering to Target Global Entities,Malware,2024
www.taxsevices.online,Kimsuky APT Group Leverages Social Engineering to Target Global Entities,Malware,2024
wetax.online,Kimsuky APT Group Leverages Social Engineering to Target Global Entities,Malware,2024
up-api1-kage.mysnu.info,Kimsuky APT Group Leverages Social Engineering to Target Global Entities,Malware,2024
www.rememberesapp.info,Kimsuky APT Group Leverages Social Engineering to Target Global Entities,Malware,2024
blog.userscheck.info,Kimsuky APT Group Leverages Social Engineering to Target Global Entities,Malware,2024
moneysupersmarket.info,Kimsuky APT Group Leverages Social Engineering to Target Global Entities,Malware,2024
documentview.site,Kimsuky APT Group Leverages Social Engineering to Target Global Entities,Malware,2024
imagedownload.ignorelist.com,Kimsuky APT Group Leverages Social Engineering to Target Global Entities,Malware,2024
logingmail.homes,Kimsuky APT Group Leverages Social Engineering to Target Global Entities,Malware,2024
i.ua.userscheck.info,Kimsuky APT Group Leverages Social Engineering to Target Global Entities,Malware,2024
nexons.shop,Kimsuky APT Group Leverages Social Engineering to Target Global Entities,Malware,2024
naver.koreaair.shop,Kimsuky APT Group Leverages Social Engineering to Target Global Entities,Malware,2024
www.documentview.site,Kimsuky APT Group Leverages Social Engineering to Target Global Entities,Malware,2024
download-attachments.mooo.com,Kimsuky APT Group Leverages Social Engineering to Target Global Entities,Malware,2024
daurn.in.net,Kimsuky APT Group Leverages Social Engineering to Target Global Entities,Malware,2024
www.indeed-main.info,Kimsuky APT Group Leverages Social Engineering to Target Global Entities,Malware,2024
home-id.me,Kimsuky APT Group Leverages Social Engineering to Target Global Entities,Malware,2024
gdiver.website,Kimsuky APT Group Leverages Social Engineering to Target Global Entities,Malware,2024
www.nexons.shop,Kimsuky APT Group Leverages Social Engineering to Target Global Entities,Malware,2024
nid.navkatok.eu,Kimsuky APT Group Leverages Social Engineering to Target Global Entities,Malware,2024
www.linkedlri.info,Kimsuky APT Group Leverages Social Engineering to Target Global Entities,Malware,2024
navkatok.eu,Kimsuky APT Group Leverages Social Engineering to Target Global Entities,Malware,2024
tradingsveiw.com,Kimsuky APT Group Leverages Social Engineering to Target Global Entities,Malware,2024
erro.live,Kimsuky APT Group Leverages Social Engineering to Target Global Entities,Malware,2024
octopurs.energy,Kimsuky APT Group Leverages Social Engineering to Target Global Entities,Malware,2024
dll.r-e.kr,Kimsuky APT Group Leverages Social Engineering to Target Global Entities,Malware,2024
www.gdiver.website,Kimsuky APT Group Leverages Social Engineering to Target Global Entities,Malware,2024
akites.site,Kimsuky APT Group Leverages Social Engineering to Target Global Entities,Malware,2024
mysnu.info,Kimsuky APT Group Leverages Social Engineering to Target Global Entities,Malware,2024
mail.alert.wiki,Kimsuky APT Group Leverages Social Engineering to Target Global Entities,Malware,2024
linkedlri.info,Kimsuky APT Group Leverages Social Engineering to Target Global Entities,Malware,2024
fr.userscheck.info,Kimsuky APT Group Leverages Social Engineering to Target Global Entities,Malware,2024
ua.userscheck.info,Kimsuky APT Group Leverages Social Engineering to Target Global Entities,Malware,2024
ns1.uberlingen.com,Kimsuky APT Group Leverages Social Engineering to Target Global Entities,Malware,2024
www.koreaair.shop,Kimsuky APT Group Leverages Social Engineering to Target Global Entities,Malware,2024
relogin.pro,Kimsuky APT Group Leverages Social Engineering to Target Global Entities,Malware,2024
nehelp.es,Kimsuky APT Group Leverages Social Engineering to Target Global Entities,Malware,2024
00701111.000webhostapp.com,Kimsuky APT Group Leverages Social Engineering to Target Global Entities,Malware,2024
app.userscheck.info,Kimsuky APT Group Leverages Social Engineering to Target Global Entities,Malware,2024
olpop.store,Kimsuky APT Group Leverages Social Engineering to Target Global Entities,Malware,2024
gov.taxsevices.online,Kimsuky APT Group Leverages Social Engineering to Target Global Entities,Malware,2024
kisa-home.site,Kimsuky APT Group Leverages Social Engineering to Target Global Entities,Malware,2024
gdiver.store,Kimsuky APT Group Leverages Social Engineering to Target Global Entities,Malware,2024
makeoversalon.net.in,Kimsuky APT Group Leverages Social Engineering to Target Global Entities,Malware,2024
phpmyadmin.userscheck.info,Kimsuky APT Group Leverages Social Engineering to Target Global Entities,Malware,2024
www.micbns.documentview.site,Kimsuky APT Group Leverages Social Engineering to Target Global Entities,Malware,2024
centes.info,Kimsuky APT Group Leverages Social Engineering to Target Global Entities,Malware,2024
mybox.website,Kimsuky APT Group Leverages Social Engineering to Target Global Entities,Malware,2024
gcogle.online,Kimsuky APT Group Leverages Social Engineering to Target Global Entities,Malware,2024
playboys.chickenkiller.com,Kimsuky APT Group Leverages Social Engineering to Target Global Entities,Malware,2024
taxsevices.online,Kimsuky APT Group Leverages Social Engineering to Target Global Entities,Malware,2024
accountsmil.mysnu.info,Kimsuky APT Group Leverages Social Engineering to Target Global Entities,Malware,2024
corn.city,Kimsuky APT Group Leverages Social Engineering to Target Global Entities,Malware,2024
www.centes.info,Kimsuky APT Group Leverages Social Engineering to Target Global Entities,Malware,2024
http://meatalk.com/pg/adm/tdr/upi/down0/r_enc.bin,Kimsuky APT Group Leverages Social Engineering to Target Global Entities,Malware,2024
http://kyungdaek.com/js/sub/aos/dull/down1/r_enc.bin,Kimsuky APT Group Leverages Social Engineering to Target Global Entities,Malware,2024
http://siloamclinic.com/js/slick/up/down0/show.php,Kimsuky APT Group Leverages Social Engineering to Target Global Entities,Malware,2024
http://kyungdaek.com/js/sub/aos/dull/down1/lib.php,Kimsuky APT Group Leverages Social Engineering to Target Global Entities,Malware,2024
http://siloamclinic.com/js/slick/up/down0/lib.php,Kimsuky APT Group Leverages Social Engineering to Target Global Entities,Malware,2024
https://www.isujeil.co.kr/pg/adm/img/upload1/list.php?query=1,Kimsuky APT Group Leverages Social Engineering to Target Global Entities,Malware,2024
https://orientedworld.com/wp-content/plugins/health-check/pages/gorgon1/ttt.hta,Kimsuky APT Group Leverages Social Engineering to Target Global Entities,Malware,2024
http://gbionet.com/,Kimsuky APT Group Leverages Social Engineering to Target Global Entities,Malware,2024
http://122.155.191.33/temp/clientx64.bin,Kimsuky APT Group Leverages Social Engineering to Target Global Entities,Malware,2024
http://meatalk.com/pg/adm/tdr/upi/down0/lib.php,Kimsuky APT Group Leverages Social Engineering to Target Global Entities,Malware,2024
http://ek.com/js/sub/aos/dull/down1/r_enc.bin,Kimsuky APT Group Leverages Social Engineering to Target Global Entities,Malware,2024
http://ek.com/js/sub/aos/dull/down1/show.php,Kimsuky APT Group Leverages Social Engineering to Target Global Entities,Malware,2024
http://meatalk.com/pg/adm/tdr/upi/down0/show.php,Kimsuky APT Group Leverages Social Engineering to Target Global Entities,Malware,2024
http://vwellpain.com/js/sub/up/down1/r_enc.bin,Kimsuky APT Group Leverages Social Engineering to Target Global Entities,Malware,2024
http://siloamclinic.com/js/slick/up/down0/list.php,Kimsuky APT Group Leverages Social Engineering to Target Global Entities,Malware,2024
http://kyungdaek.com/js/sub/aos/dull/down1/list.php,Kimsuky APT Group Leverages Social Engineering to Target Global Entities,Malware,2024
https://orientedworld.com/wp-content/plugins/health-check/pages/gorgon1/d.php?na=battmp,Kimsuky APT Group Leverages Social Engineering to Target Global Entities,Malware,2024
http://122.155.191.33/temp/down1/123.hwp,Kimsuky APT Group Leverages Social Engineering to Target Global Entities,Malware,2024
http://meatalk.com/pg/adm/tdr/upi/down0/list.php,Kimsuky APT Group Leverages Social Engineering to Target Global Entities,Malware,2024
http://siloamclinic.com/js/slick/up/down1/r_enc.bin,Kimsuky APT Group Leverages Social Engineering to Target Global Entities,Malware,2024
http://kyungdaek.com/js/sub/aos/dull/down1/123.hwp,Kimsuky APT Group Leverages Social Engineering to Target Global Entities,Malware,2024
http://www.ek.com/js/sub/aos/dull/down1/r_enc.bin,Kimsuky APT Group Leverages Social Engineering to Target Global Entities,Malware,2024
cartmizer.info,Patchwork Group's Sophisticated Toolset Fuels Aggressive Espionage,Malware,2024
beijingtv.org,Patchwork Group's Sophisticated Toolset Fuels Aggressive Espionage,Malware,2024
longwang.b-cdn.net,Patchwork Group's Sophisticated Toolset Fuels Aggressive Espionage,Malware,2024
drv2ms.com,HATVIBE and CHERRYSPY Malware Used to Target Critical Ukrainian Infrastructure,Malware,2024
olminx.com,HATVIBE and CHERRYSPY Malware Used to Target Critical Ukrainian Infrastructure,Malware,2024
prozorro-ua.net,HATVIBE and CHERRYSPY Malware Used to Target Critical Ukrainian Infrastructure,Malware,2024
https://prozorro-ua.net/tender/ua-2024-06-25-006884-a/print/limited-reporting/ua-2024-07-04-010017/font-pack-pdf-windows-,HATVIBE and CHERRYSPY Malware Used to Target Critical Ukrainian Infrastructure,Malware,2024
https://prozorro-ua.net/tender/ua-2024-06-25-006884-a/print/limited-reporting/adobe_acrobat_fonts_pack.exe,HATVIBE and CHERRYSPY Malware Used to Target Critical Ukrainian Infrastructure,Malware,2024
http://trust-certificate.net/setup.php,HATVIBE and CHERRYSPY Malware Used to Target Critical Ukrainian Infrastructure,Malware,2024
https://prozorro-ua.net/tender/ua-2024-06-25-006894-a/print/limited-reporting/ua-2024-07-04-010019-a-open.pdf,HATVIBE and CHERRYSPY Malware Used to Target Critical Ukrainian Infrastructure,Malware,2024
infinityhackscharan.ddns.net,Telegram Zero-Day Exploit Enabled Stealthy APK Delivery,Malware,2024
http://172.104.160.126:5000/uploadss,New Infostealer Masquerades as CrowdStrike Repair Manual,Malware,2024
http://172.104.160.126:8099/payload2.txt,New Infostealer Masquerades as CrowdStrike Repair Manual,Malware,2024
scratchedcards.com,Cybercriminals Leverage Defender Vulnerability to Deploy Stealers,Malware,2024
answerrsdo.shop,HeartCrypt Packer-as-a-Service Enables Easy Malware Distribution,Malware,2024
pbdbj.xyz,Cybercriminals Leverage Defender Vulnerability to Deploy Stealers,Malware,2024
pqdrf.xyz,Cybercriminals Leverage Defender Vulnerability to Deploy Stealers,Malware,2024
proffyrobharborye.xyz,Cybercriminals Leverage Defender Vulnerability to Deploy Stealers,Malware,2024
21centuryart.com,Cybercriminals Leverage Defender Vulnerability to Deploy Stealers,Malware,2024
pcvvf.xyz,Cybercriminals Leverage Defender Vulnerability to Deploy Stealers,Malware,2024
pdddk.xyz,Cybercriminals Leverage Defender Vulnerability to Deploy Stealers,Malware,2024
pcvcf.xyz,Cybercriminals Leverage Defender Vulnerability to Deploy Stealers,Malware,2024
web3versecoin.com,Cyberattackers Deploy Connecio Stealer After CrowdStrike Update Incident,Malware,2024
dshu.xyz,Cyberattackers Deploy Connecio Stealer After CrowdStrike Update Incident,Malware,2024
theprofits.online,Cyberattackers Deploy Connecio Stealer After CrowdStrike Update Incident,Malware,2024
klaxusonline.com,Cyberattackers Deploy Connecio Stealer After CrowdStrike Update Incident,Malware,2024
mail.dshu.xyz,Cyberattackers Deploy Connecio Stealer After CrowdStrike Update Incident,Malware,2024
xryptbx.com,Cyberattackers Deploy Connecio Stealer After CrowdStrike Update Incident,Malware,2024
http://web3versecoin.com:465/,Cyberattackers Deploy Connecio Stealer After CrowdStrike Update Incident,Malware,2024
https://pastebin.com/2divwcdq,Cyberattackers Deploy Connecio Stealer After CrowdStrike Update Incident,Malware,2024
http://logs@theprofits.online/,Cyberattackers Deploy Connecio Stealer After CrowdStrike Update Incident,Malware,2024
http://logs@web3versecoin.com/,Cyberattackers Deploy Connecio Stealer After CrowdStrike Update Incident,Malware,2024
https://pastebin.com/fhfj1fyd,Cyberattackers Deploy Connecio Stealer After CrowdStrike Update Incident,Malware,2024
http://frank@dshu.xyz/,Cyberattackers Deploy Connecio Stealer After CrowdStrike Update Incident,Malware,2024
init.sh,Cybercriminals Target Microsoft 365 with Quad7 Botnet,Malware,2024
imap.dateupdata.com,CISA and partners expose PRC cyber espionage through global network infiltrations,Malware,2024
mus09.duckdns.org,APT36 Leverages Phishing to Target Indian Government Departments,Malware,2024
kurvabbr.pw,W2 Phishing Campaign Delivers Destructive Malware Payload,Malware,2024
barsman.biz,W2 Phishing Campaign Delivers Destructive Malware Payload,Malware,2024
appointopia.com,W2 Phishing Campaign Delivers Destructive Malware Payload,Malware,2024
bibidj.biz,W2 Phishing Campaign Delivers Destructive Malware Payload,Malware,2024
barsen.monster,W2 Phishing Campaign Delivers Destructive Malware Payload,Malware,2024
garunt.biz,W2 Phishing Campaign Delivers Destructive Malware Payload,Malware,2024
https://trymeakafr.com/live/,W2 Phishing Campaign Delivers Destructive Malware Payload,Malware,2024
https://finjuiceer.com/live/,W2 Phishing Campaign Delivers Destructive Malware Payload,Malware,2024
https://grupotefex.com/forms-pubs/about-form-w-2/,W2 Phishing Campaign Delivers Destructive Malware Payload,Malware,2024
https://riscoarchez.com/live/,W2 Phishing Campaign Delivers Destructive Malware Payload,Malware,2024
https://meakdgahup.com/live/,W2 Phishing Campaign Delivers Destructive Malware Payload,Malware,2024
https://jucemaster.space/live/,W2 Phishing Campaign Delivers Destructive Malware Payload,Malware,2024
http://38.181.34.153/,Ghost RAT Trojan Strikes Chinese Windows Users,Malware,2024
https://pplilvbest.cyou/d1/ali.alibabe.buzz/reg32/,Ghost RAT Trojan Strikes Chinese Windows Users,Malware,2024
http://pplilv.top/d3/38.181.20.2/reg32,Ghost RAT Trojan Strikes Chinese Windows Users,Malware,2024
http://bngcp.icu/d3/134.122.134.69/reg32,Ghost RAT Trojan Strikes Chinese Windows Users,Malware,2024
http://pplilvbest.cyou/d3/216.83.55.68/reg32,Ghost RAT Trojan Strikes Chinese Windows Users,Malware,2024
http://pplilvbest.cyou/d3/154.213.17.14/code32,Ghost RAT Trojan Strikes Chinese Windows Users,Malware,2024
http://pplilv.top/d3/134.122.134.69/reg32,Ghost RAT Trojan Strikes Chinese Windows Users,Malware,2024
http://pplilvbest.cyou/c1/118.107.43.222/reg32,Ghost RAT Trojan Strikes Chinese Windows Users,Malware,2024
http://154.23.179.113/,Ghost RAT Trojan Strikes Chinese Windows Users,Malware,2024
http://1683.org/e4/xxll.vip/reg32,Ghost RAT Trojan Strikes Chinese Windows Users,Malware,2024
http://pplilvbest.cyou/d3/154.213.17.14/reg32,Ghost RAT Trojan Strikes Chinese Windows Users,Malware,2024
http://1683.org/c1/156.240.108.40/reg32,Ghost RAT Trojan Strikes Chinese Windows Users,Malware,2024
http://pplilv.bond/d3/154.82.77.37/code32,Ghost RAT Trojan Strikes Chinese Windows Users,Malware,2024
http://pplilvbest.cyou/d1/ali.alibabe.buzz/code32,Ghost RAT Trojan Strikes Chinese Windows Users,Malware,2024
http://pplilvbest.cyou/d3/206.238.199.65_10202/code32,Ghost RAT Trojan Strikes Chinese Windows Users,Malware,2024
http://pplilvbest.cyou/n1/27.124.34.24/reg32,Ghost RAT Trojan Strikes Chinese Windows Users,Malware,2024
https://pplilvbest.cyou/d1/ali.alibabe.buzz/code32/,Ghost RAT Trojan Strikes Chinese Windows Users,Malware,2024
http://bngcp.icu/d3/134.122.134.69/code32,Ghost RAT Trojan Strikes Chinese Windows Users,Malware,2024
http://pplilvbest.cyou/n1/47.239.15.149/code32,Ghost RAT Trojan Strikes Chinese Windows Users,Malware,2024
http://154.23.181.219/,Ghost RAT Trojan Strikes Chinese Windows Users,Malware,2024
http://pplilvbest.cyou/n1/47.243.121.64/reg32,Ghost RAT Trojan Strikes Chinese Windows Users,Malware,2024
http://mm6695.icu/d1/143.92.56.176/code32,Ghost RAT Trojan Strikes Chinese Windows Users,Malware,2024
https://pplilv.top/d1/154.55.135.224/reg32/,Ghost RAT Trojan Strikes Chinese Windows Users,Malware,2024
http://pplilvbest.cyou/c1/45.195.204.83/reg32,Ghost RAT Trojan Strikes Chinese Windows Users,Malware,2024
http://pplilvbest.cyou/d3/27.124.40.28/reg32,Ghost RAT Trojan Strikes Chinese Windows Users,Malware,2024
https://pplilv.top/n1/206.238.199.150/reg32/,Ghost RAT Trojan Strikes Chinese Windows Users,Malware,2024
http://pplilvbest.cyou/d3/206.238.199.65_10202/reg32,Ghost RAT Trojan Strikes Chinese Windows Users,Malware,2024
https://mm6695.icu/d1/206.119.80.10/reg32/,Ghost RAT Trojan Strikes Chinese Windows Users,Malware,2024
http://pplilvbest.cyou/d3/193.218.39.6/reg32,Ghost RAT Trojan Strikes Chinese Windows Users,Malware,2024
http://pplilvbest.cyou/n1/154.91.64.87/reg32,Ghost RAT Trojan Strikes Chinese Windows Users,Malware,2024
https://pplilv.top/d3/216.83.55.68/reg32/,Ghost RAT Trojan Strikes Chinese Windows Users,Malware,2024
http://pplilvbest.cyou/d3/193.218.39.6/code32,Ghost RAT Trojan Strikes Chinese Windows Users,Malware,2024
http://mm6695.icu/d1/qosd.top_10300/reg32,Ghost RAT Trojan Strikes Chinese Windows Users,Malware,2024
https://mm6695.icu/d1/qosd.top_10300/reg32/,Ghost RAT Trojan Strikes Chinese Windows Users,Malware,2024
http://154.23.181.219/http:/pplilv.bond/d3/38.46.15.242/reg32,Ghost RAT Trojan Strikes Chinese Windows Users,Malware,2024
http://pplilvbest.cyou/n1/47.243.121.64/code32,Ghost RAT Trojan Strikes Chinese Windows Users,Malware,2024
http://pplilvbest.cyou/c1/8.217.47.91/code32,Ghost RAT Trojan Strikes Chinese Windows Users,Malware,2024
http://pplilv.top/d1/154.55.135.224/code32,Ghost RAT Trojan Strikes Chinese Windows Users,Malware,2024
http://pplilvbest.cyou/n1/47.239.15.149/reg32,Ghost RAT Trojan Strikes Chinese Windows Users,Malware,2024
http://pplilvbest.cyou/d3/206.238.199.65_10201/reg32,Ghost RAT Trojan Strikes Chinese Windows Users,Malware,2024
http://pplilvbest.cyou/n1/154.91.64.87/code32,Ghost RAT Trojan Strikes Chinese Windows Users,Malware,2024
http://hzj66.vip/c1/8.218.219.198_13001/reg32,Ghost RAT Trojan Strikes Chinese Windows Users,Malware,2024
http://pplilvbest.cyou/c1/8.218.213.27/reg32,Ghost RAT Trojan Strikes Chinese Windows Users,Malware,2024
http://pplilvbest.cyou/d3/27.124.40.28/code32,Ghost RAT Trojan Strikes Chinese Windows Users,Malware,2024
http://pplilv.top/d1/206.119.80.5/reg32,Ghost RAT Trojan Strikes Chinese Windows Users,Malware,2024
http://pplilvbest.cyou/d3/103.204.78.28/code32,Ghost RAT Trojan Strikes Chinese Windows Users,Malware,2024
http://pplilvbest.cyou/n1/14.128.50.22/reg32,Ghost RAT Trojan Strikes Chinese Windows Users,Malware,2024
https://pplilv.top/n1/206.238.199.150/code32/,Ghost RAT Trojan Strikes Chinese Windows Users,Malware,2024
https://mm6695.icu/c1/8.210.131.111_13001/reg32/,Ghost RAT Trojan Strikes Chinese Windows Users,Malware,2024
https://mm6695.icu/d1/143.92.56.176/reg32/,Ghost RAT Trojan Strikes Chinese Windows Users,Malware,2024
http://pplilvbest.cyou/d1/202.79.172.60/reg32,Ghost RAT Trojan Strikes Chinese Windows Users,Malware,2024
http://pplilvbest.cyou/n1/27.124.34.24/code32,Ghost RAT Trojan Strikes Chinese Windows Users,Malware,2024
http://154.19.85.12/,Ghost RAT Trojan Strikes Chinese Windows Users,Malware,2024
http://pplilvbest.cyou/d1/216.83.59.17/reg32,Ghost RAT Trojan Strikes Chinese Windows Users,Malware,2024
http://pplilv.top/d3/193.218.39.6/reg32,Ghost RAT Trojan Strikes Chinese Windows Users,Malware,2024
http://pplilvbest.cyou/d1/ali.alibabe.buzz/reg32,Ghost RAT Trojan Strikes Chinese Windows Users,Malware,2024
http://pplilvbest.cyou/d3/nbvip.cyou/code32,Ghost RAT Trojan Strikes Chinese Windows Users,Malware,2024
https://pplilv.top/d3/216.83.55.68/code32/,Ghost RAT Trojan Strikes Chinese Windows Users,Malware,2024
http://pplilv.top/d3/38.181.20.2/code32,Ghost RAT Trojan Strikes Chinese Windows Users,Malware,2024
http://pplilv.top/c1/8.217.47.91/code32,Ghost RAT Trojan Strikes Chinese Windows Users,Malware,2024
http://pplilv.bond/d4/143.92.52.173/reg32,Ghost RAT Trojan Strikes Chinese Windows Users,Malware,2024
http://pplilvbest.cyou/d1/216.83.59.17/code32,Ghost RAT Trojan Strikes Chinese Windows Users,Malware,2024
http://pplilvbest.cyou/d3/nbvip.cyou/reg32,Ghost RAT Trojan Strikes Chinese Windows Users,Malware,2024
https://mm6695.cyou/d1/45.115.240.42/reg32/,Ghost RAT Trojan Strikes Chinese Windows Users,Malware,2024
http://mm6695.icu/c1/8.210.131.111_13001/reg32,Ghost RAT Trojan Strikes Chinese Windows Users,Malware,2024
http://pplilv.top/n1/206.238.199.150/code32,Ghost RAT Trojan Strikes Chinese Windows Users,Malware,2024
http://pplilvbest.cyou/c1/118.107.43.222/code32,Ghost RAT Trojan Strikes Chinese Windows Users,Malware,2024
http://pplilv.top/d3/103.204.78.28/code32,Ghost RAT Trojan Strikes Chinese Windows Users,Malware,2024
http://pplilv.top/d3/216.83.55.68/code32,Ghost RAT Trojan Strikes Chinese Windows Users,Malware,2024
http://pplilv.top/d3/103.204.78.28/reg32,Ghost RAT Trojan Strikes Chinese Windows Users,Malware,2024
http://pplilv.top/d1/154.23.182.42/reg32,Ghost RAT Trojan Strikes Chinese Windows Users,Malware,2024
http://pplilv.top/c1/8.217.47.91/reg32,Ghost RAT Trojan Strikes Chinese Windows Users,Malware,2024
http://pplilvbest.cyou/n1/14.128.50.22/code32,Ghost RAT Trojan Strikes Chinese Windows Users,Malware,2024
https://mm6695.icu/d1/143.92.56.176/code32/,Ghost RAT Trojan Strikes Chinese Windows Users,Malware,2024
http://mm6695.icu/d1/206.119.80.10/reg32,Ghost RAT Trojan Strikes Chinese Windows Users,Malware,2024
http://pplilv.top/d1/154.23.182.42/code32,Ghost RAT Trojan Strikes Chinese Windows Users,Malware,2024
http://pplilv.top/c1/156.247.32.132/reg32,Ghost RAT Trojan Strikes Chinese Windows Users,Malware,2024
https://pplilv.top/d1/154.55.135.224/code32/,Ghost RAT Trojan Strikes Chinese Windows Users,Malware,2024
http://pplilv.top/c1/156.247.32.132/code32,Ghost RAT Trojan Strikes Chinese Windows Users,Malware,2024
http://pplilv.top/d1/206.119.80.5/code32,Ghost RAT Trojan Strikes Chinese Windows Users,Malware,2024
http://pplilv.top/d1/154.55.135.224/reg32,Ghost RAT Trojan Strikes Chinese Windows Users,Malware,2024
http://pplilv.top/d3/216.83.55.68/reg32,Ghost RAT Trojan Strikes Chinese Windows Users,Malware,2024
https://pplilvbest.cyou/d3/154.213.17.14/reg32/,Ghost RAT Trojan Strikes Chinese Windows Users,Malware,2024
http://154.23.181.219/http:/pplilv.bond/d3/38.46.15.242/code32,Ghost RAT Trojan Strikes Chinese Windows Users,Malware,2024
http://pplilvbest.cyou/c1/8.217.47.91/reg32,Ghost RAT Trojan Strikes Chinese Windows Users,Malware,2024
http://pplilv.bond/d4/154.91.90.226/reg32,Ghost RAT Trojan Strikes Chinese Windows Users,Malware,2024
http://pplilvbest.cyou/d3/216.83.55.68/code32,Ghost RAT Trojan Strikes Chinese Windows Users,Malware,2024
http://38.181.34.182/,Ghost RAT Trojan Strikes Chinese Windows Users,Malware,2024
http://pplilvbest.cyou/d3/103.204.78.28/reg32,Ghost RAT Trojan Strikes Chinese Windows Users,Malware,2024
http://pplilvbest.cyou/d3/206.238.199.65_10201/code32,Ghost RAT Trojan Strikes Chinese Windows Users,Malware,2024
https://pplilvbest.cyou/d3/154.213.17.14/code32/,Ghost RAT Trojan Strikes Chinese Windows Users,Malware,2024
http://mm6695.cyou/d1/45.115.240.42/reg32,Ghost RAT Trojan Strikes Chinese Windows Users,Malware,2024
http://mm6695.icu/d1/143.92.56.176/reg32,Ghost RAT Trojan Strikes Chinese Windows Users,Malware,2024
http://pplilvbest.cyou/c1/8.218.213.27/code32,Ghost RAT Trojan Strikes Chinese Windows Users,Malware,2024
http://38.181.34.219/,Ghost RAT Trojan Strikes Chinese Windows Users,Malware,2024
http://pplilvbest.cyou/d1/202.79.172.60/code32,Ghost RAT Trojan Strikes Chinese Windows Users,Malware,2024
http://pplilvbest.cyou/c1/45.195.204.83/code32,Ghost RAT Trojan Strikes Chinese Windows Users,Malware,2024
https://iq3ahijcfeont3xx.tor2web.blutmagie.de/,The Evolution of RansomExx Group: A Technical Overview,Malware,2024
http://rnsm777cdsjrsdlbs4v5qoeppu3px6sb2igmh53jzrx7ipcrbjz5b2ad.onion/%c3%a2%e2%82%ac%c2%af,The Evolution of RansomExx Group: A Technical Overview,Malware,2024
http://iq3ahijcfeont3xx.sm4i8smr3f43.com/,The Evolution of RansomExx Group: A Technical Overview,Malware,2024
http://iq3ahijcfeont3xx.fenaow48fn42.com/,The Evolution of RansomExx Group: A Technical Overview,Malware,2024
mustome.com,The Evolution of RansomExx Group: A Technical Overview,Malware,2024
teamchuan.com,The Evolution of RansomExx Group: A Technical Overview,Malware,2024
safealyzer.com,The Evolution of RansomExx Group: A Technical Overview,Malware,2024
sarymar.com,The Evolution of RansomExx Group: A Technical Overview,Malware,2024
tedxns.com,The Evolution of RansomExx Group: A Technical Overview,Malware,2024
gue.life,The Evolution of RansomExx Group: A Technical Overview,Malware,2024
hekutn.com,The Evolution of RansomExx Group: A Technical Overview,Malware,2024
bookrah.com,The Evolution of RansomExx Group: A Technical Overview,Malware,2024
syvansoft.com,The Evolution of RansomExx Group: A Technical Overview,Malware,2024
cloud.falconoasisdubai.com,The Evolution of RansomExx Group: A Technical Overview,Malware,2024
m33.bar,The Evolution of RansomExx Group: A Technical Overview,Malware,2024
benreat.com,The Evolution of RansomExx Group: A Technical Overview,Malware,2024
c1oudflare.com,The Evolution of RansomExx Group: A Technical Overview,Malware,2024
planlamaison.com,The Evolution of RansomExx Group: A Technical Overview,Malware,2024
j3qq4.club,The Evolution of RansomExx Group: A Technical Overview,Malware,2024
indexterityszcoxp.shop,FBI and CISA Uncover Lumma Stealer Evolving Cyber Threats,Malware,2024
lariatedzugspd.shop,FBI and CISA Uncover Lumma Stealer Evolving Cyber Threats,Malware,2024
callosallsaospz.shop,FBI and CISA Uncover Lumma Stealer Evolving Cyber Threats,Malware,2024
liernessfornicsa.shop,FBI and CISA Uncover Lumma Stealer Evolving Cyber Threats,Malware,2024
shepherdlyopzc.shop,FBI and CISA Uncover Lumma Stealer Evolving Cyber Threats,Malware,2024
warrantelespsz.shop,Malvertising Attack Targets Credentials Through AI Photo Apps,Malware,2024
crowdstrike-office365.com,CrowdStrike Sounds Alarm on New German Phishing Scam,Malware,2024
upknittsoappz.shop,FBI and CISA Uncover Lumma Stealer Evolving Cyber Threats,Malware,2024
outpointsozp.shop,FBI and CISA Uncover Lumma Stealer Evolving Cyber Threats,Malware,2024
msoffice365update.zip,CrowdStrike Sounds Alarm on New German Phishing Scam,Malware,2024
unseaffarignsk.shop,FBI and CISA Uncover Lumma Stealer Evolving Cyber Threats,Malware,2024
https://sideindexfollowragelrew.pw/,Stargazer Goblin's Malicious Repository Network,Malware,2024
https://sturdyregularrmsnhw.shop/,Stargazer Goblin's Malicious Repository Network,Malware,2024
https://distincttangyflippan.shop/,Stargazer Goblin's Malicious Repository Network,Malware,2024
https://vivaciousdqugilew.shop/,Stargazer Goblin's Malicious Repository Network,Malware,2024
https://greentastellesqwm.shop/,Stargazer Goblin's Malicious Repository Network,Malware,2024
https://macabrecondfucews.shop/,Stargazer Goblin's Malicious Repository Network,Malware,2024
https://messtimetabledkolvk.shop/,Stargazer Goblin's Malicious Repository Network,Malware,2024
https://relaxtionflouwerwi.shop/,Stargazer Goblin's Malicious Repository Network,Malware,2024
https://patternapplauderw.shop/,Stargazer Goblin's Malicious Repository Network,Malware,2024
https://horsedwollfedrwos.shop/,Stargazer Goblin's Malicious Repository Network,Malware,2024
https://slamcopynammeks.shop/,Stargazer Goblin's Malicious Repository Network,Malware,2024
https://innerverdanytiresw.shop/,Stargazer Goblin's Malicious Repository Network,Malware,2024
https://detailbaconroollyws.shop/,Stargazer Goblin's Malicious Repository Network,Malware,2024
https://lamentablegapingkwaq.shop/,Stargazer Goblin's Malicious Repository Network,Malware,2024
https://understanndtytonyguw.shop/,Stargazer Goblin's Malicious Repository Network,Malware,2024
https://considerrycurrentyws.shop/,Stargazer Goblin's Malicious Repository Network,Malware,2024
https://standingcomperewhitwo.shop/,Stargazer Goblin's Malicious Repository Network,Malware,2024
https://deprivedrinkyfaiir.shop/,Stargazer Goblin's Malicious Repository Network,Malware,2024
https://stickyyummyskiwffe.shop/,Stargazer Goblin's Malicious Repository Network,Malware,2024
newservicestc.net,Proofpoint Settings Exploited for Massive Phishing Campaign,Malware,2024
wheatrusks.town,Proofpoint Settings Exploited for Massive Phishing Campaign,Malware,2024
nashtab.org,"Cyber Espionage Group Targets Russia, Moldova",Malware,2024
sbordokumentov.com,"Cyber Espionage Group Targets Russia, Moldova",Malware,2024
protej.org,"Cyber Espionage Group Targets Russia, Moldova",Malware,2024
https://sbordokumentov.com/snirboubd/?n=var1xp9bg2nstq,"Cyber Espionage Group Targets Russia, Moldova",Malware,2024
https://protej.org/zpwidnydav/?n=whfbidnw9yutx,"Cyber Espionage Group Targets Russia, Moldova",Malware,2024
https://protej.org/zpwidnydav/?e&n=bvq7nwlxhjyomt,"Cyber Espionage Group Targets Russia, Moldova",Malware,2024
vaniloin.fun,Fake Google Authenticator Ads Deliver Malware,Malware,2024
chromeweb-authenticators.com,Fake Google Authenticator Ads Deliver Malware,Malware,2024
vcczen.eu,Fake Google Authenticator Ads Deliver Malware,Malware,2024
tmdr7.mom,Fake Google Authenticator Ads Deliver Malware,Malware,2024
mint-stealer.top,Mint Stealer Exposing a Python-Based Data Thief,Malware,2024
cashout.pw,Mint Stealer Exposing a Python-Based Data Thief,Malware,2024
mint-c2.top,Mint Stealer Exposing a Python-Based Data Thief,Malware,2024
http://mint-c2.top/api/won,Mint Stealer Exposing a Python-Based Data Thief,Malware,2024
http://mint-c2.top/api/injection,Mint Stealer Exposing a Python-Based Data Thief,Malware,2024
https://sorics-ai.web.app/,AI-Themed Malware Attack on the Rise,Malware,2024
https://sealingshop.click/py/adsteam,AI-Themed Malware Attack on the Rise,Malware,2024
https://special-create-studio.com/loki/fileavu,AI-Themed Malware Attack on the Rise,Malware,2024
https://sealingshop.click/pyen/adsteam,AI-Themed Malware Attack on the Rise,Malware,2024
https://opensora.info/,AI-Themed Malware Attack on the Rise,Malware,2024
https://sealingshop.click/host/adsteam,AI-Themed Malware Attack on the Rise,Malware,2024
https://sealingshop.click/config/stu,AI-Themed Malware Attack on the Rise,Malware,2024
https://sealingshop.click/miner/c,AI-Themed Malware Attack on the Rise,Malware,2024
https://sealingshop.click/miner/g,AI-Themed Malware Attack on the Rise,Malware,2024
https://special-create-studio.com/loki/soraavu.zip,AI-Themed Malware Attack on the Rise,Malware,2024
https://sealingshop.click/bat/adsteam,AI-Themed Malware Attack on the Rise,Malware,2024
https://sora-6b494.web.app/,AI-Themed Malware Attack on the Rise,Malware,2024
https://sealingshop.click/app/python39.zip,AI-Themed Malware Attack on the Rise,Malware,2024
evotophoto.com,Malvertising Attack Targets Credentials Through AI Photo Apps,Malware,2024
evotoforpc.net,Malvertising Attack Targets Credentials Through AI Photo Apps,Malware,2024
applyzxcksdia.shop,Malvertising Attack Targets Credentials Through AI Photo Apps,Malware,2024
importancedopz.shop,Malvertising Attack Targets Credentials Through AI Photo Apps,Malware,2024
aggiledpozm.shop,Malvertising Attack Targets Credentials Through AI Photo Apps,Malware,2024
https://linkbio.co/verifybussiness,Malvertising Attack Targets Credentials Through AI Photo Apps,Malware,2024
https://support-team-account.fbb2024-20.click/,Malvertising Attack Targets Credentials Through AI Photo Apps,Malware,2024
https://tokyo-api.vlhentaiz.com/loginprocess/,Malvertising Attack Targets Credentials Through AI Photo Apps,Malware,2024
https://metaverifybusiness.sp247.click/,Malvertising Attack Targets Credentials Through AI Photo Apps,Malware,2024
https://techsupportcenter1902.click/,Malvertising Attack Targets Credentials Through AI Photo Apps,Malware,2024
https://bio.link/contactcase82495,Malvertising Attack Targets Credentials Through AI Photo Apps,Malware,2024
https://metabusinesssupportcenter.linkbio.co/,Malvertising Attack Targets Credentials Through AI Photo Apps,Malware,2024
https://usop-api.vlhentaiz.com/loginprocess/,Malvertising Attack Targets Credentials Through AI Photo Apps,Malware,2024
https://dtg-help-277.pages.dev/,Malvertising Attack Targets Credentials Through AI Photo Apps,Malware,2024
https://linkup.top/metateamsupport.com,Malvertising Attack Targets Credentials Through AI Photo Apps,Malware,2024
https://linkup.top/businesshelpaccount.us,Malvertising Attack Targets Credentials Through AI Photo Apps,Malware,2024
https://businesscenter.fbb16.click/,Malvertising Attack Targets Credentials Through AI Photo Apps,Malware,2024
https://zoro-api.vlhentaiz.com/loginprocess/,Malvertising Attack Targets Credentials Through AI Photo Apps,Malware,2024
https://linkup.top/helpcenteraccount.us,Malvertising Attack Targets Credentials Through AI Photo Apps,Malware,2024
https://s.id/meta-helpcenter-case89166,Malvertising Attack Targets Credentials Through AI Photo Apps,Malware,2024
https://tinyurl.com/36ahx3es,Malvertising Attack Targets Credentials Through AI Photo Apps,Malware,2024
https://mssg.me/supportproteam.com,Malvertising Attack Targets Credentials Through AI Photo Apps,Malware,2024
https://pastebin.com/raw/dlzt4trb:13880,STRRAT Malware Used in Bloody Wolf Campaign Against Kazakhstan,Malware,2024
https://pastebin.com/raw/dlzt4trb:13569,STRRAT Malware Used in Bloody Wolf Campaign Against Kazakhstan,Malware,2024
https://pastebin.com/raw/yzlysxsv:20202,STRRAT Malware Used in Bloody Wolf Campaign Against Kazakhstan,Malware,2024
https://pastebin.com/raw/67b8gsuq:13671,STRRAT Malware Used in Bloody Wolf Campaign Against Kazakhstan,Malware,2024
https://pastebin.com/raw/dfky3zdm:13570,STRRAT Malware Used in Bloody Wolf Campaign Against Kazakhstan,Malware,2024
https://pastebin.com/raw/yzlysxsv:13881,STRRAT Malware Used in Bloody Wolf Campaign Against Kazakhstan,Malware,2024
https://pastebin.com/raw/67b8gsuq:13672,STRRAT Malware Used in Bloody Wolf Campaign Against Kazakhstan,Malware,2024
https://pastebin.com/raw/8umphg86:13772,STRRAT Malware Used in Bloody Wolf Campaign Against Kazakhstan,Malware,2024
https://pastebin.com/raw/dlzt4trb:10101,STRRAT Malware Used in Bloody Wolf Campaign Against Kazakhstan,Malware,2024
https://pastebin.com/raw/8umphg86:13771,STRRAT Malware Used in Bloody Wolf Campaign Against Kazakhstan,Malware,2024
https://pastebin.com/raw/hm78bge9,LianSpy Malware Evades Detection with Sneaky Trick,Malware,2024
https://pastebin.com/raw/hiayisg8,LianSpy Malware Evades Detection with Sneaky Trick,Malware,2024
https://pastebin.com/raw/uc5ft4z6,LianSpy Malware Evades Detection with Sneaky Trick,Malware,2024
https://pastebin.com/raw/85dmiwde,LianSpy Malware Evades Detection with Sneaky Trick,Malware,2024
https://pastebin.com/raw/agbmx16r,LianSpy Malware Evades Detection with Sneaky Trick,Malware,2024
https://pastebin.com/raw/zy8bkyyg,LianSpy Malware Evades Detection with Sneaky Trick,Malware,2024
https://pastebin.com/raw/0t2c1djz,LianSpy Malware Evades Detection with Sneaky Trick,Malware,2024
https://pastebin.com/raw/47ulyg6q,LianSpy Malware Evades Detection with Sneaky Trick,Malware,2024
https://pastebin.com/raw/nszab3hw,LianSpy Malware Evades Detection with Sneaky Trick,Malware,2024
https://pastebin.com/raw/x4cuav5l,LianSpy Malware Evades Detection with Sneaky Trick,Malware,2024
https://pastebin.com/raw/zbfe2b4z,LianSpy Malware Evades Detection with Sneaky Trick,Malware,2024
https://pastebin.com/raw/krqnqnrt,LianSpy Malware Evades Detection with Sneaky Trick,Malware,2024
https://pastebin.com/raw/81ghqujk,LianSpy Malware Evades Detection with Sneaky Trick,Malware,2024
https://pastebin.com/raw/2pmx7bgd,LianSpy Malware Evades Detection with Sneaky Trick,Malware,2024
https://pastebin.com/raw/8yxyqtp9,LianSpy Malware Evades Detection with Sneaky Trick,Malware,2024
https://pastebin.com/raw/fxqart5r,LianSpy Malware Evades Detection with Sneaky Trick,Malware,2024
https://pastebin.com/raw/rzmhgifp,LianSpy Malware Evades Detection with Sneaky Trick,Malware,2024
https://pastebin.com/raw/zsy6tzlb,LianSpy Malware Evades Detection with Sneaky Trick,Malware,2024
https://pastebin.com/raw/w4j6jnbv,LianSpy Malware Evades Detection with Sneaky Trick,Malware,2024
https://pastebin.com/raw/7kxadnlm,LianSpy Malware Evades Detection with Sneaky Trick,Malware,2024
https://pastebin.com/raw/417svxud,LianSpy Malware Evades Detection with Sneaky Trick,Malware,2024
https://pastebin.com/raw/wszsbxpg,LianSpy Malware Evades Detection with Sneaky Trick,Malware,2024
https://pastebin.com/raw/r509sydv,LianSpy Malware Evades Detection with Sneaky Trick,Malware,2024
https://pastebin.com/raw/e0sqyu41,LianSpy Malware Evades Detection with Sneaky Trick,Malware,2024
https://pastebin.com/raw/cblwwcbr,LianSpy Malware Evades Detection with Sneaky Trick,Malware,2024
https://pastebin.com/raw/tuqfwtvy,LianSpy Malware Evades Detection with Sneaky Trick,Malware,2024
https://pastebin.com/raw/wppem8u5,LianSpy Malware Evades Detection with Sneaky Trick,Malware,2024
https://pastebin.com/raw/dxxczdf7,LianSpy Malware Evades Detection with Sneaky Trick,Malware,2024
https://pastebin.com/raw/9eqj8uud,LianSpy Malware Evades Detection with Sneaky Trick,Malware,2024
https://pastebin.com/raw/459bbu4h,LianSpy Malware Evades Detection with Sneaky Trick,Malware,2024
netup.p-e.kr,North Korea Hackers Exploit VPN Flaw,Malware,2024
aerosp.p-e.kr,North Korea Hackers Exploit VPN Flaw,Malware,2024
ol.neqapa.p-e.kr,North Korea Hackers Exploit VPN Flaw,Malware,2024
main.winters.r-e.kr,North Korea Hackers Exploit VPN Flaw,Malware,2024
kmobile.bestunif.com,North Korea Hackers Exploit VPN Flaw,Malware,2024
limsjo.p-e.kr,North Korea Hackers Exploit VPN Flaw,Malware,2024
coolsystem.co.kr,North Korea Hackers Exploit VPN Flaw,Malware,2024
kostin.p-e.kr,North Korea Hackers Exploit VPN Flaw,Malware,2024
appofficer.kro.kr,North Korea Hackers Exploit VPN Flaw,Malware,2024
angryipsca.com,Ransomware Gang Unleashes SharpRhino on IT Professionals,Malware,2024
jpmorgan-fisrt.homelinux.com,Widespread Banking Trojan Attacks Target Secureserver.net Domains,Malware,2024
http://45.40.96.231/autoit3.exe,Widespread Banking Trojan Attacks Target Secureserver.net Domains,Malware,2024
http://198.148.167.72.host.secureserver.net/oqqst11/gv7pus771.js,Widespread Banking Trojan Attacks Target Secureserver.net Domains,Malware,2024
https://198.148.167.72.host.secureserver.net/,Widespread Banking Trojan Attacks Target Secureserver.net Domains,Malware,2024
7-zip.tw,GoGra Backdoor Hits South Asian Media,Malware,2024
ghdsasync.duckdns.org,PureHVNC Delivered Through Python,Malware,2024
ncmomenthv.duckdns.org,SERPENTINE#CLOUD Stealthy Malware via Cloudflare Tunnels,Malware,2024
drvenomjh.duckdns.org,PureHVNC Delivered Through Python,Malware,2024
anachyyyyy.duckdns.org,PureHVNC Delivered Through Python,Malware,2024
vxsrwrm.duckdns.org,PureHVNC Delivered Through Python,Malware,2024
xoowill56.duckdns.org,PureHVNC Delivered Through Python,Malware,2024
https://float-suppose-msg-pulling.trycloudflare.com/,PureHVNC Delivered Through Python,Malware,2024
times.windowstimes.online,Earth Lamia Evolving Cyber Threats Across Multiple Sectors,Malware,2024
https://jobquest.ph/,Hackers Exploit SQL Servers to Target Organizations,Malware,2024
googleaauthenticator.com,New Phishing Threat Uses Google Authenticator as Entry Point,Malware,2024
https://spikeliftall.com/live/,New Phishing Threat Uses Google Authenticator as Entry Point,Malware,2024
https://geotravelsgi.xyz/ujs/2ae977f4-db12-4876-9e4d-fc8d1778842d,New Phishing Threat Uses Google Authenticator as Entry Point,Malware,2024
https://godfaetret.com/live/,New Phishing Threat Uses Google Authenticator as Entry Point,Malware,2024
https://ethiopian.zkgo.cc/,Golddigger and Gigabud  A Comparative Analysis of Android Malware,Malware,2024
https://airways.ajgo.cc/,Golddigger and Gigabud  A Comparative Analysis of Android Malware,Malware,2024
https://dstv.atferu.com/,Golddigger and Gigabud  A Comparative Analysis of Android Malware,Malware,2024
microsearch.me,Browser Hijacker Campaign Targeting Chrome and Edge,Malware,2024
wincloudservice.com,Browser Hijacker Campaign Targeting Chrome and Edge,Malware,2024
activesearchbar.me,Browser Hijacker Campaign Targeting Chrome and Edge,Malware,2024
kondoserp1.com,Browser Hijacker Campaign Targeting Chrome and Edge,Malware,2024
nvoptimizer.com,Browser Hijacker Campaign Targeting Chrome and Edge,Malware,2024
exyzsearch.com,Trojan Malware Strikes Browser Extensions,Malware,2024
nvoptimize.com,Browser Hijacker Campaign Targeting Chrome and Edge,Malware,2024
https://kondoserp1.com/,Browser Hijacker Campaign Targeting Chrome and Edge,Malware,2024
https://nvoptimize.com/updatertask/91716dcd-4255-4d21-ac87-e3433d17e188,Browser Hijacker Campaign Targeting Chrome and Edge,Malware,2024
https://nvoptimize.com/,Browser Hijacker Campaign Targeting Chrome and Edge,Malware,2024
dorray.site,North Korean Cyber Espionage Group Targets University Faculty,Malware,2024
osihi.store,North Korean Cyber Espionage Group Targets University Faculty,Malware,2024
nsonlines.store,North Korean Cyber Espionage Group Targets University Faculty,Malware,2024
wodods.xyz,North Korean Cyber Espionage Group Targets University Faculty,Malware,2024
wodods.online,North Korean Cyber Espionage Group Targets University Faculty,Malware,2024
audko.store,North Korean Cyber Espionage Group Targets University Faculty,Malware,2024
sorsi.online,North Korean Cyber Espionage Group Targets University Faculty,Malware,2024
simos.online,North Korean Cyber Espionage Group Targets University Faculty,Malware,2024
gkjoiup.site,North Korean Cyber Espionage Group Targets University Faculty,Malware,2024
nlsie.store,North Korean Cyber Espionage Group Targets University Faculty,Malware,2024
gkjoiup.store,North Korean Cyber Espionage Group Targets University Faculty,Malware,2024
nusiu.live,North Korean Cyber Espionage Group Targets University Faculty,Malware,2024
https://eternal.lol/file/,New Cronus Ransomware Campaign Leveraging PayPal Phishing,Malware,2024
dipl.site,Pakistan's Digital War on India,Malware,2024
utkalsevasamitikanjurmarg.in,Pakistan's Digital War on India,Malware,2024
campusportals.in,Pakistan's Digital War on India,Malware,2024
mazagondoc.com,Pakistan's Digital War on India,Malware,2024
https://campusportals.in/files/documents/bs/economy/1.hta,Pakistan's Digital War on India,Malware,2024
https://googleservices.live/dakshf_upload.php,Pakistan's Digital War on India,Malware,2024
https://dipl.site/content/2022-23/01/04/whatsapp_image_2024-05-06.zip,Pakistan's Digital War on India,Malware,2024
https://mazagondoc.com/images/sigthief.py,Pakistan's Digital War on India,Malware,2024
https://mazagondoc.com/images/igfxtk.exe,Pakistan's Digital War on India,Malware,2024
https://slidesfinder.com/free-templates/freefiles/158/rtloki.png,Pakistan's Digital War on India,Malware,2024
https://mazagondoc.com/images/templates/logo.png,Pakistan's Digital War on India,Malware,2024
https://dipl.site/content/2022-23/01/02/us_china_standoff-opportunity-for-india-chadha-21-aug-23.zip,Pakistan's Digital War on India,Malware,2024
https://slidesfinder.com/free-templates/freefiles/158/letter002.pdf,Pakistan's Digital War on India,Malware,2024
https://mazagondoc.com/images/igfxtk.bat,Pakistan's Digital War on India,Malware,2024
https://slidesfinder.com/free-templates/freefiles/158/rt12.png,Pakistan's Digital War on India,Malware,2024
https://mazagondoc.com/images/chromes.exe,Pakistan's Digital War on India,Malware,2024
https://mazagondoc.com/documents01/sigthief.py,Pakistan's Digital War on India,Malware,2024
http://checkdailytips.servehttp.com/dailyworkout,Pakistan's Digital War on India,Malware,2024
http://157.245.100.177/acpid-dit,Pakistan's Digital War on India,Malware,2024
https://campusportals.in/files/documents/bs/economy/,Pakistan's Digital War on India,Malware,2024
https://mazagondoc.com/images/word/naval_projects_payment_section_report_131023.docx,Pakistan's Digital War on India,Malware,2024
https://mazagondoc.com/images/templates/slide7.png,Pakistan's Digital War on India,Malware,2024
https://mazagondoc.com/documents01/001doc.pdf,Pakistan's Digital War on India,Malware,2024
https://mazagondoc.com/images/templates/naval_projects_payment_section_report_131023.docx,Pakistan's Digital War on India,Malware,2024
https://campusportals.in/files/2.hta,Pakistan's Digital War on India,Malware,2024
https://mazagondoc.com/images/msedgprefix.exe,Pakistan's Digital War on India,Malware,2024
https://mazagondoc.com/documents01/rt12.png,Pakistan's Digital War on India,Malware,2024
https://mazagondoc.com/documents01/letter002.pdf,Pakistan's Digital War on India,Malware,2024
https://campusportals.in/files/documents/bs/survey/2.hta,Pakistan's Digital War on India,Malware,2024
https://campusportals.in/files/documents/bs/it/1.hta,Pakistan's Digital War on India,Malware,2024
https://mazagondoc.com/images/pdf/cheexe.exe,Pakistan's Digital War on India,Malware,2024
http://vocport.com/contactus,Pakistan's Digital War on India,Malware,2024
https://dipl.site/content/2022-23/01/01/ugt254d.hta,Pakistan's Digital War on India,Malware,2024
https://mazagondoc.com/images/templates/propritery/doc-logo.png,Pakistan's Digital War on India,Malware,2024
https://mazagondoc.com/images/pdf/naval_projects_payment_section_report_29092023.docx,Pakistan's Digital War on India,Malware,2024
http://159.65.146.80/bin-xdg,Pakistan's Digital War on India,Malware,2024
https://mazagondoc.com/images/msedg.exe,Pakistan's Digital War on India,Malware,2024
https://mazagondoc.com/images/msedg.bat,Pakistan's Digital War on India,Malware,2024
http://defender.windowupdatecache.in/,Pakistan's Digital War on India,Malware,2024
https://mazagondoc.com/documents01/filezilla.exe,Pakistan's Digital War on India,Malware,2024
https://campusportals.in/files/documents/bs/survey/,Pakistan's Digital War on India,Malware,2024
https://utkalsevasamitikanjurmarg.in/assets/pdfs/salary_increment_fy_2024/salary_increment_fy_2024.zip,Pakistan's Digital War on India,Malware,2024
https://dipl.site/content/2022-23/01/03/imge12542.hta,Pakistan's Digital War on India,Malware,2024
https://mazagondoc.com/images/templates/aerospace.dotm,Pakistan's Digital War on India,Malware,2024
https://mazagondoc.com/images/adobereader.bat,Pakistan's Digital War on India,Malware,2024
https://mazagondoc.com/images/word/project_and_services_section_report_10102023.docx,Pakistan's Digital War on India,Malware,2024
https://campusportals.in/files/documents/bs/economy/2.hta,Pakistan's Digital War on India,Malware,2024
https://dipl.site/content/2022-23/01/01/,Pakistan's Digital War on India,Malware,2024
https://campusportals.in/myfiles/bdocuments/survey1.zip,Pakistan's Digital War on India,Malware,2024
http://vocport.com/khalistanleaderprotest,Pakistan's Digital War on India,Malware,2024
https://campusportals.in/files/documents/xmlnsprcs.hta,Pakistan's Digital War on India,Malware,2024
https://mazagondoc.com/images/awccs.bat,Pakistan's Digital War on India,Malware,2024
http://165.22.221.71/distro-dlna,Pakistan's Digital War on India,Malware,2024
https://mazagondoc.com/images/adobearm.exe,Pakistan's Digital War on India,Malware,2024
http://64.188.27.144:5863/,Pakistan's Digital War on India,Malware,2024
https://mazagondoc.com/documents01/08978.png,Pakistan's Digital War on India,Malware,2024
https://campusportals.in/files/documents/bs/survey/1.hta,Pakistan's Digital War on India,Malware,2024
https://dipl.site/content/2022-23/01/03/,Pakistan's Digital War on India,Malware,2024
https://slidesfinder.com/free-templates/freefiles/158/tmps.dotm,Pakistan's Digital War on India,Malware,2024
https://campusportals.in/files/documents/bs/it/2.hta,Pakistan's Digital War on India,Malware,2024
https://utkalsevasamitikanjurmarg.in/assets/pdfs/salary_increment_fy_2024/binastos10/newpictures.png,Pakistan's Digital War on India,Malware,2024
https://utkalsevasamitikanjurmarg.in/assets/pdfs/salary_increment_fy_2024/binastos10/,Pakistan's Digital War on India,Malware,2024
https://campusportals.in/files/documents/bs/it/,Pakistan's Digital War on India,Malware,2024
https://slidesfinder.com/free-templates/freefiles/158/08978.png,Pakistan's Digital War on India,Malware,2024
https://campusportals.in/files/documents/bs/2.hta,Pakistan's Digital War on India,Malware,2024
http://178.128.166.148/cjs-bin,Pakistan's Digital War on India,Malware,2024
sync.smart-vnc.com,New Phishing Threat Targets Ukrainian Government,Malware,2024
invoice-traffic.com,New Phishing Threat Targets Ukrainian Government,Malware,2024
gbshost.net,New Phishing Threat Targets Ukrainian Government,Malware,2024
smartcloudflare.com,New Phishing Threat Targets Ukrainian Government,Malware,2024
sync.invoice-traffic.com,New Phishing Threat Targets Ukrainian Government,Malware,2024
anonvnc.com,New Phishing Threat Targets Ukrainian Government,Malware,2024
sync.smartcloudflare.com,New Phishing Threat Targets Ukrainian Government,Malware,2024
sync.anonvnc.com,New Phishing Threat Targets Ukrainian Government,Malware,2024
https://gbshost.net/,New Phishing Threat Targets Ukrainian Government,Malware,2024
https://filedn.eu/lodwtgn8sswha6pn8hxwe1j/.........../,New Phishing Threat Targets Ukrainian Government,Malware,2024
https://filedn.eu/lodwtgn8sswha6pn8hxwe1j/tox2/scan_docs,New Phishing Threat Targets Ukrainian Government,Malware,2024
https://filedn.eu/lodwtgn8sswha6pn8hxwe1j/tox/,New Phishing Threat Targets Ukrainian Government,Malware,2024
https://filedn.eu/lodwtgn8sswha6pn8hxwe1j/tox2/,New Phishing Threat Targets Ukrainian Government,Malware,2024
https://filedn.eu/lodwtgn8sswha6pn8hxwe1j/1.../,New Phishing Threat Targets Ukrainian Government,Malware,2024
cmpnst.info,Log4j Vulnerability Exploited for Crypto-Mining and Backdoors,Malware,2024
americajobmail.site,North Korean Group Leverages Play Ransomware in Major Cyberattack,CommandAndControl,2024
http://lynxblogco7r37jt7p5wrmfxzqze7ghxw6rihzkqc455qluacwotciyd.onion/,RaaS Resurgence Akira and Lynx Target SMBs in 2025,SuspiciousActivity,2024
http://lynxchatdy3tgcuijsqofhssopcepirjfq2f4pvb5qd4un4dhqyxswqd.onion/login,RaaS Resurgence Akira and Lynx Target SMBs in 2025,SuspiciousActivity,2024
http://lynxchatfw4rgsclp4567i4llkqjr2kltaumwwobxdik3qa2oorrknad.onion/login,RaaS Resurgence Akira and Lynx Target SMBs in 2025,SuspiciousActivity,2024
http://lynxchatly4zludmhmi75jrwhycnoqvkxb4prohxmyzf4euf5gjxroad.onion/login,RaaS Resurgence Akira and Lynx Target SMBs in 2025,SuspiciousActivity,2024
http://lynxblogmx3rbiwg3rpj4nds25hjsnrwkpxt5gaznetfikz4gz2csyad.onion/,RaaS Resurgence Akira and Lynx Target SMBs in 2025,SuspiciousActivity,2024
http://lynxchatdykpoelffqlvcbtry6o7gxk3rs2aiagh7ddz5yfttd6quxqd.onion/login,Lynx Ransomware Group Targets Energy Sector,SuspiciousActivity,2024
http://lynxbllrfr5262yvbgtqoyq76s7mpztcqkv6tjjxgpilpma7nyoeohyd.onion/,"Lynx, a New Face for INC Ransomware",SuspiciousActivity,2024
http://lynxchatde4spv5x6xlwxf47jdo7wtwwgikdoeroxamphu3e7xx5doqd.onion/login,Lynx Ransomware Group Targets Energy Sector,SuspiciousActivity,2024
http://lynxblogxutufossaeawlij3j3uikaloll5ko6grzhkwdclrjngrfoid.onion/,RaaS Resurgence Akira and Lynx Target SMBs in 2025,SuspiciousActivity,2024
http://lynxblogxstgzsarfyk2pvhdv45igghb4zmthnzmsipzeoduruz3xwqd.onion/,RaaS Resurgence Akira and Lynx Target SMBs in 2025,SuspiciousActivity,2024
http://lynxchatohmppv6au67lloc2vs6chy7nya7dsu2hhs55mcjxp2joglad.onion/login,RaaS Resurgence Akira and Lynx Target SMBs in 2025,SuspiciousActivity,2024
http://lynxchatbykq2vycvyrtjqb3yuj4ze2wvdubzr2u6b632trwvdbsgmyd.onion/login,Lynx Ransomware Group Targets Energy Sector,SuspiciousActivity,2024
http://lynxblogijy4jfoblgix2klxmkbgee4leoeuge7qt4fpfkj4zbi2sjyd.onion/,RaaS Resurgence Akira and Lynx Target SMBs in 2025,SuspiciousActivity,2024
http://lynxblogtwatfsrwj3oatpejwxk5bngqcd5f7s26iskagfu7ouaomjad.onion/,RaaS Resurgence Akira and Lynx Target SMBs in 2025,SuspiciousActivity,2024
http://lynxch2k5xi35j7hlbmwl7d6u2oz4vp2wqp6qkwol624cod3d6iqiyqd.onion/login,RaaS Resurgence Akira and Lynx Target SMBs in 2025,SuspiciousActivity,2024
http://lynxblogoxllth4b46cfwlop5pfj4s7dyv37yuy7qn2ftan6gd72hsad.onion/,RaaS Resurgence Akira and Lynx Target SMBs in 2025,SuspiciousActivity,2024
http://lynxbllrfr5262yvbgtqoyq76s7mpztcqkv6tjjxgpilpma7nyoeohyd.onion/disclosures,Lynx Ransomware Group Targets Energy Sector,SuspiciousActivity,2024
lynxblog.net,INC Ransom Emerging as a Global Ransomware and Extortion Threat,SuspiciousActivity,2024
http://89.23.96.203/333/9.exe,RansomHub Ransomware,SuspiciousActivity,2024
https://i.ibb.com/v3kj1c2/1154761258.png,RansomHub Ransomware,SuspiciousActivity,2024
https://40031.co/npm/module.tripadvisor/module.tripadvisor.js,RansomHub Ransomware,SuspiciousActivity,2024
http://188.34.188.7/555/bcrypt.dll,RansomHub Ransomware,SuspiciousActivity,2024
http://89.23.96.203/333/information.ini,RansomHub Ransomware,SuspiciousActivity,2024
http://samuelelena.co/,RansomHub Ransomware,SuspiciousActivity,2024
http://89.23.96.203/333/ambapdf.ico.dll,RansomHub Ransomware,SuspiciousActivity,2024
http://89.23.96.203/333/tmsla6kdcu8jxkzpmvbuvwetef5ycr.exe.config,RansomHub Ransomware,SuspiciousActivity,2024
https://40031.co/npm/module.external/moment.min.js,RansomHub Ransomware,SuspiciousActivity,2024
https://samuelelena.co/np,RansomHub Ransomware,SuspiciousActivity,2024
http://89.23.96.203/333/cabinet.dll,RansomHub Ransomware,SuspiciousActivity,2024
http://89.23.96.203/333/wininet.dll,RansomHub Ransomware,SuspiciousActivity,2024
http://89.23.96.203/333/iertutil.dll,RansomHub Ransomware,SuspiciousActivity,2024
https://i.ibb.co/sxqlwym/1038436121.png,RansomHub Ransomware,SuspiciousActivity,2024
http://89.23.96.203/333/winnlsres.dll,RansomHub Ransomware,SuspiciousActivity,2024
https://i.ibb.co/hk0jv1g/534475006.png,RansomHub Ransomware,SuspiciousActivity,2024
http://188.34.188.7/555/newofficialprogramcauseofnewupdate.exe.config,RansomHub Ransomware,SuspiciousActivity,2024
http://89.23.96.203/333/,RansomHub Ransomware,SuspiciousActivity,2024
http://188.34.188.7/555/newofficialprogramcauseofnewupdate.exe,RansomHub Ransomware,SuspiciousActivity,2024
http://89.23.96.203/333/5.exe,RansomHub Ransomware,SuspiciousActivity,2024
https://i.ibb.co/p1rctpy/2681232755.png,RansomHub Ransomware,SuspiciousActivity,2024
https://i.ibb.co/v3kj1c2/1154761258.png,RansomHub Ransomware,SuspiciousActivity,2024
http://89.23.96.203/333/2wrrr6sw6xjtsxypzuhwhdg7qwn4es.exe,RansomHub Ransomware,SuspiciousActivity,2024
http://89.23.96.203/333/cryptsp.dll,RansomHub Ransomware,SuspiciousActivity,2024
https://i.ibb.co/x2fr8kz/2113791011.png,RansomHub Ransomware,SuspiciousActivity,2024
http://188.34.188.7/555/newofficialprogramcauseofnewupdate.ini,RansomHub Ransomware,SuspiciousActivity,2024
http://89.23.96.203/333/12.exe.config,RansomHub Ransomware,SuspiciousActivity,2024
http://89.23.96.203/333/xwenxub285p83ecrzvft.exe.config,RansomHub Ransomware,SuspiciousActivity,2024
https://samuelelena.co/npm,RansomHub Ransomware,SuspiciousActivity,2024
http://89.23.96.203/333/iphlpapi.dll,RansomHub Ransomware,SuspiciousActivity,2024
https://samuelelena.co/npm/module.external/jquery.min.js,RansomHub Ransomware,SuspiciousActivity,2024
https://12301230.co/npm/module.tripadvisor/module.tripadvisor.js,RansomHub Ransomware,SuspiciousActivity,2024
http://89.23.96.203/333/1.exe,RansomHub Ransomware,SuspiciousActivity,2024
http://89.23.96.203/333/winhttp.dll,RansomHub Ransomware,SuspiciousActivity,2024
http://188.34.188.7/555/amba16.ico,RansomHub Ransomware,SuspiciousActivity,2024
http://89.23.96.203/333/6.exe,RansomHub Ransomware,SuspiciousActivity,2024
http://188.34.188.7/555/cryptsp.dll,RansomHub Ransomware,SuspiciousActivity,2024
http://89.23.96.203/333/1.exe.config,RansomHub Ransomware,SuspiciousActivity,2024
http://89.23.96.203/333/en/d%e5%ad%97%e5%ad%97.resources.exe,RansomHub Ransomware,SuspiciousActivity,2024
https://12301230.co/npm/module.external/moment.min.js,RansomHub Ransomware,SuspiciousActivity,2024
https://samuelelena.co/npm/module.tripadvisor/module.tripadvisor.js,RansomHub Ransomware,SuspiciousActivity,2024
http://89.23.96.203/333/information.exe,RansomHub Ransomware,SuspiciousActivity,2024
http://89.23.96.203/333/en/d%e5%ad%97%e5%ad%97.resources/d%e5%ad%97%e5%ad%97.resources.exe,RansomHub Ransomware,SuspiciousActivity,2024
http://89.23.96.203/333/en-us/d%e5%ad%97%e5%ad%97.resources.exe,RansomHub Ransomware,SuspiciousActivity,2024
http://89.23.96.203/333/userenv.dll,RansomHub Ransomware,SuspiciousActivity,2024
https://samuelelena.co/,RansomHub Ransomware,SuspiciousActivity,2024
https://40031.co/npm/module.external/client.min.js,RansomHub Ransomware,SuspiciousActivity,2024
http://89.23.96.203/333/5.exe.config,RansomHub Ransomware,SuspiciousActivity,2024
https://12301230.co/npm/module.external/client.min.js,RansomHub Ransomware,SuspiciousActivity,2024
https://40031.co/npm/module.tripadvisor/module.tripadvisor.css,RansomHub Ransomware,SuspiciousActivity,2024
http://89.23.96.203/333/webio.dll,RansomHub Ransomware,SuspiciousActivity,2024
https://i.ibb.co/nbmnnw4/2501108160.png,RansomHub Ransomware,SuspiciousActivity,2024
http://89.23.96.203/333/2.exe,RansomHub Ransomware,SuspiciousActivity,2024
http://89.23.96.203/,RansomHub Ransomware,SuspiciousActivity,2024
http://188.34.188.7/555/en,RansomHub Ransomware,SuspiciousActivity,2024
http://89.23.96.203/333/12.exe,RansomHub Ransomware,SuspiciousActivity,2024
http://89.23.96.203/333/2wrrr6sw6xjtsxypzuhwhdg7qwn4es.exe.config,RansomHub Ransomware,SuspiciousActivity,2024
http://89.23.96.203/333/cryptnet.dll,RansomHub Ransomware,SuspiciousActivity,2024
http://89.23.96.203/333/3.exe.config,RansomHub Ransomware,SuspiciousActivity,2024
http://temp.sh/kncqd/superloop.exe,RansomHub Ransomware,SuspiciousActivity,2024
http://89.23.96.203/333/xwenxub285p83ecrzvft.exe,RansomHub Ransomware,SuspiciousActivity,2024
https://samuelelena.co/npm/module.external/client.min.js,RansomHub Ransomware,SuspiciousActivity,2024
http://89.23.96.203/333/mshtml.dll,RansomHub Ransomware,SuspiciousActivity,2024
https://samuelelena.co/npm/module.external,RansomHub Ransomware,SuspiciousActivity,2024
http://89.23.96.203/333/cryptbase.dll,RansomHub Ransomware,SuspiciousActivity,2024
http://samuelelena.co:443/,RansomHub Ransomware,SuspiciousActivity,2024
http://89.23.96.203/333/tmsla6kdcu8jxkzpmvbuvwetef5ycr.exe,RansomHub Ransomware,SuspiciousActivity,2024
http://89.23.96.203/333/en-us/d%e5%ad%97%e5%ad%97.resources/d%e5%ad%97%e5%ad%97.resources.exe,RansomHub Ransomware,SuspiciousActivity,2024
http://89.23.96.203/333/7.exe,RansomHub Ransomware,SuspiciousActivity,2024
http://samuelelena.co/npm/module.external/client.min.js,RansomHub Ransomware,SuspiciousActivity,2024
http://89.23.96.203/333/en-us,RansomHub Ransomware,SuspiciousActivity,2024
https://i.ibb.co/v1bn9zk/369210627.png,RansomHub Ransomware,SuspiciousActivity,2024
http://188.34.188.7/555/,RansomHub Ransomware,SuspiciousActivity,2024
http://188.34.188.7/555/en-us,RansomHub Ransomware,SuspiciousActivity,2024
http://89.23.96.203/333/3.exe,RansomHub Ransomware,SuspiciousActivity,2024
https://i.ibb.co/fxhyq6t/2077411869.png,RansomHub Ransomware,SuspiciousActivity,2024
https://i.ibb.co/4g6jh2j/2773036704.png,RansomHub Ransomware,SuspiciousActivity,2024
http://89.23.96.203/333,RansomHub Ransomware,SuspiciousActivity,2024
https://i.ibb.co/2kbydfw/112882618.png,RansomHub Ransomware,SuspiciousActivity,2024
http://89.23.96.203/333/92.exe,RansomHub Ransomware,SuspiciousActivity,2024
http://89.23.96.203/333/en,RansomHub Ransomware,SuspiciousActivity,2024
https://i.ibb.co/b1bzbpg/2615174623.png,RansomHub Ransomware,SuspiciousActivity,2024
http://samuelelena.co/npm/module.external/jquery.min.js,RansomHub Ransomware,SuspiciousActivity,2024
http://89.23.96.203/333/information.exe.config,RansomHub Ransomware,SuspiciousActivity,2024
http://89.23.96.203/333/winmm.dll,RansomHub Ransomware,SuspiciousActivity,2024
http://89.23.96.203/333/sspicli.dll,RansomHub Ransomware,SuspiciousActivity,2024
https://12301230.co/npm/module.tripadvisor/module.tripadvisor.css,RansomHub Ransomware,SuspiciousActivity,2024
http://89.23.96.203/333/winmmbase.dll,RansomHub Ransomware,SuspiciousActivity,2024
https://grabify.link/y33yxp,RansomHub Ransomware,SuspiciousActivity,2024
https://samuelelena.co/npm/module.external/jquery.min.js&nbsp;,RansomHub Ransomware,SuspiciousActivity,2024
http://89.23.96.203/333/2.exe.config,RansomHub Ransomware,SuspiciousActivity,2024
http://89.23.96.203/333/8.exe,RansomHub Ransomware,SuspiciousActivity,2024
http://89.23.96.203/333/cv4tcgxujvs.exe,RansomHub Ransomware,SuspiciousActivity,2024
http://89.23.96.203/333/4.exe,RansomHub Ransomware,SuspiciousActivity,2024
http://89.23.96.203/333/10.exe,RansomHub Ransomware,SuspiciousActivity,2024
http://89.23.96.203/333/en-us/d%e5%ad%97%e5%ad%97.resources/d%e5%ad%97%e5%ad%97.resources.dll,RansomHub Ransomware,SuspiciousActivity,2024
http://89.23.96.203/333/4.exe.config,RansomHub Ransomware,SuspiciousActivity,2024
http://samuelelena.co/npm/,RansomHub Ransomware,SuspiciousActivity,2024
https://40031.co/npm/module.external/jquery.min.js,RansomHub Ransomware,SuspiciousActivity,2024
http://89.23.96.203/333/dpapi.dll,RansomHub Ransomware,SuspiciousActivity,2024
http://89.23.96.203/333/urlmon.dll,RansomHub Ransomware,SuspiciousActivity,2024
http://188.34.188.7/555,RansomHub Ransomware,SuspiciousActivity,2024
http://samuelelena.co/npm/module.tripadvisor/module.tripadvisor.js,RansomHub Ransomware,SuspiciousActivity,2024
https://12301230.co/npm/module.external/jquery.min.js,RansomHub Ransomware,SuspiciousActivity,2024
http://89.23.96.203/333/en/d%e5%ad%97%e5%ad%97.resources.dll,RansomHub Ransomware,SuspiciousActivity,2024
http://89.23.96.203/333/bcrypt.dll,RansomHub Ransomware,SuspiciousActivity,2024
http://89.23.96.203/333/ambapdf.ico,RansomHub Ransomware,SuspiciousActivity,2024
http://89.23.96.203/333/en-us/d%e5%ad%97%e5%ad%97.resources.dll,RansomHub Ransomware,SuspiciousActivity,2024
http://89.23.96.203/333/en/d%e5%ad%97%e5%ad%97.resources/d%e5%ad%97%e5%ad%97.resources.dll,RansomHub Ransomware,SuspiciousActivity,2024
http://89.23.96.203/333/msi.dll,RansomHub Ransomware,SuspiciousActivity,2024
https://samuelelena.co/npm/module.external/moment.min.js,RansomHub Ransomware,SuspiciousActivity,2024
apitestlabs.com,Strela Stealer,SuspiciousActivity,2024
vaultdocker.com,Strela Stealer,SuspiciousActivity,2024
cloudslimit.com,Strela Stealer,SuspiciousActivity,2024
endpointexperiment.com,Strela Stealer,SuspiciousActivity,2024
dailywebstats.com,Strela Stealer,SuspiciousActivity,2024
navarar.com,APT37 Reconnaissance Tactics,SuspiciousActivity,2024
kakaofilestorage.com,APT37 Reconnaissance Tactics,SuspiciousActivity,2024
filedownloadserve.com,APT37 Reconnaissance Tactics,SuspiciousActivity,2024
gibuzuy37v2v.top,Italy Faces New Vidar Malware Threat,SuspiciousActivity,2024
mjjagccfegadkej.top,Italy Faces New Vidar Malware Threat,SuspiciousActivity,2024
marchatti.com,Italy Faces New Vidar Malware Threat,SuspiciousActivity,2024
jcgijjkddehkfli.top,Italy Faces New Vidar Malware Threat,SuspiciousActivity,2024
q6cdmo8n7h2qp446fdbimy40fgyiuy59p.marchatti.com,Italy Faces New Vidar Malware Threat,SuspiciousActivity,2024
http://mjjagccfegadkej.top/,Italy Faces New Vidar Malware Threat,SuspiciousActivity,2024
dkujpest.hu,Leveraging Passive DNS to Identify DNS Hijacking Attacks,SuspiciousActivity,2024
ccdc.org.do,Leveraging Passive DNS to Identify DNS Hijacking Attacks,SuspiciousActivity,2024
mail.uts.ac.id,Leveraging Passive DNS to Identify DNS Hijacking Attacks,SuspiciousActivity,2024
ns5.uts.ac.id,Leveraging Passive DNS to Identify DNS Hijacking Attacks,SuspiciousActivity,2024
c-sharp.in,Leveraging Passive DNS to Identify DNS Hijacking Attacks,SuspiciousActivity,2024
ns4.uts.ac.id,Leveraging Passive DNS to Identify DNS Hijacking Attacks,SuspiciousActivity,2024
uts.ac.id,Leveraging Passive DNS to Identify DNS Hijacking Attacks,SuspiciousActivity,2024
ns3.uts.ac.id,Leveraging Passive DNS to Identify DNS Hijacking Attacks,SuspiciousActivity,2024
ns6.uts.ac.id,Leveraging Passive DNS to Identify DNS Hijacking Attacks,SuspiciousActivity,2024
ns2.uts.ac.id,Leveraging Passive DNS to Identify DNS Hijacking Attacks,SuspiciousActivity,2024
ns1.uts.ac.id,Leveraging Passive DNS to Identify DNS Hijacking Attacks,SuspiciousActivity,2024
http://forum.hestiacp.com/uploads/default/original/2x/9/9aae76309a614c85f880512d8fe7df158fec52cc.png,Linux Backdoor Sneak Into Windows Via Phishing,SuspiciousActivity,2024
samsnewlooker.com,Hackers Attack Turkish Defense Sector with Advanced Malware,SuspiciousActivity,2024
locklearhealthapp.com,MiyaRAT_Trojan,SuspiciousActivity,2024
wmiapcservice.com,MiyaRAT_Trojan,SuspiciousActivity,2024
https://viyoappmapper.com/flv.ol,MiyaRAT_Trojan,SuspiciousActivity,2024
https://locklearhealthapp.com/mayred.msi,MiyaRAT_Trojan,SuspiciousActivity,2024
https://nurekleindesign.com/toronto.bin,MiyaRAT_Trojan,SuspiciousActivity,2024
https://maxnursesolutions.com/cssvr.jpg,MiyaRAT_Trojan,SuspiciousActivity,2024
https://locklearhealthapp.com/mspnx.msi,MiyaRAT_Trojan,SuspiciousActivity,2024
http://185.213.208.245/,New Stealer Exploits Invalid Certs,SuspiciousActivity,2024
new-bllog-i.com,Phishing Campaign Targets KeyBank Customers Via Bing Search Engine Manipulation,SuspiciousActivity,2024
ixxx-blognew.com,Phishing Campaign Targets KeyBank Customers Via Bing Search Engine Manipulation,SuspiciousActivity,2024
xxx-ii-news.com,Phishing Campaign Targets KeyBank Customers Via Bing Search Engine Manipulation,SuspiciousActivity,2024
xxx-ii-news.net,Phishing Campaign Targets KeyBank Customers Via Bing Search Engine Manipulation,SuspiciousActivity,2024
xxx-new-videos.com,Phishing Campaign Targets KeyBank Customers Via Bing Search Engine Manipulation,SuspiciousActivity,2024
info-blog-news.com,Phishing Campaign Targets KeyBank Customers Via Bing Search Engine Manipulation,SuspiciousActivity,2024
xv-bloging-info.com,Phishing Campaign Targets KeyBank Customers Via Bing Search Engine Manipulation,SuspiciousActivity,2024
ixx-kexxx.com,Phishing Campaign Targets KeyBank Customers Via Bing Search Engine Manipulation,SuspiciousActivity,2024
http://62.204.41.177/,Stealc Malware The New Info Stealing Threat,SuspiciousActivity,2024
qaz.su,UAC-0050 Exploits Tax Topics and LITEMANAGER,SuspiciousActivity,2024
tax-gov-ua.com,UAC-0050 Exploits Tax Topics and LITEMANAGER,SuspiciousActivity,2024
qaz.im,UAC-0050 Exploits Tax Topics and LITEMANAGER,SuspiciousActivity,2024
qaz.is,UAC-0050 Exploits Tax Topics and LITEMANAGER,SuspiciousActivity,2024
dpsu-gov-ua.com,UAC-0050 Exploits Tax Topics and LITEMANAGER,SuspiciousActivity,2024
https://qaz.is/load/fk7nr3/668d3238-49f0-4207-9478-4e8005840fbb,UAC-0050 Exploits Tax Topics and LITEMANAGER,SuspiciousActivity,2024
https://qaz.im/load/24a3zr/95a741c4-3e45-4232-80b5-2b63024e5417,UAC-0050 Exploits Tax Topics and LITEMANAGER,SuspiciousActivity,2024
https://qaz.im/load/ff6z7h/c0c57bb4-7b11-48c2-8698-eac2bc0053bd,UAC-0050 Exploits Tax Topics and LITEMANAGER,SuspiciousActivity,2024
https://qaz.im/load/iryee3/c30a179d-65c7-4b3a-8482-c5e520160803,UAC-0050 Exploits Tax Topics and LITEMANAGER,SuspiciousActivity,2024
https://qaz.im/load/e5t5ak/ad6e5edf-6a3e-40ec-beb7-362a57bdd366,UAC-0050 Exploits Tax Topics and LITEMANAGER,SuspiciousActivity,2024
https://qaz.im/load/anzrbi/4625764e-e4ed-423f-ba72-5f554565bde5,UAC-0050 Exploits Tax Topics and LITEMANAGER,SuspiciousActivity,2024
https://qaz.im/load/zfyfg3/1fe83bc0-a8d6-44f1-b2f2-f33e47de4d04,UAC-0050 Exploits Tax Topics and LITEMANAGER,SuspiciousActivity,2024
https://qaz.is/load/kftbyz/fa06a7ab-3e61-457b-97ef-e16d5f904765,UAC-0050 Exploits Tax Topics and LITEMANAGER,SuspiciousActivity,2024
https://qaz.im/load/qtdiys/c8b17655-2350-46ff-9500-aa7cce7dded1,UAC-0050 Exploits Tax Topics and LITEMANAGER,SuspiciousActivity,2024
https://qaz.im/load/92rksf/8bd23fcf-ac4e-4316-ac7a-cd868498bbb7,UAC-0050 Exploits Tax Topics and LITEMANAGER,SuspiciousActivity,2024
https://qaz.is/load/ny37zq/f341bee7-2fc1-4862-8b7c-65cab54c0b7c,UAC-0050 Exploits Tax Topics and LITEMANAGER,SuspiciousActivity,2024
https://qaz.im/load/zbaznq/e7ead79f-5754-49c2-b2a4-19577fb1a3bf,UAC-0050 Exploits Tax Topics and LITEMANAGER,SuspiciousActivity,2024
http://tax-gov-ua.com/dps_tax_gov_ua_0739220983.rar,UAC-0050 Exploits Tax Topics and LITEMANAGER,SuspiciousActivity,2024
https://qaz.im/load/by2qey/628078c0-0acb-4629-b789-88290052ccda,UAC-0050 Exploits Tax Topics and LITEMANAGER,SuspiciousActivity,2024
https://qaz.im/load/adyrrd/14248bac-ac25-4ba4-a8f8-55adb7fabab5,UAC-0050 Exploits Tax Topics and LITEMANAGER,SuspiciousActivity,2024
https://qaz.im/load/tf26t3/6b836ab8-9521-4e23-ad46-8384461defee,UAC-0050 Exploits Tax Topics and LITEMANAGER,SuspiciousActivity,2024
https://qaz.im/load/2yeddb/d5605a20-a710-4451-8960-a85b252de11a,UAC-0050 Exploits Tax Topics and LITEMANAGER,SuspiciousActivity,2024
http://23.95.182.59/31279geuwtoisgdehbiuowaehsgdb/cht,Interlock Ransomware Group Targets Universities with New NodeSnake RAT,SuspiciousActivity,2024
https://apple-online.shop/chromesetup.exe,Interlock Ransomware Group Targets Universities with New NodeSnake RAT,SuspiciousActivity,2024
https://rvthereyet.com/wp-admin/images/rsggj.php,Interlock Ransomware Group Targets Universities with New NodeSnake RAT,SuspiciousActivity,2024
https://github.com/tranquanghuy-09/activate-intellij-idea-ultimate/,New SteelFox Malware Threatens Windows PCs,SuspiciousActivity,2024
https://raw.githubusercontent.com/taronsargsyan123/scarasimulation/main/jetbrains-activator.exe,New SteelFox Malware Threatens Windows PCs,SuspiciousActivity,2024
https://drive.google.com/file/d/1bhdbvmywfg2551ommpo3_5vaeynj7pe5/view?usp=sharing,New SteelFox Malware Threatens Windows PCs,SuspiciousActivity,2024
https://squarecircle.ru/intelij/jetbrains-activator.exe,New SteelFox Malware Threatens Windows PCs,SuspiciousActivity,2024
https://www.cloudstaymoon.com/2024/05/06/tools-1,New SteelFox Malware Threatens Windows PCs,SuspiciousActivity,2024
https://github.com/cppdev-123,New SteelFox Malware Threatens Windows PCs,SuspiciousActivity,2024
https://ankjdans.xyz/,New SteelFox Malware Threatens Windows PCs,SuspiciousActivity,2024
https://raw.githubusercontent.com/davidnguyen67/crackjetbrains/main/jetbrains-activator.exe,New SteelFox Malware Threatens Windows PCs,SuspiciousActivity,2024
https://github.com/davidnguyen67/crackjetbrains,New SteelFox Malware Threatens Windows PCs,SuspiciousActivity,2024
https://github.com/trungga123/active-all-app-jetbrains/,New SteelFox Malware Threatens Windows PCs,SuspiciousActivity,2024
https://github.com/taronsargsyan123/scarasimulation,New SteelFox Malware Threatens Windows PCs,SuspiciousActivity,2024
https://raw.githubusercontent.com/tranquanghuy-09/activate-intellij-idea-ultimate/main/jetbrains-activator.exe,New SteelFox Malware Threatens Windows PCs,SuspiciousActivity,2024
https://raw.githubusercontent.com/trungga123/active-all-app-jetbrains/main/jetbrains-activator.exe,New SteelFox Malware Threatens Windows PCs,SuspiciousActivity,2024
atajerefoods.com,North Korea Targets Crypto with New macOS Malware,SuspiciousActivity,2024
panda95sg.asia,North Korea Targets Crypto with New macOS Malware,SuspiciousActivity,2024
verify.selinicapital.info,North Korea Targets Crypto with New macOS Malware,SuspiciousActivity,2024
arkinvst.com,North Korea Targets Crypto with New macOS Malware,SuspiciousActivity,2024
maelstromfund.org,North Korea Targets Crypto with New macOS Malware,SuspiciousActivity,2024
dourolab.xyz,North Korea Targets Crypto with New macOS Malware,SuspiciousActivity,2024
matuaner.com,North Korea Targets Crypto with New macOS Malware,SuspiciousActivity,2024
xu10.1056.uk,North Korea Targets Crypto with New macOS Malware,SuspiciousActivity,2024
edwardcaputo.shop,North Korea Targets Crypto with New macOS Malware,SuspiciousActivity,2024
meet.sellinicapital.com,North Korea Targets Crypto with New macOS Malware,SuspiciousActivity,2024
community.edwardcaputo.shop,North Korea Targets Crypto with New macOS Malware,SuspiciousActivity,2024
delphidigital.org,North Korea Targets Crypto with New macOS Malware,SuspiciousActivity,2024
zoom-client.com,North Korea Targets Crypto with New macOS Malware,SuspiciousActivity,2024
kevinaraujo.shop,North Korea Targets Crypto with New macOS Malware,SuspiciousActivity,2024
selinicapital.online,North Korea Targets Crypto with New macOS Malware,SuspiciousActivity,2024
versionupdate.dns.army,North Korea Targets Crypto with New macOS Malware,SuspiciousActivity,2024
www.yoannturp.xyz,North Korea Targets Crypto with New macOS Malware,SuspiciousActivity,2024
pixelmonmmo.net,North Korea Targets Crypto with New macOS Malware,SuspiciousActivity,2024
shh5.baranftw.xyz,North Korea Targets Crypto with New macOS Malware,SuspiciousActivity,2024
evalaskatours.com,North Korea Targets Crypto with New macOS Malware,SuspiciousActivity,2024
www.prismlab.xyz,North Korea Targets Crypto with New macOS Malware,SuspiciousActivity,2024
meet.selinicapital.xyz,North Korea Targets Crypto with New macOS Malware,SuspiciousActivity,2024
sendmailed.com,North Korea Targets Crypto with New macOS Malware,SuspiciousActivity,2024
online.zoom-client.com,North Korea Targets Crypto with New macOS Malware,SuspiciousActivity,2024
selincapital.com,North Korea Targets Crypto with New macOS Malware,SuspiciousActivity,2024
email.sellinicapital.com,North Korea Targets Crypto with New macOS Malware,SuspiciousActivity,2024
hwsrv-1225327.hostwindsdns.com,North Korea Targets Crypto with New macOS Malware,SuspiciousActivity,2024
drogueriasanjose.net,North Korea Targets Crypto with New macOS Malware,SuspiciousActivity,2024
info.ankanimatoka.com,North Korea Targets Crypto with New macOS Malware,SuspiciousActivity,2024
www.happyz.one,North Korea Targets Crypto with New macOS Malware,SuspiciousActivity,2024
meet.hananetwork.video,North Korea Targets Crypto with New macOS Malware,SuspiciousActivity,2024
sendmailer.org,North Korea Targets Crypto with New macOS Malware,SuspiciousActivity,2024
selinicapital.network,North Korea Targets Crypto with New macOS Malware,SuspiciousActivity,2024
www.sendmailed.com,North Korea Targets Crypto with New macOS Malware,SuspiciousActivity,2024
selinicapital.info,North Korea Targets Crypto with New macOS Malware,SuspiciousActivity,2024
analysis.arkinvst.com,North Korea Targets Crypto with New macOS Malware,SuspiciousActivity,2024
meeting.sellinicapital.com,North Korea Targets Crypto with New macOS Malware,SuspiciousActivity,2024
www.panda95sg.asia,North Korea Targets Crypto with New macOS Malware,SuspiciousActivity,2024
nodnote.com,North Korea Targets Crypto with New macOS Malware,SuspiciousActivity,2024
community.kevinaraujo.shop,North Korea Targets Crypto with New macOS Malware,SuspiciousActivity,2024
sellinicapital.com,North Korea Targets Crypto with New macOS Malware,SuspiciousActivity,2024
mc.tvdhoenn.net,North Korea Targets Crypto with New macOS Malware,SuspiciousActivity,2024
presentations.life,North Korea Targets Crypto with New macOS Malware,SuspiciousActivity,2024
community.selincapital.com,North Korea Targets Crypto with New macOS Malware,SuspiciousActivity,2024
happyz.one,North Korea Targets Crypto with New macOS Malware,SuspiciousActivity,2024
cardiagnostic.net,North Korea Targets Crypto with New macOS Malware,SuspiciousActivity,2024
maelstroms.fund,North Korea Targets Crypto with New macOS Malware,SuspiciousActivity,2024
customer-app.xyz,North Korea Targets Crypto with New macOS Malware,SuspiciousActivity,2024
www.buy2x.com,North Korea Targets Crypto with New macOS Malware,SuspiciousActivity,2024
meet.caladangroup.xyz,North Korea Targets Crypto with New macOS Malware,SuspiciousActivity,2024
www.huspot.blog,North Korea Targets Crypto with New macOS Malware,SuspiciousActivity,2024
meet.caladan.video,North Korea Targets Crypto with New macOS Malware,SuspiciousActivity,2024
buy2x.com,North Korea Targets Crypto with New macOS Malware,SuspiciousActivity,2024
cmt.ventures,North Korea Targets Crypto with New macOS Malware,SuspiciousActivity,2024
tvdhoenn.net,North Korea Targets Crypto with New macOS Malware,SuspiciousActivity,2024
www.sellinicapital.com,North Korea Targets Crypto with New macOS Malware,SuspiciousActivity,2024
appleaccess.pro,North Korea Targets Crypto with New macOS Malware,SuspiciousActivity,2024
meet.selinicapital.online,North Korea Targets Crypto with New macOS Malware,SuspiciousActivity,2024
www.maelstromfund.org,North Korea Targets Crypto with New macOS Malware,SuspiciousActivity,2024
ad59t82g.com,Winos4.0 Malware Delivers Persistent Backdoor via Malicious Game Apps,SuspiciousActivity,2024
http://ad59t82g.com/1/d.bmp,Winos4.0 Malware Delivers Persistent Backdoor via Malicious Game Apps,SuspiciousActivity,2024
http://ad59t82g.com/1/lon2.bmp,Winos4.0 Malware Delivers Persistent Backdoor via Malicious Game Apps,SuspiciousActivity,2024
http://ad59t82g.com/1/text.bmp,Winos4.0 Malware Delivers Persistent Backdoor via Malicious Game Apps,SuspiciousActivity,2024
http://ad59t82g.com/1/t2.bmp,Winos4.0 Malware Delivers Persistent Backdoor via Malicious Game Apps,SuspiciousActivity,2024
http://ad59t82g.com/1/h.bmp,Winos4.0 Malware Delivers Persistent Backdoor via Malicious Game Apps,SuspiciousActivity,2024
www.pubsectors.com,CloudComputating Group's Use of QSC Malware for Persistent Access and Espionage,SuspiciousActivity,2024
asistechs.com,CloudComputating Group's Use of QSC Malware for Persistent Access and Espionage,SuspiciousActivity,2024
sanchaar.net,CloudComputating Group's Use of QSC Malware for Persistent Access and Espionage,SuspiciousActivity,2024
www.delhiopera.com,CloudComputating Group's Use of QSC Malware for Persistent Access and Espionage,SuspiciousActivity,2024
www.birdsvpn.com,CloudComputating Group's Use of QSC Malware for Persistent Access and Espionage,SuspiciousActivity,2024
www.numupdate.com,CloudComputating Group's Use of QSC Malware for Persistent Access and Espionage,SuspiciousActivity,2024
newsinlevel.cc,CloudComputating Group's Use of QSC Malware for Persistent Access and Espionage,SuspiciousActivity,2024
juchesoviet48.com,RustDoor-A New Threat to macOS Systems,SuspiciousActivity,2024
wiresapplication.com,RustDoor-A New Threat to macOS Systems,SuspiciousActivity,2024
taurihostmetrics.com,RustDoor-A New Threat to macOS Systems,SuspiciousActivity,2024
ipcheck.cloud,NK Hackers Target Job Seekers,SuspiciousActivity,2024
payloadrpc.com,North Korean Hackers Target Remote Workers in Sophisticated Cyberattacks,SuspiciousActivity,2024
regioncheck.net,NK Hackers Target Job Seekers,SuspiciousActivity,2024
mirotalk.net,NK Hackers Target Job Seekers,SuspiciousActivity,2024
w3capi.marketing,North Korean Hackers Target Remote Workers in Sophisticated Cyberattacks,SuspiciousActivity,2024
greshunka.com,ClickFix Attacks on the Rise,SuspiciousActivity,2024
reggwardssdqw.shop,HeartCrypt Packer-as-a-Service Enables Easy Malware Distribution,SuspiciousActivity,2024
bazarunet.com,ClickFix Attacks on the Rise,SuspiciousActivity,2024
licenseodqwmqn.shop,HeartCrypt Packer-as-a-Service Enables Easy Malware Distribution,SuspiciousActivity,2024
rilomenifis.com,ClickFix Attacks on the Rise,SuspiciousActivity,2024
relaxatinownio.shop,HeartCrypt Packer-as-a-Service Enables Easy Malware Distribution,SuspiciousActivity,2024
keennylrwmqlw.shop,HeartCrypt Packer-as-a-Service Enables Easy Malware Distribution,SuspiciousActivity,2024
tesecuuweqo.shop,HeartCrypt Packer-as-a-Service Enables Easy Malware Distribution,SuspiciousActivity,2024
tendencctywop.shop,HeartCrypt Packer-as-a-Service Enables Easy Malware Distribution,SuspiciousActivity,2024
isomicrotich.com,ClickFix Attacks on the Rise,SuspiciousActivity,2024
tiguanin.com,ClickFix Attacks on the Rise,SuspiciousActivity,2024
promptcraft.online,ClickFix Attacks on the Rise,SuspiciousActivity,2024
eemmbryequo.shop,HeartCrypt Packer-as-a-Service Enables Easy Malware Distribution,SuspiciousActivity,2024
https://ricardo.aljiri.es/ricardo/captchav4de/,ClickFix Attacks on the Rise,SuspiciousActivity,2024
http://31.214.157.49/a6dxmijz_hdkr2jol_pimar1q8.txt,ClickFix Attacks on the Rise,SuspiciousActivity,2024
http://188.119.113.152/x64_stealth.dll,ClickFix Attacks on the Rise,SuspiciousActivity,2024
http://178.215.224.252/v10/ukyh.php,ClickFix Attacks on the Rise,SuspiciousActivity,2024
http://185.147.124.40:4404/,ClickFix Attacks on the Rise,SuspiciousActivity,2024
http://31.214.157.49/chrome.zip,ClickFix Attacks on the Rise,SuspiciousActivity,2024
http://185.147.124.40/capcha.html,ClickFix Attacks on the Rise,SuspiciousActivity,2024
https://github-scanner.com/l6e.exe,ClickFix Attacks on the Rise,SuspiciousActivity,2024
https://secureaunthenticatorrrrr.weebly.com/,Cybercriminals Exploit Cloud Services for Financial Gain,SuspiciousActivity,2024
https://yahoopaymentsecurity.weebly.com/,Cybercriminals Exploit Cloud Services for Financial Gain,SuspiciousActivity,2024
https://currentilydbsbatusfitaluabutes.weebly.com/,Cybercriminals Exploit Cloud Services for Financial Gain,SuspiciousActivity,2024
https://metamask-us-extension.weebly.com/,Cybercriminals Exploit Cloud Services for Financial Gain,SuspiciousActivity,2024
https://umpquawoers-accessmail.weebly.com/,Cybercriminals Exploit Cloud Services for Financial Gain,SuspiciousActivity,2024
https://mwebservlce.weebly.com/,Cybercriminals Exploit Cloud Services for Financial Gain,SuspiciousActivity,2024
https://novedadscotiab03.weebly.com/,Cybercriminals Exploit Cloud Services for Financial Gain,SuspiciousActivity,2024
https://att-mail-102779.weeblysite.com/,Cybercriminals Exploit Cloud Services for Financial Gain,SuspiciousActivity,2024
https://securebanklogin.weebly.com/,Cybercriminals Exploit Cloud Services for Financial Gain,SuspiciousActivity,2024
https://signup-robinhood.weebly.com/,Cybercriminals Exploit Cloud Services for Financial Gain,SuspiciousActivity,2024
https://update-baca-bank-aqmakaeyaa.weebly.com/,Cybercriminals Exploit Cloud Services for Financial Gain,SuspiciousActivity,2024
https://aolservlogsni.weebly.com/,Cybercriminals Exploit Cloud Services for Financial Gain,SuspiciousActivity,2024
https://currently-att-8-2-2024.weeblysite.com/,Cybercriminals Exploit Cloud Services for Financial Gain,SuspiciousActivity,2024
http://myredapplebank.weebly.com/,Cybercriminals Exploit Cloud Services for Financial Gain,SuspiciousActivity,2024
https://attmailteam87iu.weebly.com/,Cybercriminals Exploit Cloud Services for Financial Gain,SuspiciousActivity,2024
https://currentlyattyahoo850.weebly.com/,Cybercriminals Exploit Cloud Services for Financial Gain,SuspiciousActivity,2024
zdpog.w8510.com,Cybercriminals Leverage 66 Vulnerabilities to Target Global Systems,SuspiciousActivity,2024
testate.w8510.com,Cybercriminals Leverage 66 Vulnerabilities to Target Global Systems,SuspiciousActivity,2024
zdaasdafq.w8510.com,Cybercriminals Leverage 66 Vulnerabilities to Target Global Systems,SuspiciousActivity,2024
awbpxtpi.w8510.com,Cybercriminals Leverage 66 Vulnerabilities to Target Global Systems,SuspiciousActivity,2024
zdaaac.w8510.com,Cybercriminals Leverage 66 Vulnerabilities to Target Global Systems,SuspiciousActivity,2024
zdacxdawdas.w8510.com,Cybercriminals Leverage 66 Vulnerabilities to Target Global Systems,SuspiciousActivity,2024
ccccasdasdq.w8510.com,Cybercriminals Leverage 66 Vulnerabilities to Target Global Systems,SuspiciousActivity,2024
oiuiasdads.w8510.com,Cybercriminals Leverage 66 Vulnerabilities to Target Global Systems,SuspiciousActivity,2024
wmllxwkg.w8510.com,Cybercriminals Leverage 66 Vulnerabilities to Target Global Systems,SuspiciousActivity,2024
zdaczvs.w8510.com,Cybercriminals Leverage 66 Vulnerabilities to Target Global Systems,SuspiciousActivity,2024
zdcawca.w8510.com,Cybercriminals Leverage 66 Vulnerabilities to Target Global Systems,SuspiciousActivity,2024
mjiudwajhkf.w8510.com,Cybercriminals Leverage 66 Vulnerabilities to Target Global Systems,SuspiciousActivity,2024
dvasrdftqgqg.w8510.com,Cybercriminals Leverage 66 Vulnerabilities to Target Global Systems,SuspiciousActivity,2024
lyblqwesfawe.w8510.com,Cybercriminals Leverage 66 Vulnerabilities to Target Global Systems,SuspiciousActivity,2024
zdacasdc.w8510.com,Cybercriminals Leverage 66 Vulnerabilities to Target Global Systems,SuspiciousActivity,2024
aewreiuicajo.w8510.com,Cybercriminals Leverage 66 Vulnerabilities to Target Global Systems,SuspiciousActivity,2024
zdaczcvs1.w8510.com,Cybercriminals Leverage 66 Vulnerabilities to Target Global Systems,SuspiciousActivity,2024
tuisasdcxzd.w8510.com,Cybercriminals Leverage 66 Vulnerabilities to Target Global Systems,SuspiciousActivity,2024
zdafaa.w8510.com,Cybercriminals Leverage 66 Vulnerabilities to Target Global Systems,SuspiciousActivity,2024
qwertdvvaaz.w8510.com,Cybercriminals Leverage 66 Vulnerabilities to Target Global Systems,SuspiciousActivity,2024
uqooapp.w8510.com,Cybercriminals Leverage 66 Vulnerabilities to Target Global Systems,SuspiciousActivity,2024
mmnajsdh.w8510.com,Cybercriminals Leverage 66 Vulnerabilities to Target Global Systems,SuspiciousActivity,2024
zzxnjiq.w8510.com,Cybercriminals Leverage 66 Vulnerabilities to Target Global Systems,SuspiciousActivity,2024
uuiyiyasd.w8510.com,Cybercriminals Leverage 66 Vulnerabilities to Target Global Systems,SuspiciousActivity,2024
iyasdasfda.w8510.com,Cybercriminals Leverage 66 Vulnerabilities to Target Global Systems,SuspiciousActivity,2024
zdcacaw.w8510.com,Cybercriminals Leverage 66 Vulnerabilities to Target Global Systems,SuspiciousActivity,2024
poooooiioasd.w8510.com,Cybercriminals Leverage 66 Vulnerabilities to Target Global Systems,SuspiciousActivity,2024
testateone.w8510.com,Cybercriminals Leverage 66 Vulnerabilities to Target Global Systems,SuspiciousActivity,2024
zdacx46.w8510.com,Cybercriminals Leverage 66 Vulnerabilities to Target Global Systems,SuspiciousActivity,2024
zda9ol.w8510.com,Cybercriminals Leverage 66 Vulnerabilities to Target Global Systems,SuspiciousActivity,2024
zda896.w8510.com,Cybercriminals Leverage 66 Vulnerabilities to Target Global Systems,SuspiciousActivity,2024
canwtrow.w8510.com,Cybercriminals Leverage 66 Vulnerabilities to Target Global Systems,SuspiciousActivity,2024
cansqra.w8510.com,Cybercriminals Leverage 66 Vulnerabilities to Target Global Systems,SuspiciousActivity,2024
acqv.w8510.com,Cybercriminals Leverage 66 Vulnerabilities to Target Global Systems,SuspiciousActivity,2024
bzbatflwb.w8510.com,Cybercriminals Leverage 66 Vulnerabilities to Target Global Systems,SuspiciousActivity,2024
asdvxzzxvza.w8510.com,Cybercriminals Leverage 66 Vulnerabilities to Target Global Systems,SuspiciousActivity,2024
poiaqqrjk.w8510.com,Cybercriminals Leverage 66 Vulnerabilities to Target Global Systems,SuspiciousActivity,2024
lkopiyut.w8510.com,Cybercriminals Leverage 66 Vulnerabilities to Target Global Systems,SuspiciousActivity,2024
zdapoq.w8510.com,Cybercriminals Leverage 66 Vulnerabilities to Target Global Systems,SuspiciousActivity,2024
zzzcmsq.w8510.com,Cybercriminals Leverage 66 Vulnerabilities to Target Global Systems,SuspiciousActivity,2024
zasdfgasd.w8510.com,Cybercriminals Leverage 66 Vulnerabilities to Target Global Systems,SuspiciousActivity,2024
zdaczxc1.w8510.com,Cybercriminals Leverage 66 Vulnerabilities to Target Global Systems,SuspiciousActivity,2024
qacassdfawemp.w8510.com,Cybercriminals Leverage 66 Vulnerabilities to Target Global Systems,SuspiciousActivity,2024
zda4g4.w8510.com,Cybercriminals Leverage 66 Vulnerabilities to Target Global Systems,SuspiciousActivity,2024
ppppoiiua.w8510.com,Cybercriminals Leverage 66 Vulnerabilities to Target Global Systems,SuspiciousActivity,2024
mmjkjiu.w8510.com,Cybercriminals Leverage 66 Vulnerabilities to Target Global Systems,SuspiciousActivity,2024
zdpoa.w8510.com,Cybercriminals Leverage 66 Vulnerabilities to Target Global Systems,SuspiciousActivity,2024
ccmmkmnkna.w8510.com,Cybercriminals Leverage 66 Vulnerabilities to Target Global Systems,SuspiciousActivity,2024
zdaqggh.w8510.com,Cybercriminals Leverage 66 Vulnerabilities to Target Global Systems,SuspiciousActivity,2024
pojkkaka.w8510.com,Cybercriminals Leverage 66 Vulnerabilities to Target Global Systems,SuspiciousActivity,2024
ocmnusdjdik.w8510.com,Cybercriminals Leverage 66 Vulnerabilities to Target Global Systems,SuspiciousActivity,2024
zdaczsc.w8510.com,Cybercriminals Leverage 66 Vulnerabilities to Target Global Systems,SuspiciousActivity,2024
zdzvbs.w8510.com,Cybercriminals Leverage 66 Vulnerabilities to Target Global Systems,SuspiciousActivity,2024
iikljhg.w8510.com,Cybercriminals Leverage 66 Vulnerabilities to Target Global Systems,SuspiciousActivity,2024
zdaplm.w8510.com,Cybercriminals Leverage 66 Vulnerabilities to Target Global Systems,SuspiciousActivity,2024
zdaqwfasf.w8510.com,Cybercriminals Leverage 66 Vulnerabilities to Target Global Systems,SuspiciousActivity,2024
cpooooim.w8510.com,Cybercriminals Leverage 66 Vulnerabilities to Target Global Systems,SuspiciousActivity,2024
zdacvb.w8510.com,Cybercriminals Leverage 66 Vulnerabilities to Target Global Systems,SuspiciousActivity,2024
dftiscasdwe.w8510.com,Cybercriminals Leverage 66 Vulnerabilities to Target Global Systems,SuspiciousActivity,2024
zdacasc.w8510.com,Cybercriminals Leverage 66 Vulnerabilities to Target Global Systems,SuspiciousActivity,2024
apdfhhjcxcb.w8510.com,Cybercriminals Leverage 66 Vulnerabilities to Target Global Systems,SuspiciousActivity,2024
zdamkl.w8510.com,Cybercriminals Leverage 66 Vulnerabilities to Target Global Systems,SuspiciousActivity,2024
cccvbsdfsdf.w8510.com,Cybercriminals Leverage 66 Vulnerabilities to Target Global Systems,SuspiciousActivity,2024
lkljjhidjaiwd.w8510.com,Cybercriminals Leverage 66 Vulnerabilities to Target Global Systems,SuspiciousActivity,2024
zdacwrf.w8510.com,Cybercriminals Leverage 66 Vulnerabilities to Target Global Systems,SuspiciousActivity,2024
zdacvbzzs.w8510.com,Cybercriminals Leverage 66 Vulnerabilities to Target Global Systems,SuspiciousActivity,2024
cccasdqawer.w8510.com,Cybercriminals Leverage 66 Vulnerabilities to Target Global Systems,SuspiciousActivity,2024
zdapoi.w8510.com,Cybercriminals Leverage 66 Vulnerabilities to Target Global Systems,SuspiciousActivity,2024
qmmklou.w8510.com,Cybercriminals Leverage 66 Vulnerabilities to Target Global Systems,SuspiciousActivity,2024
ssacawfafwa.w8510.com,Cybercriminals Leverage 66 Vulnerabilities to Target Global Systems,SuspiciousActivity,2024
zdacwaca.w8510.com,Cybercriminals Leverage 66 Vulnerabilities to Target Global Systems,SuspiciousActivity,2024
zdavva.w8510.com,Cybercriminals Leverage 66 Vulnerabilities to Target Global Systems,SuspiciousActivity,2024
iuyrdfvv.w8510.com,Cybercriminals Leverage 66 Vulnerabilities to Target Global Systems,SuspiciousActivity,2024
zdazzz.w8510.com,Cybercriminals Leverage 66 Vulnerabilities to Target Global Systems,SuspiciousActivity,2024
zdacccz.w8510.com,Cybercriminals Leverage 66 Vulnerabilities to Target Global Systems,SuspiciousActivity,2024
mnbghjj.w8510.com,Cybercriminals Leverage 66 Vulnerabilities to Target Global Systems,SuspiciousActivity,2024
zdacxzd.w8510.com,Cybercriminals Leverage 66 Vulnerabilities to Target Global Systems,SuspiciousActivity,2024
zdacawca.w8510.com,Cybercriminals Leverage 66 Vulnerabilities to Target Global Systems,SuspiciousActivity,2024
plllkkoasdko.w8510.com,Cybercriminals Leverage 66 Vulnerabilities to Target Global Systems,SuspiciousActivity,2024
zdqqqqwe.w8510.com,Cybercriminals Leverage 66 Vulnerabilities to Target Global Systems,SuspiciousActivity,2024
kliscjaisdjhi.w8510.com,Cybercriminals Leverage 66 Vulnerabilities to Target Global Systems,SuspiciousActivity,2024
iiiiopasdfcasd.w8510.com,Cybercriminals Leverage 66 Vulnerabilities to Target Global Systems,SuspiciousActivity,2024
zdacppao.w8510.com,Cybercriminals Leverage 66 Vulnerabilities to Target Global Systems,SuspiciousActivity,2024
zdacscswc.w8510.com,Cybercriminals Leverage 66 Vulnerabilities to Target Global Systems,SuspiciousActivity,2024
zdaczcaaw.w8510.com,Cybercriminals Leverage 66 Vulnerabilities to Target Global Systems,SuspiciousActivity,2024
zdaxcxzc.w8510.com,Cybercriminals Leverage 66 Vulnerabilities to Target Global Systems,SuspiciousActivity,2024
zdabnv.w8510.com,Cybercriminals Leverage 66 Vulnerabilities to Target Global Systems,SuspiciousActivity,2024
esh.hoovernamosong.com,Hackers Target Telcos with GhostSpider,SuspiciousActivity,2024
api.solveblemten.com,Hackers Target Telcos with GhostSpider,SuspiciousActivity,2024
helpdesk.stnekpro.com,Hackers Target Telcos with GhostSpider,SuspiciousActivity,2024
vpn305783366.softether.net,Hackers Target Telcos with GhostSpider,SuspiciousActivity,2024
www.infraredsen.com,Hackers Target Telcos with GhostSpider,SuspiciousActivity,2024
vpn943823465.softether.net,Hackers Target Telcos with GhostSpider,SuspiciousActivity,2024
il-cert.net,Iranian Hackers Unleash WezRat Malware on Israeli Targets,SuspiciousActivity,2024
connect.il-cert.net,Iranian Hackers Unleash WezRat Malware on Israeli Targets,SuspiciousActivity,2024
onlinelive.info,Iranian Hackers Unleash WezRat Malware on Israeli Targets,SuspiciousActivity,2024
docsend.site,Lazarus Group Leverages RustyAttr for Stealthy Attacks,SuspiciousActivity,2024
cloudstore.business,Lazarus Group Leverages RustyAttr for Stealthy Attacks,SuspiciousActivity,2024
marshal-zhukov.com,Lumma Stealer's Rise on Telegram,SuspiciousActivity,2024
sponsored-ate.gl.at.ply.gg,Matrix Launches New DDoS Attacks,SuspiciousActivity,2024
https://api.telegram.org/bot7546407054:aagwtti94grjmoxnustcg7u0_qsgj7uoxqo/getme,New Supply Chain Attack Targets Windows Systems,SuspiciousActivity,2024
https://eed964e7-461c-4428-9c46-808d77ede57c-00-26f8c6izoatcc.worf.replit.dev/blank,Skuld Infostealer Resurfaces Targeting npm Developers Through Fake Packages,SuspiciousActivity,2024
https://api.telegram.org/bot7546407054:aagwtti94grjmoxnustcg7u0_qsgj7uoxqo/getupdates,New Supply Chain Attack Targets Windows Systems,SuspiciousActivity,2024
https://api.telegram.org/bot7546407054:aagwtti94grjmoxnustcg7u0_qsgj7uoxqo/getwebhookinfo,New Supply Chain Attack Targets Windows Systems,SuspiciousActivity,2024
https://eed964e7-461c-4428-9c46-808d77ede57c-00-26f8c6izoatcc.worf.replit.dev/skuld,Skuld Infostealer Resurfaces Targeting npm Developers Through Fake Packages,SuspiciousActivity,2024
https://eed964e7-461c-4428-9c46-808d77ede57c-00-26f8c6izoatcc.worf.replit.dev/empyrean,Skuld Infostealer Resurfaces Targeting npm Developers Through Fake Packages,SuspiciousActivity,2024
effertz-carroll.com,NK Hackers Target Job Seekers,SuspiciousActivity,2024
ftpserver0909.com,NK Hackers Target Job Seekers,SuspiciousActivity,2024
mirotalk.io,NK Hackers Target Job Seekers,SuspiciousActivity,2024
freeconference.io,NK Hackers Target Job Seekers,SuspiciousActivity,2024
enrollmentdm.com,Cybersecurity Researchers Warn of Expanding Cyber-Espionage Campaign by UAC-0063,SuspiciousActivity,2024
tieringservice.com,Cybersecurity Researchers Warn of Expanding Cyber-Espionage Campaign by UAC-0063,SuspiciousActivity,2024
lanmangraphics.com,Cybersecurity Researchers Warn of Expanding Cyber-Espionage Campaign by UAC-0063,SuspiciousActivity,2024
internalsecurity.us,Cybersecurity Researchers Warn of Expanding Cyber-Espionage Campaign by UAC-0063,SuspiciousActivity,2024
retaildemo.info,Cybersecurity Researchers Warn of Expanding Cyber-Espionage Campaign by UAC-0063,SuspiciousActivity,2024
errorreporting.net,Cybersecurity Researchers Warn of Expanding Cyber-Espionage Campaign by UAC-0063,SuspiciousActivity,2024
hexoncopy.vercel.app,The Evolving Threat of Hexon Stealer,SuspiciousActivity,2024
hexon.fun,The Evolving Threat of Hexon Stealer,SuspiciousActivity,2024
stealit.vercel.app,The Evolving Threat of Hexon Stealer,SuspiciousActivity,2024
https://2pxsdtxngssu3vqqujdfgu4bsmlkp3d2ytctawznlhhez6tq57wzpzqd.onion:55314/,The Evolving Threat of Raspberry Robin,SuspiciousActivity,2024
https://4rnzfvzybry65auecpi3n67c6ynuunvs77qpk45svyhhsj6oisibk3qd.onion:39567/,The Evolving Threat of Raspberry Robin,SuspiciousActivity,2024
https://6agzykvu3rjnwpdnky777ffxb5dj4fiemftho4tsoeakp2xa542pj7id.onion:34024/,The Evolving Threat of Raspberry Robin,SuspiciousActivity,2024
https://6s75xlg3auzdnccos4re4hrmcxyg6fivxsqm3cldv2gowl2engljtqyd.onion:58212/,The Evolving Threat of Raspberry Robin,SuspiciousActivity,2024
https://3bh22ezbxub3dopbqja7jjymdussvwgl3eu4xzlsdyagtnhzxy3tr3id.onion:3367/,The Evolving Threat of Raspberry Robin,SuspiciousActivity,2024
https://3zs4zdszo3lesutdbuenzvlspuh6wljj6eyntv73dxxig3bk2wcskrad.onion:15842/,The Evolving Threat of Raspberry Robin,SuspiciousActivity,2024
https://64iahnunyhf6ph6qvakjp22a3j6wlvl4sdmbh6elwri6up5gpnm7xkyd.onion:33960/,The Evolving Threat of Raspberry Robin,SuspiciousActivity,2024
https://4jtsmu3u4yrbehjf4rzfwsswhpc7ohs4nrfnlfu3xebteeaf4uv3okyd.onion:37151/,The Evolving Threat of Raspberry Robin,SuspiciousActivity,2024
https://5bqxmurmtkqlzis65uu22aspcuhivb6vpzpcpma5wfl5ngz2ha6oxzqd.onion:18231/,The Evolving Threat of Raspberry Robin,SuspiciousActivity,2024
https://6praos6qyi3b5kcurfqe4kyh5ihu4k3z6mjbggkixnfyhbpomy5szoad.onion:4123/,The Evolving Threat of Raspberry Robin,SuspiciousActivity,2024
https://6kykjg6h7sjqru5puc57mb2nhd2bwhtewdswnsg4rlr3rw6t4iqrpgyd.onion:13392/,The Evolving Threat of Raspberry Robin,SuspiciousActivity,2024
http://xscapezo.capetown:6171/,"The Evolving Threat, JinxLoader to Astolfo",SuspiciousActivity,2024
https://betterbusinessbureau-sharefile.com/api/key,Ursnif Leverages Memory Execution for Stealthy Attacks,SuspiciousActivity,2024
https://docusign-staples.com/api/key,Ursnif Leverages Memory Execution for Stealthy Attacks,SuspiciousActivity,2024
enidecikive.net,Water Barghest Botnet Leverages 20K IoT Devices for Malicious Gains,SuspiciousActivity,2024
prenurevaty.info,Water Barghest Botnet Leverages 20K IoT Devices for Malicious Gains,SuspiciousActivity,2024
monobimefist.com,Water Barghest Botnet Leverages 20K IoT Devices for Malicious Gains,SuspiciousActivity,2024
exagenafy.com,Water Barghest Botnet Leverages 20K IoT Devices for Malicious Gains,SuspiciousActivity,2024
disimunous.com,Water Barghest Botnet Leverages 20K IoT Devices for Malicious Gains,SuspiciousActivity,2024
dnslookip.com,Water Barghest Botnet Leverages 20K IoT Devices for Malicious Gains,SuspiciousActivity,2024
antigutation.info,Water Barghest Botnet Leverages 20K IoT Devices for Malicious Gains,SuspiciousActivity,2024
misukumotist.info,Water Barghest Botnet Leverages 20K IoT Devices for Malicious Gains,SuspiciousActivity,2024
ipwebinfo.net,Water Barghest Botnet Leverages 20K IoT Devices for Malicious Gains,SuspiciousActivity,2024
ipscoredns.com,Water Barghest Botnet Leverages 20K IoT Devices for Malicious Gains,SuspiciousActivity,2024
conn.masjesu.zip,XorBot Returns with Advanced Capabilities,SuspiciousActivity,2024
internalfileserver.online,DONOT APT Targets Maritime and Defense Industries,SuspiciousActivity,2024
ns108.cloudshappen.com,"Earth Estries, A Persistent Threat Actor",SuspiciousActivity,2024
ns101.awsdns-531.com,"Earth Estries, A Persistent Threat Actor",SuspiciousActivity,2024
euphemismscase.site,"Earth Estries, A Persistent Threat Actor",SuspiciousActivity,2024
de.huseinhbz.click,"Earth Estries, A Persistent Threat Actor",SuspiciousActivity,2024
emv1.cdglobalclouds.com,"Earth Estries, A Persistent Threat Actor",SuspiciousActivity,2024
cdn101.cloudflaresrv.com,"Earth Estries, A Persistent Threat Actor",SuspiciousActivity,2024
emv1.techmersion.com,"Earth Estries, A Persistent Threat Actor",SuspiciousActivity,2024
pay.johannesburghotel.net,"Earth Estries, A Persistent Threat Actor",SuspiciousActivity,2024
global.techmersion.com,"Earth Estries, A Persistent Threat Actor",SuspiciousActivity,2024
ms101.cloudshappen.com,"Earth Estries, A Persistent Threat Actor",SuspiciousActivity,2024
cas04.awsdns-531.com,"Earth Estries, A Persistent Threat Actor",SuspiciousActivity,2024
ms119.newsfreecloud.com,"Earth Estries, A Persistent Threat Actor",SuspiciousActivity,2024
cachecloud.cloudflaresrv.com,"Earth Estries, A Persistent Threat Actor",SuspiciousActivity,2024
svn.truecdnnetwork.com,"Earth Estries, A Persistent Threat Actor",SuspiciousActivity,2024
cache10.newsfreecloud.com,"Earth Estries, A Persistent Threat Actor",SuspiciousActivity,2024
images.dbacloudsupport.com,"Earth Estries, A Persistent Threat Actor",SuspiciousActivity,2024
ns.starkaero.com,"Earth Estries, A Persistent Threat Actor",SuspiciousActivity,2024
portal.sppokemon.com,"Earth Estries, A Persistent Threat Actor",SuspiciousActivity,2024
services.offices-analytics.com,"Earth Estries, A Persistent Threat Actor",SuspiciousActivity,2024
www.nodtecloud.com,"Earth Estries, A Persistent Threat Actor",SuspiciousActivity,2024
www.amazoncdns.com,"Earth Estries, A Persistent Threat Actor",SuspiciousActivity,2024
portal.techmersion.com,"Earth Estries, A Persistent Threat Actor",SuspiciousActivity,2024
resource.offices-analytics.com,"Earth Estries, A Persistent Threat Actor",SuspiciousActivity,2024
supports.flarecastdns.com,"Earth Estries, A Persistent Threat Actor",SuspiciousActivity,2024
soffice.offices-analytics.com,"Earth Estries, A Persistent Threat Actor",SuspiciousActivity,2024
c11r.awsdns-531.com,"Earth Estries, A Persistent Threat Actor",SuspiciousActivity,2024
mail2-0da8aa1c.oxcdntech.com,"Earth Estries, A Persistent Threat Actor",SuspiciousActivity,2024
redsquare.redcrossco.com,"Earth Estries, A Persistent Threat Actor",SuspiciousActivity,2024
zmail.broadmediacloud.com,"Earth Estries, A Persistent Threat Actor",SuspiciousActivity,2024
ap.missmichiko.com,"Earth Estries, A Persistent Threat Actor",SuspiciousActivity,2024
llnw-dd.awsdns-531.com,"Earth Estries, A Persistent Threat Actor",SuspiciousActivity,2024
cloudsrv.cloudfrontsrv.com,"Earth Estries, A Persistent Threat Actor",SuspiciousActivity,2024
helpdesk.athenatechlabs.com,The Premier Pass-as-a-Service Model - A New Era of China-Aligned APT Collaboration,SuspiciousActivity,2024
supports.dbacloudsupport.com,"Earth Estries, A Persistent Threat Actor",SuspiciousActivity,2024
helpdesk.cloudshappen.com,"Earth Estries, A Persistent Threat Actor",SuspiciousActivity,2024
opengl.cloudshappen.com,"Earth Estries, A Persistent Threat Actor",SuspiciousActivity,2024
www.euphemismscase.site,"Earth Estries, A Persistent Threat Actor",SuspiciousActivity,2024
globalnetzone.b-cdn.net,"Earth Estries, A Persistent Threat Actor",SuspiciousActivity,2024
portal.cdglobalclouds.com,"Earth Estries, A Persistent Threat Actor",SuspiciousActivity,2024
lync.realtxholdem.com,"Earth Estries, A Persistent Threat Actor",SuspiciousActivity,2024
ge.huseinhbz.click,"Earth Estries, A Persistent Threat Actor",SuspiciousActivity,2024
blog.techmersion.com,"Earth Estries, A Persistent Threat Actor",SuspiciousActivity,2024
www.cloudshappen.com,"Earth Estries, A Persistent Threat Actor",SuspiciousActivity,2024
cdglobalclouds.com,"Earth Estries, A Persistent Threat Actor",SuspiciousActivity,2024
auth.boxlibraries.com,"Earth Estries, A Persistent Threat Actor",SuspiciousActivity,2024
ssl3.awsdns-531.com,"Earth Estries, A Persistent Threat Actor",SuspiciousActivity,2024
cdn181.awsdns-531.com,"Earth Estries, A Persistent Threat Actor",SuspiciousActivity,2024
broadmediacloud.com,"Earth Estries, A Persistent Threat Actor",SuspiciousActivity,2024
credits.offices-analytics.com,"Earth Estries, A Persistent Threat Actor",SuspiciousActivity,2024
www.dbacloudsupport.com,"Earth Estries, A Persistent Threat Actor",SuspiciousActivity,2024
mail.euphemismscase.site,"Earth Estries, A Persistent Threat Actor",SuspiciousActivity,2024
amazoncdns.com,"Earth Estries, A Persistent Threat Actor",SuspiciousActivity,2024
ftp.techmersion.com,"Earth Estries, A Persistent Threat Actor",SuspiciousActivity,2024
ns1.tlsart.com,Hackers Target Telcos with GhostSpider,SuspiciousActivity,2024
master.hdsjfkgsadoghdsiougds.space,Glove Malware Exploits Chrome Vulnerability to Steal Sensitive Data,SuspiciousActivity,2024
master.volt-texs.online,Glove Malware Exploits Chrome Vulnerability to Steal Sensitive Data,SuspiciousActivity,2024
xboxapicenter.com,Iranian Hackers Expand Operations to UAE,SuspiciousActivity,2024
careers2find.com,Iranian “Dream Job” Campaign Targets Aerospace Industry with SnailResin Malware,SuspiciousActivity,2024
support.docsend.site,"Lazarus Group Unleashes New macOS Malware, RustyAttr Trojan",SuspiciousActivity,2024
support.cloudstore.business,"Lazarus Group Unleashes New macOS Malware, RustyAttr Trojan",SuspiciousActivity,2024
https://filedn.com/ly24cv0ifefbonein0i9gqr,"Lazarus Group Unleashes New macOS Malware, RustyAttr Trojan",SuspiciousActivity,2024
http://119.147.213.48:28992/asdgdsfdsfasd/outlookx32.dll,LightSpy Malware Campaign Expands with DeepData Surveillance Framework Exploited by APT43,SuspiciousActivity,2024
http://103.255.176.176:28992/,LightSpy Malware Campaign Expands with DeepData Surveillance Framework Exploited by APT44,SuspiciousActivity,2024
http://202.43.239.13:28992/asdgdsfdsfasd/chatindexeddb.dll,LightSpy Malware Campaign Expands with DeepData Surveillance Framework Exploited by APT45,SuspiciousActivity,2024
http://202.43.239.13:28992/asdgdsfdsfasd/systeminfo.dll,LightSpy Malware Campaign Expands with DeepData Surveillance Framework Exploited by APT46,SuspiciousActivity,2024
http://119.147.213.48:28992/asdgdsfdsfasd/frame.dll,LightSpy Malware Campaign Expands with DeepData Surveillance Framework Exploited by APT47,SuspiciousActivity,2024
http://119.147.213.48:28992/asdgdsfdsfasd/socialsoft.dll,LightSpy Malware Campaign Expands with DeepData Surveillance Framework Exploited by APT48,SuspiciousActivity,2024
http://119.147.213.48:28992/asdgdsfdsfasd/data.dll,LightSpy Malware Campaign Expands with DeepData Surveillance Framework Exploited by APT49,SuspiciousActivity,2024
http://202.43.239.13:28992/asdgdsfdsfasd/appdata.dll,LightSpy Malware Campaign Expands with DeepData Surveillance Framework Exploited by APT50,SuspiciousActivity,2024
http://119.147.213.48:28992/asdgdsfdsfasd/webbrowser.dll,LightSpy Malware Campaign Expands with DeepData Surveillance Framework Exploited by APT51,SuspiciousActivity,2024
http://119.147.213.48:28992/asdgdsfdsfasd/audio.dll,LightSpy Malware Campaign Expands with DeepData Surveillance Framework Exploited by APT52,SuspiciousActivity,2024
http://119.147.213.48:28992/asdgdsfdsfasd/chatindexeddb.dll,LightSpy Malware Campaign Expands with DeepData Surveillance Framework Exploited by APT53,SuspiciousActivity,2024
http://202.43.239.13:28992/asdgdsfdsfasd/socialsoft.dll,LightSpy Malware Campaign Expands with DeepData Surveillance Framework Exploited by APT54,SuspiciousActivity,2024
http://119.147.213.48:28992/asdgdsfdsfasd/tdm.dll,LightSpy Malware Campaign Expands with DeepData Surveillance Framework Exploited by APT55,SuspiciousActivity,2024
http://119.147.213.48:28992/asdgdsfdsfasd/localupload.exe,LightSpy Malware Campaign Expands with DeepData Surveillance Framework Exploited by APT56,SuspiciousActivity,2024
http://119.147.213.48:28992/asdgdsfdsfasd/productlist.dll,LightSpy Malware Campaign Expands with DeepData Surveillance Framework Exploited by APT57,SuspiciousActivity,2024
dlm1.kro.kr,LodaRAT Malware Campaign Steals Browser Credentials and Spreads Globally,SuspiciousActivity,2024
5.tcp.eu.ngrok.io,LodaRAT Malware Campaign Steals Browser Credentials and Spreads Globally,SuspiciousActivity,2024
mbupdate.linkpc.net,New macOS Malware Spreads Through Crypto Apps,SuspiciousActivity,2024
http://192.3.220.22/xampp/en/cookienetbookinetcahce.hta,New Phishing Campaign Spreads Remcos RAT,SuspiciousActivity,2024
http://192.3.220.22/430/dllhost.exe,New Phishing Campaign Spreads Remcos RAT,SuspiciousActivity,2024
http://192.3.220.22/hfxelfswrhrwqbe214.bin,New Phishing Campaign Spreads Remcos RAT,SuspiciousActivity,2024
https://og1.in/2rxzb3,New Phishing Campaign Spreads Remcos RAT,SuspiciousActivity,2024
tvdseo.com,New PXA Stealer Targets Key Sectors,SuspiciousActivity,2024
https://tvdseo.com/file/adonis/adfnis_bot,New PXA Stealer Targets Key Sectors,SuspiciousActivity,2024
https://tvdseo.com/file/stc/stc_xw_enc,New PXA Stealer Targets Key Sectors,SuspiciousActivity,2024
https://tvdseo.com/file/pxa/cookie_ext.zip,New PXA Stealer Targets Key Sectors,SuspiciousActivity,2024
https://tvdseo.com/file/synaptics.zip,New PXA Stealer Targets Key Sectors,SuspiciousActivity,2024
https://tvdseo.com/file/stc/cookie_ext.zip,New PXA Stealer Targets Key Sectors,SuspiciousActivity,2024
https://tvdseo.com/file/stc/stc_bot,New PXA Stealer Targets Key Sectors,SuspiciousActivity,2024
https://tvdseo.com/file/stc/stc_pure_enc,New PXA Stealer Targets Key Sectors,SuspiciousActivity,2024
https://tvdseo.com/file/pxa/pxa_pure_enc,New PXA Stealer Targets Key Sectors,SuspiciousActivity,2024
https://tvdseo.com/file/adonis/adonis_xw_enc,New PXA Stealer Targets Key Sectors,SuspiciousActivity,2024
https://tvdseo.com/file/stc/stc_pup,New PXA Stealer Targets Key Sectors,SuspiciousActivity,2024
https://tvdseo.com/file/adonis/adonis_bot0,New PXA Stealer Targets Key Sectors,SuspiciousActivity,2024
https://tvdseo.com/file/pxa/pxa_bot,New PXA Stealer Targets Key Sectors,SuspiciousActivity,2024
https://tvdseo.com/file/adonis/adonis_bot,New PXA Stealer Targets Key Sectors,SuspiciousActivity,2024
https://tvdseo.com/file/stc/stc_oto,New PXA Stealer Targets Key Sectors,SuspiciousActivity,2024
https://tvdseo.com/file/stc/stc_pure.b64,New PXA Stealer Targets Key Sectors,SuspiciousActivity,2024
lidl-blackfriday-eu.shop,SilkSpecter Targets Black Friday Shoppers,SuspiciousActivity,2024
eu-blochdance.shop,SilkSpecter Targets Black Friday Shoppers,SuspiciousActivity,2024
makitablackfriday.shop,SilkSpecter Targets Black Friday Shoppers,SuspiciousActivity,2024
wayfareblackfriday.com,SilkSpecter Targets Black Friday Shoppers,SuspiciousActivity,2024
bbw-blackfriday.shop,SilkSpecter Targets Black Friday Shoppers,SuspiciousActivity,2024
dopeblackfriday.shop,SilkSpecter Targets Black Friday Shoppers,SuspiciousActivity,2024
blackfriday-shoe.top,SilkSpecter Targets Black Friday Shoppers,SuspiciousActivity,2024
gardena-eu.com,SilkSpecter Targets Black Friday Shoppers,SuspiciousActivity,2024
ikea-euonline.com,SilkSpecter Targets Black Friday Shoppers,SuspiciousActivity,2024
llbeanblackfridays.shop,SilkSpecter Targets Black Friday Shoppers,SuspiciousActivity,2024
northfaceblackfriday.shop,SilkSpecter Targets Black Friday Shoppers,SuspiciousActivity,2024
https://c2.innov-eula.com/feibfiuzbdofinza,Unraveling Chisel's Multi-Stage PowerShell Attack,SuspiciousActivity,2024
https://ligolo.innov-eula.com/,Unraveling Chisel's Multi-Stage PowerShell Attack,SuspiciousActivity,2024
https://credit-agricole.webdav.innov-eula.com/,Unraveling Chisel's Multi-Stage PowerShell Attack,SuspiciousActivity,2024
https://c2.innov-eula.com/,Unraveling Chisel's Multi-Stage PowerShell Attack,SuspiciousActivity,2024
http://103.187.26.176/a78550e6101938c7f5e8bfb170db4db2/server.asp,Hackers Exploit Google Drive to Breach Network,SuspiciousActivity,2024
http://103.187.26.176/a78550e6101938c7f5e8bfb170db4db2/command.asp,Hackers Exploit Google Drive to Breach Network,SuspiciousActivity,2024
http://103.187.26.176/a78550e6101938c7f5e8bfb170db4db2/result.asp,Hackers Exploit Google Drive to Breach Network,SuspiciousActivity,2024
http://103.187.26.176/a78550e6101938c7f5e8bfb170db4db2/update.asp,Hackers Exploit Google Drive to Breach Network,SuspiciousActivity,2024
http://103.187.26.176/a78550e6101938c7f5e8bfb170db4db2/listen.asp,Hackers Exploit Google Drive to Breach Network,SuspiciousActivity,2024
healthcarb.com,WIRTE Threat Actor Leverages Phishing and Wiper Attacks to Target Middle East,SuspiciousActivity,2024
microsoftwindowshelp.com,WIRTE Threat Actor Leverages Phishing and Wiper Attacks to Target Middle East,SuspiciousActivity,2024
healthscratches.com,WIRTE Threat Actor Leverages Phishing and Wiper Attacks to Target Middle East,SuspiciousActivity,2024
dentalaccord.com,WIRTE Threat Actor Leverages Phishing and Wiper Attacks to Target Middle East,SuspiciousActivity,2024
support-api.financecovers.com,WIRTE Threat Actor Leverages Phishing and Wiper Attacks to Target Middle East,SuspiciousActivity,2024
economymentor.com,WIRTE Threat Actor Leverages Phishing and Wiper Attacks to Target Middle East,SuspiciousActivity,2024
bankjordan.com,WIRTE Threat Actor Leverages Phishing and Wiper Attacks to Target Middle East,SuspiciousActivity,2024
king-pharmacy.com,WIRTE Threat Actor Leverages Phishing and Wiper Attacks to Target Middle East,SuspiciousActivity,2024
saudiday.org,WIRTE Threat Actor Leverages Phishing and Wiper Attacks to Target Middle East,SuspiciousActivity,2024
finance-analyst.com,WIRTE Threat Actor Leverages Phishing and Wiper Attacks to Target Middle East,SuspiciousActivity,2024
egyptican.com,WIRTE Threat Actor Leverages Phishing and Wiper Attacks to Target Middle East,SuspiciousActivity,2024
healthoptionstoday.com,WIRTE Threat Actor Leverages Phishing and Wiper Attacks to Target Middle East,SuspiciousActivity,2024
theshortner.com,WIRTE Threat Actor Leverages Phishing and Wiper Attacks to Target Middle East,SuspiciousActivity,2024
microsoftliveforums.com,WIRTE Threat Actor Leverages Phishing and Wiper Attacks to Target Middle East,SuspiciousActivity,2024
egypttourism-online.com,WIRTE Threat Actor Leverages Phishing and Wiper Attacks to Target Middle East,SuspiciousActivity,2024
easybackupcloud.com,WIRTE Threat Actor Leverages Phishing and Wiper Attacks to Target Middle East,SuspiciousActivity,2024
printspoolerupdates.com,WIRTE Threat Actor Leverages Phishing and Wiper Attacks to Target Middle East,SuspiciousActivity,2024
microsoftteams365.com,WIRTE Threat Actor Leverages Phishing and Wiper Attacks to Target Middle East,SuspiciousActivity,2024
finances-news.com,WIRTE Threat Actor Leverages Phishing and Wiper Attacks to Target Middle East,SuspiciousActivity,2024
saudiarabianow.org,WIRTE Threat Actor Leverages Phishing and Wiper Attacks to Target Middle East,SuspiciousActivity,2024
financeinfoguide.com,WIRTE Threat Actor Leverages Phishing and Wiper Attacks to Target Middle East,SuspiciousActivity,2024
jordanrefugees.com,WIRTE Threat Actor Leverages Phishing and Wiper Attacks to Target Middle East,SuspiciousActivity,2024
suppertools.com,WIRTE Threat Actor Leverages Phishing and Wiper Attacks to Target Middle East,SuspiciousActivity,2024
master-dental.com,WIRTE Threat Actor Leverages Phishing and Wiper Attacks to Target Middle East,SuspiciousActivity,2024
ellemedic.com,WIRTE Threat Actor Leverages Phishing and Wiper Attacks to Target Middle East,SuspiciousActivity,2024
egyptskytours.com,WIRTE Threat Actor Leverages Phishing and Wiper Attacks to Target Middle East,SuspiciousActivity,2024
jordansons.com,WIRTE Threat Actor Leverages Phishing and Wiper Attacks to Target Middle East,SuspiciousActivity,2024
inclusive-economy.com,WIRTE Threat Actor Leverages Phishing and Wiper Attacks to Target Middle East,SuspiciousActivity,2024
wellhealthtech.com,WIRTE Threat Actor Leverages Phishing and Wiper Attacks to Target Middle East,SuspiciousActivity,2024
trendingcharts.finance-analyst.com,WIRTE Threat Actor Leverages Phishing and Wiper Attacks to Target Middle East,SuspiciousActivity,2024
economystocking.com,WIRTE Threat Actor Leverages Phishing and Wiper Attacks to Target Middle East,SuspiciousActivity,2024
1drv.us.com,Critical Mozilla Firefox and Windows Vulnerabilities Exploited by RomCom Group,SuspiciousActivity,2024
redjournal.cloud,Critical Mozilla Firefox and Windows Vulnerabilities Exploited by RomCom Group,SuspiciousActivity,2024
cwise.store,Critical Mozilla Firefox and Windows Vulnerabilities Exploited by RomCom Group,SuspiciousActivity,2024
correctiv.sbs,Critical Mozilla Firefox and Windows Vulnerabilities Exploited by RomCom Group,SuspiciousActivity,2024
economistjournal.cloud,Critical Mozilla Firefox and Windows Vulnerabilities Exploited by RomCom Group,SuspiciousActivity,2024
redirconnectwise.cloud,Critical Mozilla Firefox and Windows Vulnerabilities Exploited by RomCom Group,SuspiciousActivity,2024
journalctd.live,Critical Mozilla Firefox and Windows Vulnerabilities Exploited by RomCom Group,SuspiciousActivity,2024
redircorrectiv.com,Critical Mozilla Firefox and Windows Vulnerabilities Exploited by RomCom Group,SuspiciousActivity,2024
devolredir.com,Critical Mozilla Firefox and Windows Vulnerabilities Exploited by RomCom Group,SuspiciousActivity,2024
8848.twilight.zip,Advanced Malware Campaign Exploits CleverSoar and Nidhogg,SuspiciousActivity,2024
googlesecurityforums.moscow,The Rising Threat of Rockstar 2FA in PaaS Attacks,SuspiciousActivity,2024
ponnet.msk.su,The Rising Threat of Rockstar 2FA in PaaS Attacks,SuspiciousActivity,2024
https://botolaasprop.sa.com/n26vu/,The Rising Threat of Rockstar 2FA in PaaS Attacks,SuspiciousActivity,2024
https://bluntchiefei.za.com/xtcfx/,The Rising Threat of Rockstar 2FA in PaaS Attacks,SuspiciousActivity,2024
https://pub-fe581134d7ae4857a97443270a27e0fa.r2.dev/0nedrive.html,The Rising Threat of Rockstar 2FA in PaaS Attacks,SuspiciousActivity,2024
https://involucrases.sa.com/,The Rising Threat of Rockstar 2FA in PaaS Attacks,SuspiciousActivity,2024
https://shorturl.at/4jvgn,The Rising Threat of Rockstar 2FA in PaaS Attacks,SuspiciousActivity,2024
https://docsecureatt-docdrive-filedoc.pages.dev/,The Rising Threat of Rockstar 2FA in PaaS Attacks,SuspiciousActivity,2024
https://cybernexillumo.za.com/tvnpr/,The Rising Threat of Rockstar 2FA in PaaS Attacks,SuspiciousActivity,2024
https://cloudflare-kol.github.io/out/red.html?url=ahr0chm6ly9zag9ydhvybc5hdc80slznbg==,The Rising Threat of Rockstar 2FA in PaaS Attacks,SuspiciousActivity,2024
https://pfremiumshirts.store/d91p/,The Rising Threat of Rockstar 2FA in PaaS Attacks,SuspiciousActivity,2024
https://cyberdynalumeo.ru/1rb3y/,The Rising Threat of Rockstar 2FA in PaaS Attacks,SuspiciousActivity,2024
https://bitesizeusaei.za.com/ol6bu/,The Rising Threat of Rockstar 2FA in PaaS Attacks,SuspiciousActivity,2024
https://ctrk.klclick3.com/l/01j5v2nhdc0kb0p8b51z9pcpzs_0,The Rising Threat of Rockstar 2FA in PaaS Attacks,SuspiciousActivity,2024
https://magenta-melodious-garnet.glitch.me/public/rc.htm,The Rising Threat of Rockstar 2FA in PaaS Attacks,SuspiciousActivity,2024
https://www.curiosolucky.com/dos/,The Rising Threat of Rockstar 2FA in PaaS Attacks,SuspiciousActivity,2024
https://bytequestixo.pro/wwge/,The Rising Threat of Rockstar 2FA in PaaS Attacks,SuspiciousActivity,2024
https://docsend.com/view/q6f7ukbdeviagha2,The Rising Threat of Rockstar 2FA in PaaS Attacks,SuspiciousActivity,2024
https://synthchromal.ru/vc51/,The Rising Threat of Rockstar 2FA in PaaS Attacks,SuspiciousActivity,2024
https://payment-confirmation-to-your-bank-account-s-dabringhaus-licatec.packinqsystems.de/,The Rising Threat of Rockstar 2FA in PaaS Attacks,SuspiciousActivity,2024
https://enterbuzztechscener.pl/pbtmx/,The Rising Threat of Rockstar 2FA in PaaS Attacks,SuspiciousActivity,2024
https://callcenter838685d0747612ac193e85fcb5ae45287b09e8a0mailvoice.s3.us-east-2.amazonaws.com/,The Rising Threat of Rockstar 2FA in PaaS Attacks,SuspiciousActivity,2024
https://erfolgstipss.com.de/gnq8/,The Rising Threat of Rockstar 2FA in PaaS Attacks,SuspiciousActivity,2024
vpn487875652.softether.net,Hackers Target Telcos with GhostSpider,SuspiciousActivity,2024
pulseathermakf.com,CISA and partners expose PRC cyber espionage through global network infiltrations,SuspiciousActivity,2024
davidopkins.com,Cyber Threat Advisory - Hackers Exploit Job Applications to Breach Systems,SuspiciousActivity,2024
johncboins.com,Cyber Threat Advisory - Hackers Exploit Job Applications to Breach Systems,SuspiciousActivity,2024
pin.howasit.com,Cyber Threat Advisory - Hackers Exploit Job Applications to Breach Systems,SuspiciousActivity,2024
annetterawlings.com,Cyber Threat Advisory - Hackers Exploit Job Applications to Breach Systems,SuspiciousActivity,2024
christianvelour.com,Cyber Threat Advisory - Hackers Exploit Job Applications to Breach Systems,SuspiciousActivity,2024
shehasgone.com,Cyber Threat Advisory - Hackers Exploit Job Applications to Breach Systems,SuspiciousActivity,2024
julienolsson.com,Cyber Threat Advisory - Hackers Exploit Job Applications to Breach Systems,SuspiciousActivity,2024
wlynch.com,Cyber Threat Advisory - Hackers Exploit Job Applications to Breach Systems,SuspiciousActivity,2024
ned.kesug.com,Cyber Threat Advisory - Kimsuky's Sophisticated Email Phishing Campaign,SuspiciousActivity,2024
evangelia.edu,Cyber Threat Advisory - Kimsuky's Sophisticated Email Phishing Campaign,SuspiciousActivity,2024
online.korea.article-com.eu,Cyber Threat Advisory - Kimsuky's Sophisticated Email Phishing Campaign,SuspiciousActivity,2024
owna.loveslife.biz,Cyber Threat Advisory - Kimsuky's Sophisticated Email Phishing Campaign,SuspiciousActivity,2024
covd.2kool4u.net,Cyber Threat Advisory - Kimsuky's Sophisticated Email Phishing Campaign,SuspiciousActivity,2024
wud.wuaze.com,Cyber Threat Advisory - Kimsuky's Sophisticated Email Phishing Campaign,SuspiciousActivity,2024
http://92.246.138.20/storage,"Celestial Stealer, A New Malware-as-a-Service Threat",SuspiciousActivity,2024
visioffline.com,Iranian Hackers Expand Operations to UAE,SuspiciousActivity,2024
cdn.careers2find.com,Iranian Hackers Expand Operations to UAE,SuspiciousActivity,2024
customer.orbotech.info,Iranian Hackers Expand Operations to UAE,SuspiciousActivity,2024
xoomep1.com,New Cyberattack Uses NetSupport and BurnsRAT,SuspiciousActivity,2024
shetrn1.com,New Cyberattack Uses NetSupport and BurnsRAT,SuspiciousActivity,2024
labudanka1.com,New Cyberattack Uses NetSupport and BurnsRAT,SuspiciousActivity,2024
xoomep2.com,New Cyberattack Uses NetSupport and BurnsRAT,SuspiciousActivity,2024
shetrn2.com,New Cyberattack Uses NetSupport and BurnsRAT,SuspiciousActivity,2024
gribidi2.com,New Cyberattack Uses NetSupport and BurnsRAT,SuspiciousActivity,2024
labudanka2.com,New Cyberattack Uses NetSupport and BurnsRAT,SuspiciousActivity,2024
gribidi1.com,New Cyberattack Uses NetSupport and BurnsRAT,SuspiciousActivity,2024
https://golden-scalen.com/files/*,New Cyberattack Uses NetSupport and BurnsRAT,SuspiciousActivity,2024
http://golden-scalen.com/ngg_cl.zip,New Cyberattack Uses NetSupport and BurnsRAT,SuspiciousActivity,2024
dr0id.best,"Advanced Android RAT, DroidBot, Steals Sensitive Data",SuspiciousActivity,2024
deltaheavy.ru,Andromeda Malware - A Sophisticated Tool for Industrial Espionage,SuspiciousActivity,2024
suckmycocklameavindustry.in,Andromeda Malware - A Sophisticated Tool for Industrial Espionage,SuspiciousActivity,2024
http://178.215.238.31/bins/atlas.sh4,Gafgyt Botnet Targets Misconfigured Docker Remote API Servers for DDoS Attacks,SuspiciousActivity,2024
http://178.215.238.31/bins/atlas.arm5,Gafgyt Botnet Targets Misconfigured Docker Remote API Servers for DDoS Attacks,SuspiciousActivity,2024
http://178.215.238.31/bins/atlas.arm4,Gafgyt Botnet Targets Misconfigured Docker Remote API Servers for DDoS Attacks,SuspiciousActivity,2024
http://178.215.238.31/bins/atlas.m68k,Gafgyt Botnet Targets Misconfigured Docker Remote API Servers for DDoS Attacks,SuspiciousActivity,2024
http://178.215.238.31/bins/atlas.arm7,Gafgyt Botnet Targets Misconfigured Docker Remote API Servers for DDoS Attacks,SuspiciousActivity,2024
http://178.215.238.31/bins/atlas.arm6,Gafgyt Botnet Targets Misconfigured Docker Remote API Servers for DDoS Attacks,SuspiciousActivity,2024
http://178.215.238.31/bins/atlas.i586,Gafgyt Botnet Targets Misconfigured Docker Remote API Servers for DDoS Attacks,SuspiciousActivity,2024
http://178.215.238.31/bins/atlas.mipsel,Gafgyt Botnet Targets Misconfigured Docker Remote API Servers for DDoS Attacks,SuspiciousActivity,2024
http://178.215.238.31/atlas.i586,Gafgyt Botnet Targets Misconfigured Docker Remote API Servers for DDoS Attacks,SuspiciousActivity,2024
http://178.215.238.31/cve.sh,Gafgyt Botnet Targets Misconfigured Docker Remote API Servers for DDoS Attacks,SuspiciousActivity,2024
http://178.215.238.24/rbot,Gafgyt Botnet Targets Misconfigured Docker Remote API Servers for DDoS Attacks,SuspiciousActivity,2024
http://178.215.238.31/bins/atlas.mips,Gafgyt Botnet Targets Misconfigured Docker Remote API Servers for DDoS Attacks,SuspiciousActivity,2024
http://178.215.238.31/bins/atlas.i686,Gafgyt Botnet Targets Misconfigured Docker Remote API Servers for DDoS Attacks,SuspiciousActivity,2024
http://vkvsgl7lhipjirmz6j5ubp3w3bwvxgcdbpi3fsbqngfynetqtw4w5hyd.onion/,Brain Cipher Ransomware Targets Critical Infrastructure,SuspiciousActivity,2024
http://mybmtbgd7aprdnw2ekxht5qap5daam2wch25coqerrq2zdioanob34ad.onion/,Brain Cipher Ransomware Targets Critical Infrastructure,SuspiciousActivity,2024
employeeportallog.click,Payroll Phishing Attack Targets Employees,SuspiciousActivity,2024
hraccesskalser.com,Payroll Phishing Attack Targets Employees,SuspiciousActivity,2024
employeeselfhubs.com,Payroll Phishing Attack Targets Employees,SuspiciousActivity,2024
feegkrigers.com,Payroll Phishing Attack Targets Employees,SuspiciousActivity,2024
aldihelpemployees.info,Payroll Phishing Attack Targets Employees,SuspiciousActivity,2024
guideulca.com,Payroll Phishing Attack Targets Employees,SuspiciousActivity,2024
ineedtobeconnected.com,Payroll Phishing Attack Targets Employees,SuspiciousActivity,2024
myidmportal.site,Payroll Phishing Attack Targets Employees,SuspiciousActivity,2024
ampliploysment.online,Payroll Phishing Attack Targets Employees,SuspiciousActivity,2024
bambochoop.website,Payroll Phishing Attack Targets Employees,SuspiciousActivity,2024
mypayaramark.online,Payroll Phishing Attack Targets Employees,SuspiciousActivity,2024
myinvitynyl.com,Payroll Phishing Attack Targets Employees,SuspiciousActivity,2024
mypayararis.top,Payroll Phishing Attack Targets Employees,SuspiciousActivity,2024
ajtxloginpage.com,Payroll Phishing Attack Targets Employees,SuspiciousActivity,2024
bambookjo.world,Payroll Phishing Attack Targets Employees,SuspiciousActivity,2024
myinstitehr.com,Payroll Phishing Attack Targets Employees,SuspiciousActivity,2024
mygbsnuyinow.com,Payroll Phishing Attack Targets Employees,SuspiciousActivity,2024
kixaccessrohce.com,Payroll Phishing Attack Targets Employees,SuspiciousActivity,2024
mapayempluhcmsr.site,Payroll Phishing Attack Targets Employees,SuspiciousActivity,2024
essecroggeed.com,Payroll Phishing Attack Targets Employees,SuspiciousActivity,2024
employeeportallog.shop,Payroll Phishing Attack Targets Employees,SuspiciousActivity,2024
hrocneddiwserv.com,Payroll Phishing Attack Targets Employees,SuspiciousActivity,2024
mynewyorklgbsonline.org,Payroll Phishing Attack Targets Employees,SuspiciousActivity,2024
essmyykroogeerinfo.com,Payroll Phishing Attack Targets Employees,SuspiciousActivity,2024
esspayroll.top,Payroll Phishing Attack Targets Employees,SuspiciousActivity,2024
myinfominkogrerstat.com,Payroll Phishing Attack Targets Employees,SuspiciousActivity,2024
homedepotwithease.com,Payroll Phishing Attack Targets Employees,SuspiciousActivity,2024
essmyaccounkrugser.com,Payroll Phishing Attack Targets Employees,SuspiciousActivity,2024
unemplick.com,Payroll Phishing Attack Targets Employees,SuspiciousActivity,2024
myhrkp.website,Payroll Phishing Attack Targets Employees,SuspiciousActivity,2024
utaxwust.com,Payroll Phishing Attack Targets Employees,SuspiciousActivity,2024
consumerbenefithelp.com,Payroll Phishing Attack Targets Employees,SuspiciousActivity,2024
employeeconnest.site,Payroll Phishing Attack Targets Employees,SuspiciousActivity,2024
mentalroccehget.com,Payroll Phishing Attack Targets Employees,SuspiciousActivity,2024
myaldihr.space,Payroll Phishing Attack Targets Employees,SuspiciousActivity,2024
apulyhcmplugaph.online,Payroll Phishing Attack Targets Employees,SuspiciousActivity,2024
benefitify.me,Payroll Phishing Attack Targets Employees,SuspiciousActivity,2024
feedaccountmacruker.com,Payroll Phishing Attack Targets Employees,SuspiciousActivity,2024
myrocshe.com,Payroll Phishing Attack Targets Employees,SuspiciousActivity,2024
joblessconnect.net,Payroll Phishing Attack Targets Employees,SuspiciousActivity,2024
ccokrootit.com,Payroll Phishing Attack Targets Employees,SuspiciousActivity,2024
expopersonview.com,Payroll Phishing Attack Targets Employees,SuspiciousActivity,2024
kaperollsitegh.info,Payroll Phishing Attack Targets Employees,SuspiciousActivity,2024
aldiemployeeportales.site,Payroll Phishing Attack Targets Employees,SuspiciousActivity,2024
kpemployee.online,Payroll Phishing Attack Targets Employees,SuspiciousActivity,2024
myescrochjesikurl.com,Payroll Phishing Attack Targets Employees,SuspiciousActivity,2024
myemployeeconnectiones.site,Payroll Phishing Attack Targets Employees,SuspiciousActivity,2024
basabamoon.life,Payroll Phishing Attack Targets Employees,SuspiciousActivity,2024
macyinsidehr.com,Payroll Phishing Attack Targets Employees,SuspiciousActivity,2024
employeehrconnectest.website,Payroll Phishing Attack Targets Employees,SuspiciousActivity,2024
aldyemployeepwt.site,Payroll Phishing Attack Targets Employees,SuspiciousActivity,2024
claimantcoremacca.com,Payroll Phishing Attack Targets Employees,SuspiciousActivity,2024
emplhfxportales.online,Payroll Phishing Attack Targets Employees,SuspiciousActivity,2024
fcpsmunisemployeeconectst.online,Payroll Phishing Attack Targets Employees,SuspiciousActivity,2024
myaccesspayemplust.online,Payroll Phishing Attack Targets Employees,SuspiciousActivity,2024
marriottcsi.com,Payroll Phishing Attack Targets Employees,SuspiciousActivity,2024
employeeconnectdc.one,Payroll Phishing Attack Targets Employees,SuspiciousActivity,2024
infokroger.com,Payroll Phishing Attack Targets Employees,SuspiciousActivity,2024
aldiwebresoresetcpayls.online,Payroll Phishing Attack Targets Employees,SuspiciousActivity,2024
employeeconnectdc.shop,Payroll Phishing Attack Targets Employees,SuspiciousActivity,2024
ulmasaabenefittoday.com,Payroll Phishing Attack Targets Employees,SuspiciousActivity,2024
myidmlogin.world,Payroll Phishing Attack Targets Employees,SuspiciousActivity,2024
datsmabfonli.org,Payroll Phishing Attack Targets Employees,SuspiciousActivity,2024
claimmassachusetsa.com,Payroll Phishing Attack Targets Employees,SuspiciousActivity,2024
uvctaxsnat.com,Payroll Phishing Attack Targets Employees,SuspiciousActivity,2024
andandorconnect.com,Payroll Phishing Attack Targets Employees,SuspiciousActivity,2024
employeeconnectdc.top,Payroll Phishing Attack Targets Employees,SuspiciousActivity,2024
myaramapayregh.online,Payroll Phishing Attack Targets Employees,SuspiciousActivity,2024
connectotels.net,Russian-Backed Turla Group Targets Pakistani Critical Infrastructure,SuspiciousActivity,2024
hostelhotels.net,Russian-Backed Turla Group Targets Pakistani Critical Infrastructure,SuspiciousActivity,2024
else-accommodation-allowing-throws.trycloudflare.com,Cloudflare Tunnels Abused for Malware Staging,SuspiciousActivity,2024
longitude-powerpoint-geek-upgrade.trycloudflare.com,Cloudflare Tunnels Abused for Malware Staging,SuspiciousActivity,2024
infected-gc-rhythm-yu.trycloudflare.com,Cloudflare Tunnels Abused for Malware Staging,SuspiciousActivity,2024
benjamin-unnecessary-mothers-configured.trycloudflare.com,Cloudflare Tunnels Abused for Malware Staging,SuspiciousActivity,2024
cod-identification-imported-carl.trycloudflare.com,Cloudflare Tunnels Abused for Malware Staging,SuspiciousActivity,2024
attribute-homework-generator-lovers.trycloudflare.com,Cloudflare Tunnels Abused for Malware Staging,SuspiciousActivity,2024
amsterdam-sheet-veteran-aka.trycloudflare.com,Cloudflare Tunnels Abused for Malware Staging,SuspiciousActivity,2024
www.cloudvn.info,Cyber Espionage Group Earth Minotaur Deploys DarkNimbus Backdoor,SuspiciousActivity,2024
info.symantke.com,Cyber Espionage Group Earth Minotaur Deploys DarkNimbus Backdoor,SuspiciousActivity,2024
server.img-bing.com,Cyber Espionage Group Earth Minotaur Deploys DarkNimbus Backdoor,SuspiciousActivity,2024
news.tibetonline.info,Cyber Espionage Group Earth Minotaur Deploys DarkNimbus Backdoor,SuspiciousActivity,2024
http://download-695-18112-001-webdav-logicaldoc.cdn-serveri4732-ns.shop/downloads/18112.2022/,Hackers Target Manufacturing with Dangerous Malware,SuspiciousActivity,2024
https://berb.fitnessclub-filmfanatics.com/naailq0.cpl,Hackers Target Manufacturing with Dangerous Malware,SuspiciousActivity,2024
mcasiohgoc.com,New Investment Scam Leverages Job Offers and Crypto,SuspiciousActivity,2024
wejaskzl.com,New Investment Scam Leverages Job Offers and Crypto,SuspiciousActivity,2024
devlighthsow.com,New Investment Scam Leverages Job Offers and Crypto,SuspiciousActivity,2024
masjiorvklmawl.com,New Investment Scam Leverages Job Offers and Crypto,SuspiciousActivity,2024
badkvmisdo.com,New Investment Scam Leverages Job Offers and Crypto,SuspiciousActivity,2024
evamobilscc.com,New Investment Scam Leverages Job Offers and Crypto,SuspiciousActivity,2024
diksmfndctqa.com,New Investment Scam Leverages Job Offers and Crypto,SuspiciousActivity,2024
devlightxio.com,New Investment Scam Leverages Job Offers and Crypto,SuspiciousActivity,2024
wyertlsdjcalwmf.com,New Investment Scam Leverages Job Offers and Crypto,SuspiciousActivity,2024
devlightmwju.com,New Investment Scam Leverages Job Offers and Crypto,SuspiciousActivity,2024
http://devlightxio.com/,New Investment Scam Leverages Job Offers and Crypto,SuspiciousActivity,2024
http://devlight-pink.com/,New Investment Scam Leverages Job Offers and Crypto,SuspiciousActivity,2024
http://wyertlsdjcalwmf.com/,New Investment Scam Leverages Job Offers and Crypto,SuspiciousActivity,2024
http://devlightmwju.com/,New Investment Scam Leverages Job Offers and Crypto,SuspiciousActivity,2024
http://devlightwmaw.com/,New Investment Scam Leverages Job Offers and Crypto,SuspiciousActivity,2024
http://masjiorvklmawl.com/,New Investment Scam Leverages Job Offers and Crypto,SuspiciousActivity,2024
http://diksmfndctqa.com/,New Investment Scam Leverages Job Offers and Crypto,SuspiciousActivity,2024
http://badkvmisdo.com/,New Investment Scam Leverages Job Offers and Crypto,SuspiciousActivity,2024
http://evamobicc-vip.com/,New Investment Scam Leverages Job Offers and Crypto,SuspiciousActivity,2024
http://evamobi-site.com/,New Investment Scam Leverages Job Offers and Crypto,SuspiciousActivity,2024
http://evamobicc.com/,New Investment Scam Leverages Job Offers and Crypto,SuspiciousActivity,2024
http://devlight-vip.com/,New Investment Scam Leverages Job Offers and Crypto,SuspiciousActivity,2024
http://appmonsta-org.com/,New Investment Scam Leverages Job Offers and Crypto,SuspiciousActivity,2024
http://devlight-xyz.com/,New Investment Scam Leverages Job Offers and Crypto,SuspiciousActivity,2024
http://evamobilscc.com/,New Investment Scam Leverages Job Offers and Crypto,SuspiciousActivity,2024
http://appmonstacn.com/,New Investment Scam Leverages Job Offers and Crypto,SuspiciousActivity,2024
http://devlight-cyou.com/,New Investment Scam Leverages Job Offers and Crypto,SuspiciousActivity,2024
http://mcasiohgoc.com/,New Investment Scam Leverages Job Offers and Crypto,SuspiciousActivity,2024
http://devlighthsow.com/,New Investment Scam Leverages Job Offers and Crypto,SuspiciousActivity,2024
http://devlight-cc.com/,New Investment Scam Leverages Job Offers and Crypto,SuspiciousActivity,2024
http://wejaskzl.com/,New Investment Scam Leverages Job Offers and Crypto,SuspiciousActivity,2024
http://pdsfmwemkahdtop.com/,New Investment Scam Leverages Job Offers and Crypto,SuspiciousActivity,2024
http://www.7261ltajbc.bond/cbbl/?ax,Cybercriminals Exploit Holiday Season with New Phishing Attacks,SuspiciousActivity,2024
https://cdn.discordapp.com/attachments/1309071256703991839/1309114652906491935/mandatory_notice_for_all_december_leave_and_vacation_application.xls.z,Cybercriminals Exploit Holiday Season with New Phishing Attacks,SuspiciousActivity,2024
http://www.7261ltajbc.bond/cbbl/?ax=papsyhkx/ne5gapowy99mfqp09tne5t/pnuzfnuqtr02yb3yplzbropmmvrkomhc4y+f4ymwe6fkw51hf6bkgtyzqkenfizhwb80w8tcuard22uttqitivgoqtzqibb31lbrl2g=&yhux=yfthppt,Cybercriminals Exploit Holiday Season with New Phishing Attacks,SuspiciousActivity,2024
public.open-dns.uk,Hackers Weaponize Latest Cobalt Strike for Deception,SuspiciousActivity,2024
downloads.toptechmanagementgroup.com,Hackers Weaponize Latest Cobalt Strike for Deception,SuspiciousActivity,2024
downloads.helpsdeskmicrosoft.com,Hackers Weaponize Latest Cobalt Strike for Deception,SuspiciousActivity,2024
downloads.my-icecream.com,Hackers Weaponize Latest Cobalt Strike for Deception,SuspiciousActivity,2024
https://www.googleadservices.org:63221/pagead/conversion/16521530460,Hackers Weaponize Latest Cobalt Strike for Deception,SuspiciousActivity,2024
http://113.250.188.15/en_us/all.js,Hackers Weaponize Latest Cobalt Strike for Deception,SuspiciousActivity,2024
http://194.169.175.117/sendlog,Mac Malware on the Rise,SuspiciousActivity,2024
dns.winsdesignater.com,Black Basta Ransomware Gets a Major Upgrade,SuspiciousActivity,2024
blazingradiancesolar.com,Black Basta Ransomware Gets a Major Upgrade,SuspiciousActivity,2024
posetoposeschool.com,Black Basta Ransomware Gets a Major Upgrade,SuspiciousActivity,2024
mailh.org,Black Basta Ransomware Gets a Major Upgrade,SuspiciousActivity,2024
cloud.account-viewer.com,Cybercriminals Exploit Ukraine's Conflict with Malicious Phishing Campaigns,SuspiciousActivity,2024
check.sign-cert.com,Cybercriminals Exploit Ukraine's Conflict with Malicious Phishing Campaigns,SuspiciousActivity,2024
drive.redirecl.com,Cybercriminals Exploit Ukraine's Conflict with Malicious Phishing Campaigns,SuspiciousActivity,2024
stellar.account-viewer.com,Cybercriminals Exploit Ukraine's Conflict with Malicious Phishing Campaigns,SuspiciousActivity,2024
get.god-le.com,Cybercriminals Exploit Ukraine's Conflict with Malicious Phishing Campaigns,SuspiciousActivity,2024
web.telegram-account.host,Cybercriminals Exploit Ukraine's Conflict with Malicious Phishing Campaigns,SuspiciousActivity,2024
whatsapp.group-invitation.site,Cybercriminals Exploit Ukraine's Conflict with Malicious Phishing Campaigns,SuspiciousActivity,2024
milgov.site,Cybercriminals Exploit Ukraine's Conflict with Malicious Phishing Campaigns,SuspiciousActivity,2024
telegram.check-active.site,Cybercriminals Exploit Ukraine's Conflict with Malicious Phishing Campaigns,SuspiciousActivity,2024
live.outloolc.com,Cybercriminals Exploit Ukraine's Conflict with Malicious Phishing Campaigns,SuspiciousActivity,2024
www.qsrgh.site,Cybercriminals Exploit Ukraine's Conflict with Malicious Phishing Campaigns,SuspiciousActivity,2024
group.teneta.site,Cybercriminals Exploit Ukraine's Conflict with Malicious Phishing Campaigns,SuspiciousActivity,2024
delta.milgov.site,Cybercriminals Exploit Ukraine's Conflict with Malicious Phishing Campaigns,SuspiciousActivity,2024
mail.outloolc.com,Cybercriminals Exploit Ukraine's Conflict with Malicious Phishing Campaigns,SuspiciousActivity,2024
teneta.site,Cybercriminals Exploit Ukraine's Conflict with Malicious Phishing Campaigns,SuspiciousActivity,2024
device.redirecl.com,Cybercriminals Exploit Ukraine's Conflict with Malicious Phishing Campaigns,SuspiciousActivity,2024
outloolc.com,Cybercriminals Exploit Ukraine's Conflict with Malicious Phishing Campaigns,SuspiciousActivity,2024
658pvbhj2k7veemmv4.web.telegram-account.host,Cybercriminals Exploit Ukraine's Conflict with Malicious Phishing Campaigns,SuspiciousActivity,2024
dhl.redirecl.com,Cybercriminals Exploit Ukraine's Conflict with Malicious Phishing Campaigns,SuspiciousActivity,2024
redirecl.com,Cybercriminals Exploit Ukraine's Conflict with Malicious Phishing Campaigns,SuspiciousActivity,2024
212nj0b42w.web.telegram-account.host,Cybercriminals Exploit Ukraine's Conflict with Malicious Phishing Campaigns,SuspiciousActivity,2024
plntr.mirotrent.com,Cybercriminals Exploit Ukraine's Conflict with Malicious Phishing Campaigns,SuspiciousActivity,2024
confirmphone.site,Cybercriminals Exploit Ukraine's Conflict with Malicious Phishing Campaigns,SuspiciousActivity,2024
my.mail-gov.net,Cybercriminals Exploit Ukraine's Conflict with Malicious Phishing Campaigns,SuspiciousActivity,2024
qsrgh.site,Cybercriminals Exploit Ukraine's Conflict with Malicious Phishing Campaigns,SuspiciousActivity,2024
whatsapp.protect-password.site,Cybercriminals Exploit Ukraine's Conflict with Malicious Phishing Campaigns,SuspiciousActivity,2024
cloud.god-le.net,Cybercriminals Exploit Ukraine's Conflict with Malicious Phishing Campaigns,SuspiciousActivity,2024
spam.web-telegram.host,Cybercriminals Exploit Ukraine's Conflict with Malicious Phishing Campaigns,SuspiciousActivity,2024
get.mail-gov.com,Cybercriminals Exploit Ukraine's Conflict with Malicious Phishing Campaigns,SuspiciousActivity,2024
telegram.qweasdzx.site,Cybercriminals Exploit Ukraine's Conflict with Malicious Phishing Campaigns,SuspiciousActivity,2024
www.protect-password.site,Cybercriminals Exploit Ukraine's Conflict with Malicious Phishing Campaigns,SuspiciousActivity,2024
plntr.account-viewer.com,Cybercriminals Exploit Ukraine's Conflict with Malicious Phishing Campaigns,SuspiciousActivity,2024
ivanti.account-viewer.com,Cybercriminals Exploit Ukraine's Conflict with Malicious Phishing Campaigns,SuspiciousActivity,2024
confirm.account-viewer.com,Cybercriminals Exploit Ukraine's Conflict with Malicious Phishing Campaigns,SuspiciousActivity,2024
web.web.telegram-account.host,Cybercriminals Exploit Ukraine's Conflict with Malicious Phishing Campaigns,SuspiciousActivity,2024
telegram.defender-bot.site,Cybercriminals Exploit Ukraine's Conflict with Malicious Phishing Campaigns,SuspiciousActivity,2024
http://svc.odwebp.com:443/agent.ashx,Cybercriminals Exploit Ukraine's Conflict with Malicious Phishing Campaigns,SuspiciousActivity,2024
https://delta.milgov.site/,Cybercriminals Exploit Ukraine's Conflict with Malicious Phishing Campaigns,SuspiciousActivity,2024
https://web.telegram-account.host/,Cybercriminals Exploit Ukraine's Conflict with Malicious Phishing Campaigns,SuspiciousActivity,2024
https://plntr.account-viewer.com/xs43hi3d/logo.png,Cybercriminals Exploit Ukraine's Conflict with Malicious Phishing Campaigns,SuspiciousActivity,2024
https://cloud.account-viewer.com/tw018lik/16_01.zip,Cybercriminals Exploit Ukraine's Conflict with Malicious Phishing Campaigns,SuspiciousActivity,2024
https://group-teneta.online/,Cybercriminals Exploit Ukraine's Conflict with Malicious Phishing Campaigns,SuspiciousActivity,2024
https://plntr.account-viewer.com/xs43hi3d/front.png,Cybercriminals Exploit Ukraine's Conflict with Malicious Phishing Campaigns,SuspiciousActivity,2024
https://get.god-le.com/hs483kf/dack.png,Cybercriminals Exploit Ukraine's Conflict with Malicious Phishing Campaigns,SuspiciousActivity,2024
https://group.teneta.site/,Cybercriminals Exploit Ukraine's Conflict with Malicious Phishing Campaigns,SuspiciousActivity,2024
https://mail.outloolc.com/ys558pd/back.png,Cybercriminals Exploit Ukraine's Conflict with Malicious Phishing Campaigns,SuspiciousActivity,2024
https://mail.outloolc.com/ys558pd/front.png,Cybercriminals Exploit Ukraine's Conflict with Malicious Phishing Campaigns,SuspiciousActivity,2024
https://device.redirecl.com/ys558pd/start.hta,Cybercriminals Exploit Ukraine's Conflict with Malicious Phishing Campaigns,SuspiciousActivity,2024
https://get.god-le.com/hs483kf/front.png,Cybercriminals Exploit Ukraine's Conflict with Malicious Phishing Campaigns,SuspiciousActivity,2024
https://live.outloolc.com/mail_inbox=a098m,Cybercriminals Exploit Ukraine's Conflict with Malicious Phishing Campaigns,SuspiciousActivity,2024
https://plntr.account-viewer.com/xs43hi3d/back.png,Cybercriminals Exploit Ukraine's Conflict with Malicious Phishing Campaigns,SuspiciousActivity,2024
https://get.god-le.com/gm912cj/icon.png,Cybercriminals Exploit Ukraine's Conflict with Malicious Phishing Campaigns,SuspiciousActivity,2024
albumilustrado.msk.ru,The Rising Threat of Rockstar 2FA in PaaS Attacks,SuspiciousActivity,2024
mieten.com.ru,The Rising Threat of Rockstar 2FA in PaaS Attacks,SuspiciousActivity,2024
entertaingadgetop.ru,The Rising Threat of Rockstar 2FA in PaaS Attacks,SuspiciousActivity,2024
entertainmentcircuitss.ru,The Rising Threat of Rockstar 2FA in PaaS Attacks,SuspiciousActivity,2024
recambioselecue.ru,The Rising Threat of Rockstar 2FA in PaaS Attacks,SuspiciousActivity,2024
fruechtebox-expresszsnu.ru,The Rising Threat of Rockstar 2FA in PaaS Attacks,SuspiciousActivity,2024
https://novatechies.cbg.ru/bueej/,The Rising Threat of Rockstar 2FA in PaaS Attacks,SuspiciousActivity,2024
https://digitalgadgetbuzz.sa.com/wyan/,The Rising Threat of Rockstar 2FA in PaaS Attacks,SuspiciousActivity,2024
https://googlevoicesecrets.com/ehkslw5/auth/?_kx=lkin48b6fueu_oyp2pjpxw.sdgjsn,The Rising Threat of Rockstar 2FA in PaaS Attacks,SuspiciousActivity,2024
https://u1427642.ct.sendgrid.net/ss/c/u001.d04lnc885iiw-jdl08zraosxfe9hwa-skwlpgnzdbzzgikoizzyrlhao4m6r2vm6/4a0/vg0rnj9ptvczcnn5rs7a6q/h0/h001.3pgdtvyfoomavg2ihlxshdsg0cle6scklthbmumhqi0,The Rising Threat of Rockstar 2FA in PaaS Attacks,SuspiciousActivity,2024
https://lifestylesyncteche.pro/ykiy/,The Rising Threat of Rockstar 2FA in PaaS Attacks,SuspiciousActivity,2024
http://45.87.245.53/check,Head Mare Group Leverages PhantomCore Backdoor to Target Russian Infrastructure,SuspiciousActivity,2024
http://45.10.247.152/check,Head Mare Group Leverages PhantomCore Backdoor to Target Russian Infrastructure,SuspiciousActivity,2024
http://185.80.91.84/connect,Head Mare Group Leverages PhantomCore Backdoor to Target Russian Infrastructure,SuspiciousActivity,2024
http://45.10.247.152/connect,Head Mare Group Leverages PhantomCore Backdoor to Target Russian Infrastructure,SuspiciousActivity,2024
http://185.80.91.84/command,Head Mare Group Leverages PhantomCore Backdoor to Target Russian Infrastructure,SuspiciousActivity,2024
http://45.87.245.53/connect,Head Mare Group Leverages PhantomCore Backdoor to Target Russian Infrastructure,SuspiciousActivity,2024
https://filetransfer.io/data-package/aivegg6u/download,Head Mare Group Leverages PhantomCore Backdoor to Target Russian Infrastructure,SuspiciousActivity,2024
http://185.80.91.84/check,Head Mare Group Leverages PhantomCore Backdoor to Target Russian Infrastructure,SuspiciousActivity,2024
http://45.87.245.53/command,Head Mare Group Leverages PhantomCore Backdoor to Target Russian Infrastructure,SuspiciousActivity,2024
http://45.10.247.152/init,Head Mare Group Leverages PhantomCore Backdoor to Target Russian Infrastructure,SuspiciousActivity,2024
http://45.87.245.53/init,Head Mare Group Leverages PhantomCore Backdoor to Target Russian Infrastructure,SuspiciousActivity,2024
http://185.80.91.84/init,Head Mare Group Leverages PhantomCore Backdoor to Target Russian Infrastructure,SuspiciousActivity,2024
http://45.10.247.152/command,Head Mare Group Leverages PhantomCore Backdoor to Target Russian Infrastructure,SuspiciousActivity,2024
https://hospitalvilleroy.com.br/wp-includes/fonts/icons/,Cyberattack Targets Ukraine with New Backdoor,SuspiciousActivity,2024
https://brauche-it.de/wp-includes/blocks/blocksu9ky0o,Cyberattack Targets Ukraine with New Backdoor,SuspiciousActivity,2024
https://citactica.com/wp-content/wp-login.php,Cyberattack Targets Ukraine with New Backdoor,SuspiciousActivity,2024
https://coworkingdeamicis.com/wp-includes/text/textyprm9l,Cyberattack Targets Ukraine with New Backdoor,SuspiciousActivity,2024
https://okesense.oketheme.com/wp-includes/sodium_compat/sodium_compatt4ff1a,Cyberattack Targets Ukraine with New Backdoor,SuspiciousActivity,2024
http://vitantgroup.com/xmlrpc.php,Cyberattack Targets Ukraine with New Backdoor,SuspiciousActivity,2024
https://icw2016.coachfederation.cz/wp-includes/images/wp/,Cyberattack Targets Ukraine with New Backdoor,SuspiciousActivity,2024
https://c.statcounter.com/13025547/0/0a557459/1/,Hackers Exploit Google Drive to Breach Network,SuspiciousActivity,2024
https://bitbucket.org/hawnbzsd/hawnbzsd/downloads,Hackers Exploit Google Drive to Breach Network,SuspiciousActivity,2024
https://bitbucket.org/ffg84883/3r23ruytgfdxz/raw/8ebddd79bb7ef1b9fcbc1651193b002bfef598fd/icon.txt,Hackers Exploit Google Drive to Breach Network,SuspiciousActivity,2024
https://c.statcounter.com/12959680/0/f1596509/1/,Hackers Exploit Google Drive to Breach Network,SuspiciousActivity,2024
https://bitbucket.org/hawnbzsd/hawnbzsd31/downloads,Hackers Exploit Google Drive to Breach Network,SuspiciousActivity,2024
https://bitbucket.org/ffg84883/3r23ruytgfdxz/raw/8ebddd79bb7ef1b9fcbc1651193b002bfef598fd/cbmp.txt,Hackers Exploit Google Drive to Breach Network,SuspiciousActivity,2024
private.royalnas.com,Hackers Target Telcos with GhostSpider,SuspiciousActivity,2024
billing.clothworls.com,Hackers Target Telcos with GhostSpider,SuspiciousActivity,2024
jasmine.lhousewares.com,Hackers Target Telcos with GhostSpider,SuspiciousActivity,2024
telcom.grishamarkovgf8936.workers.dev,Hackers Target Telcos with GhostSpider,SuspiciousActivity,2024
materialplies.com,CISA and partners expose PRC cyber espionage through global network infiltrations,SuspiciousActivity,2024
news.colourtinctem.com,Hackers Target Telcos with GhostSpider,SuspiciousActivity,2024
dga.tw8sl.com,Hackers Target Telcos with GhostSpider,SuspiciousActivity,2024
dga.srmbr.com,Hackers Target Telcos with GhostSpider,SuspiciousActivity,2024
http://lynxblog.net/,Lynx Ransomware Group Targets Energy Sector,SuspiciousActivity,2024
mingyn.org,"Patchwork APT Returns, Targets Chinese Researchers",SuspiciousActivity,2024
weixein.info,"Patchwork APT Returns, Targets Chinese Researchers",SuspiciousActivity,2024
https://plete.toproid.xyz/iu8y7_t5r_t9/ju5u9jui9,"Patchwork APT Returns, Targets Chinese Researchers",SuspiciousActivity,2024
https://mpa.toproid.xyz/h9jus_hr8_hs/kr9d4hrfe,"Patchwork APT Returns, Targets Chinese Researchers",SuspiciousActivity,2024
https://stealthcomm.org/yckojlmxiwczfss/comrcvpefffipvf.php,"Patchwork APT Returns, Targets Chinese Researchers",SuspiciousActivity,2024
http://ader.taobaoo.info/pmnt_sheth_shr_gd/ketsuwshe.bin,"Patchwork APT Returns, Targets Chinese Researchers",SuspiciousActivity,2024
https://atus.toproid.xyz/klhju_rdf_gd/ktdfersfr,"Patchwork APT Returns, Targets Chinese Researchers",SuspiciousActivity,2024
https://maticdoc.toproid.xyz/htrdtgf/jyftdrst,"Patchwork APT Returns, Targets Chinese Researchers",SuspiciousActivity,2024
https://uiop.taobaoo.info/hjds45jh/jdkshf,"Patchwork APT Returns, Targets Chinese Researchers",SuspiciousActivity,2024
ns1.brownswer.com,ZLoader Malware Resurges with New Stealth Tactics,SuspiciousActivity,2024
unitedcommunity.world,ZLoader Malware Resurges with New Stealth Tactics,SuspiciousActivity,2024
bigdealcenter.world,ZLoader Malware Resurges with New Stealth Tactics,SuspiciousActivity,2024
etsyappstoreglobal.com,Hackers Exploit Retail and Crypto with Sophisticated Phishing,SuspiciousActivity,2024
mgciscoin.co,Hackers Exploit Retail and Crypto with Sophisticated Phishing,SuspiciousActivity,2024
snaspshopping.com,Hackers Exploit Retail and Crypto with Sophisticated Phishing,SuspiciousActivity,2024
mkgmailgo.com,Hackers Exploit Retail and Crypto with Sophisticated Phishing,SuspiciousActivity,2024
etsystore.org,Hackers Exploit Retail and Crypto with Sophisticated Phishing,SuspiciousActivity,2024
vipetsyappshop.cc,Hackers Exploit Retail and Crypto with Sophisticated Phishing,SuspiciousActivity,2024
exchangeaaa.xyz,Hackers Exploit Retail and Crypto with Sophisticated Phishing,SuspiciousActivity,2024
amazonprime.id,Hackers Exploit Retail and Crypto with Sophisticated Phishing,SuspiciousActivity,2024
etsy.one,Hackers Exploit Retail and Crypto with Sophisticated Phishing,SuspiciousActivity,2024
pammvip.com,Hackers Exploit Retail and Crypto with Sophisticated Phishing,SuspiciousActivity,2024
spsailexpsess.com,Hackers Exploit Retail and Crypto with Sophisticated Phishing,SuspiciousActivity,2024
ssrchat.com,Hackers Exploit Retail and Crypto with Sophisticated Phishing,SuspiciousActivity,2024
ozatchenum.com,Hackers Exploit Retail and Crypto with Sophisticated Phishing,SuspiciousActivity,2024
ebaymerchant.xyz,Hackers Exploit Retail and Crypto with Sophisticated Phishing,SuspiciousActivity,2024
wayfairmy.cc,Hackers Exploit Retail and Crypto with Sophisticated Phishing,SuspiciousActivity,2024
etsyme.com,Hackers Exploit Retail and Crypto with Sophisticated Phishing,SuspiciousActivity,2024
inretsyvipclubapp.com,Hackers Exploit Retail and Crypto with Sophisticated Phishing,SuspiciousActivity,2024
officialjunglee.com,Hackers Exploit Retail and Crypto with Sophisticated Phishing,SuspiciousActivity,2024
uuokhhfsdlk.tylarion867mino.com,New Malware Threatens Critical Infrastructure,SuspiciousActivity,2024
ocferda.com,New Malware Threatens Critical Infrastructure,SuspiciousActivity,2024
https://api.telegram.org/bot7479124552:aaelhyvlyxheqdxzk-h17krix-ykxifzkci/senddocument,Nova Keylogger Uses Encrypted Messaging for Data Exfiltration,SuspiciousActivity,2024
https://raw.githubusercontent.com/nodetecton/nodetecton/refs/heads/main/detahnoth-v.txt,Surge in Remcos RAT Attacks,SuspiciousActivity,2024
http://91.134.96.177/70/picturewithmegetbacktouse.tif,Surge in Remcos RAT Attacks,SuspiciousActivity,2024
https://dealc.me/nlizza,Surge in Remcos RAT Attacks,SuspiciousActivity,2024
http://91.134.96.177/70/rggfvc.txt,Surge in Remcos RAT Attacks,SuspiciousActivity,2024
rhino3dsolutions.net,Google Ads Exploited in Malvertising Attack,SuspiciousActivity,2024
freecad3dsolution.net,Google Ads Exploited in Malvertising Attack,SuspiciousActivity,2024
rhino3dsolutions.io,Google Ads Exploited in Malvertising Attack,SuspiciousActivity,2024
rhino3dsolutions.org,Google Ads Exploited in Malvertising Attack,SuspiciousActivity,2024
condedqpwqm.shop,FBI and CISA Uncover Lumma Stealer Evolving Cyber Threats,SuspiciousActivity,2024
korepi.xyz,"Node.js Malware Emerges, Targets Crypto & Data",SuspiciousActivity,2024
stagedchheiqwo.shop,FBI and CISA Uncover Lumma Stealer Evolving Cyber Threats,SuspiciousActivity,2024
stamppreewntnq.shop,FBI and CISA Uncover Lumma Stealer Evolving Cyber Threats,SuspiciousActivity,2024
locatedblsoqp.shop,FBI and CISA Uncover Lumma Stealer Evolving Cyber Threats,SuspiciousActivity,2024
caffegclasiqwp.shop,FBI and CISA Uncover Lumma Stealer Evolving Cyber Threats,SuspiciousActivity,2024
millyscroqwp.shop,FBI and CISA Uncover Lumma Stealer Evolving Cyber Threats,SuspiciousActivity,2024
traineiwnqo.shop,FBI and CISA Uncover Lumma Stealer Evolving Cyber Threats,SuspiciousActivity,2024
https://chillers.com.ar/temp/lotrik.exe,"Node.js Malware Emerges, Targets Crypto & Data",SuspiciousActivity,2024
http://solscan.live/sh/init.sh,Surge in Cryptojacking Campaigns Exploiting Docker and Kubernetes Misconfigurations,SuspiciousActivity,2024
http://solscan.live/incoming/docker.php?dockert=,Surge in Cryptojacking Campaigns Exploiting Docker and Kubernetes Misconfigurations,SuspiciousActivity,2024
http://solscan.live/sh/setup_xmr.sh,Surge in Cryptojacking Campaigns Exploiting Docker and Kubernetes Misconfigurations,SuspiciousActivity,2024
https://solscan.live/bin/xmrig,Surge in Cryptojacking Campaigns Exploiting Docker and Kubernetes Misconfigurations,SuspiciousActivity,2024
http://solscan.live/sh/xmr.sh.sh,Surge in Cryptojacking Campaigns Exploiting Docker and Kubernetes Misconfigurations,SuspiciousActivity,2024
cc.thinkphp1.com,Winnti Targets Rival Hackers with New Backdoor,SuspiciousActivity,2024
http://v20.thinkphp1.com/v20/init?,Winnti Targets Rival Hackers with New Backdoor,SuspiciousActivity,2024
udp://jklwang.com:9999/,Winnti Targets Rival Hackers with New Backdoor,SuspiciousActivity,2024
http://v6.thinkphp1.com/php?,Winnti Targets Rival Hackers with New Backdoor,SuspiciousActivity,2024
http://v6.thinkphp1.com/client/bt,Winnti Targets Rival Hackers with New Backdoor,SuspiciousActivity,2024
http://v20.thinkphp1.com/v20/fetch?,Winnti Targets Rival Hackers with New Backdoor,SuspiciousActivity,2024
riders.50kfor50years.com,SocGholish Malware Spreads via Malicious Ads,SuspiciousActivity,2024
premium.davidabostic.com,SocGholish Malware Spreads via Malicious Ads,SuspiciousActivity,2024
bellonasoftware.com,SocGholish Malware Spreads via Malicious Ads,SuspiciousActivity,2024
server.microsoftsvc.com,New TIDRONE Attacks Leverage Corrupted ERP Software,SuspiciousActivity,2024
analfucker.lol,New Malware Uses Webview2 to Bypass Security,SuspiciousActivity,2024
paveldurov.sbs,New Malware Uses Webview2 to Bypass Security,SuspiciousActivity,2024
zovik.info,New Malware Uses Webview2 to Bypass Security,SuspiciousActivity,2024
http://ajsdiaolke.shop/endpoint,New Malware Uses Webview2 to Bypass Security,SuspiciousActivity,2024
http://bitbucket.org/targetfile/download/downloads/updaterequest.exe,New Malware Uses Webview2 to Bypass Security,SuspiciousActivity,2024
http://test-1627838.shop/endpoint,New Malware Uses Webview2 to Bypass Security,SuspiciousActivity,2024
http://smolcatkgi.shop/endpoint,New Malware Uses Webview2 to Bypass Security,SuspiciousActivity,2024
http://bitbucket.org/browserupdater/download/downloads/browserupdater.exe,New Malware Uses Webview2 to Bypass Security,SuspiciousActivity,2024
http://peskpdfgif.shop/endpoint,New Malware Uses Webview2 to Bypass Security,SuspiciousActivity,2024
http://smkn1leuwimunding.com/updating.zip,New Malware Uses Webview2 to Bypass Security,SuspiciousActivity,2024
http://md928zs.shop/endpoint,New Malware Uses Webview2 to Bypass Security,SuspiciousActivity,2024
http://dais7nsa.shop/endpoint,New Malware Uses Webview2 to Bypass Security,SuspiciousActivity,2024
http://ndas8m92.shop/endpoint,New Malware Uses Webview2 to Bypass Security,SuspiciousActivity,2024
http://bitbucket.org/stoptrackme/updatings/downloads/updateme.exe,New Malware Uses Webview2 to Bypass Security,SuspiciousActivity,2024
http://porn-zoo.sbs/,New Malware Leverages I2P for Stealthy C2,SuspiciousActivity,2024
jacknwoods.com,Hackers Attack Turkish Defense Sector with Advanced Malware,SuspiciousActivity,2024
opera-x.net,GOSAR Backdoor Delivered by SADBRIDGE Loader,SuspiciousActivity,2024
hk-dns.wkossclsaleklddeff.is,GOSAR Backdoor Delivered by SADBRIDGE Loader,SuspiciousActivity,2024
teledown-cn.com,GOSAR Backdoor Delivered by SADBRIDGE Loader,SuspiciousActivity,2024
hk-dns.winsiked.com,GOSAR Backdoor Delivered by SADBRIDGE Loader,SuspiciousActivity,2024
hk-dns.wkossclsaleklddeff.io,GOSAR Backdoor Delivered by SADBRIDGE Loader,SuspiciousActivity,2024
ferp.googledns.io,GOSAR Backdoor Delivered by SADBRIDGE Loader,SuspiciousActivity,2024
hk-dns.secssl.com,GOSAR Backdoor Delivered by SADBRIDGE Loader,SuspiciousActivity,2024
siasat.top,Hackers Leverage WMI for Backdoor Access,SuspiciousActivity,2024
https://ewh.ieee.org/reg/ccece15/files/ccece-word-sample.pdf,Hackers Leverage WMI for Backdoor Access,SuspiciousActivity,2024
https://espersonal.org/doc0024/index.php?submissionguid=96a9b82a-55d3-402d-9af4-c2c5361daf5c,Phishing Campaign Targets Microsoft Azure Accounts Exploiting HubSpot,SuspiciousActivity,2024
https://orderconfirmating.symmetric.buzz/?df=zuvkmn&submissionguid=e06a1f83-c24e-4106-b415-d2f43a06a048,Phishing Campaign Targets Microsoft Azure Accounts Exploiting HubSpot,SuspiciousActivity,2024
https://vomc.qeanonsop.xyz/?hh5=iy&username=ian@deloitte.es,Phishing Campaign Targets Microsoft Azure Accounts Exploiting HubSpot,SuspiciousActivity,2024
https://technicaldevelopment.industrialization.buzz/?o0b=rlnt,Phishing Campaign Targets Microsoft Azure Accounts Exploiting HubSpot,SuspiciousActivity,2024
https://docs.doc2rprevn.buzz/?username=,Phishing Campaign Targets Microsoft Azure Accounts Exploiting HubSpot,SuspiciousActivity,2024
https://purchaseorder.europeanfreightleaders.buzz/?mt=zqoe&submissionguid=476f32d0-e667-4a18-830b-f57a2b401fc3,Phishing Campaign Targets Microsoft Azure Accounts Exploiting HubSpot,SuspiciousActivity,2024
http://orderconfirmation.dgpropertyconsultants.buzz/,Phishing Campaign Targets Microsoft Azure Accounts Exploiting HubSpot,SuspiciousActivity,2024
https://sensational-valkyrie-686c5f.netlify.app/?e=,Phishing Campaign Targets Microsoft Azure Accounts Exploiting HubSpot,SuspiciousActivity,2024
https://orderspecification.tekfenconstruction.buzz/?6bi=amaph&submissionguid=e2ce33ea-ee47-4829-882c-592217dea521,Phishing Campaign Targets Microsoft Azure Accounts Exploiting HubSpot,SuspiciousActivity,2024
https://d2715zbmeirdja.cloudfront.net/?__hstc=251652889.fcaff35c15872a69c6757196acd79173.1727206111338.1727206111338.1727206111338.1&__hssc=251652889.158.1727206111338&__hsfp=1134454612&submissionguid=30359eaf-a821-472d-ba17-dd2bd0d96b96,Phishing Campaign Targets Microsoft Azure Accounts Exploiting HubSpot,SuspiciousActivity,2024
https://espersonal.org/doc0024/index.php?submissionguid=6e59d483-9dc2-48f8-ad5a-c2d2ec8f4569,Phishing Campaign Targets Microsoft Azure Accounts Exploiting HubSpot,SuspiciousActivity,2024
https://asdrfghjk3wr4e5yr6uyjhgb.mhp-hotels.buzz/?nhv3zm=xi7kyf,Phishing Campaign Targets Microsoft Azure Accounts Exploiting HubSpot,SuspiciousActivity,2024
https://technicaldevelopment.rljaccommodationstrust.buzz/?wkg=2ljv8,Phishing Campaign Targets Microsoft Azure Accounts Exploiting HubSpot,SuspiciousActivity,2024
anotherarmy.dns.army,IPKeyLogger Infostealer Actively Exploited in Phishing Campaigns,SuspiciousActivity,2024
varders.kozow.com,IPKeyLogger Infostealer Actively Exploited in Phishing Campaigns,SuspiciousActivity,2024
mail.jhxkgroup.online,IPKeyLogger Infostealer Actively Exploited in Phishing Campaigns,SuspiciousActivity,2024
aborters.duckdns.org,IPKeyLogger Infostealer Actively Exploited in Phishing Campaigns,SuspiciousActivity,2024
http://51.38.247.67:8081/send.php?l,IPKeyLogger Infostealer Actively Exploited in Phishing Campaigns,SuspiciousActivity,2024
http://87.120.84.39/txt/xxdquuorm1vd3an.exe,IPKeyLogger Infostealer Actively Exploited in Phishing Campaigns,SuspiciousActivity,2024
cxbdf.icu,Widespread UAE Law Enforcement Impersonation Scam Threatens Consumer Data,SuspiciousActivity,2024
dsgey.icu,Widespread UAE Law Enforcement Impersonation Scam Threatens Consumer Data,SuspiciousActivity,2024
fhjyd.icu,Widespread UAE Law Enforcement Impersonation Scam Threatens Consumer Data,SuspiciousActivity,2024
fhjre.icu,Widespread UAE Law Enforcement Impersonation Scam Threatens Consumer Data,SuspiciousActivity,2024
fc.xcbbx.icu,Widespread UAE Law Enforcement Impersonation Scam Threatens Consumer Data,SuspiciousActivity,2024
fswwr.icu,Widespread UAE Law Enforcement Impersonation Scam Threatens Consumer Data,SuspiciousActivity,2024
bvwds.icu,Widespread UAE Law Enforcement Impersonation Scam Threatens Consumer Data,SuspiciousActivity,2024
rfsfh.icu,Widespread UAE Law Enforcement Impersonation Scam Threatens Consumer Data,SuspiciousActivity,2024
bnfhfd.icu,Widespread UAE Law Enforcement Impersonation Scam Threatens Consumer Data,SuspiciousActivity,2024
ijnvb.icu,Widespread UAE Law Enforcement Impersonation Scam Threatens Consumer Data,SuspiciousActivity,2024
xnkkg.icu,Widespread UAE Law Enforcement Impersonation Scam Threatens Consumer Data,SuspiciousActivity,2024
dubaipoit.com,Widespread UAE Law Enforcement Impersonation Scam Threatens Consumer Data,SuspiciousActivity,2024
asytfsv.icu,Widespread UAE Law Enforcement Impersonation Scam Threatens Consumer Data,SuspiciousActivity,2024
ddgjcv.icu,Widespread UAE Law Enforcement Impersonation Scam Threatens Consumer Data,SuspiciousActivity,2024
bnfhf.icu,Widespread UAE Law Enforcement Impersonation Scam Threatens Consumer Data,SuspiciousActivity,2024
okj.ijnvb.icu,Widespread UAE Law Enforcement Impersonation Scam Threatens Consumer Data,SuspiciousActivity,2024
asfjte.icu,Widespread UAE Law Enforcement Impersonation Scam Threatens Consumer Data,SuspiciousActivity,2024
xstyj.icu,Widespread UAE Law Enforcement Impersonation Scam Threatens Consumer Data,SuspiciousActivity,2024
tfs.cxbha.icu,Widespread UAE Law Enforcement Impersonation Scam Threatens Consumer Data,SuspiciousActivity,2024
az.vcnjh.icu,Widespread UAE Law Enforcement Impersonation Scam Threatens Consumer Data,SuspiciousActivity,2024
fdghe.icu,Widespread UAE Law Enforcement Impersonation Scam Threatens Consumer Data,SuspiciousActivity,2024
xcbbx.icu,Widespread UAE Law Enforcement Impersonation Scam Threatens Consumer Data,SuspiciousActivity,2024
erfdg.icu,Widespread UAE Law Enforcement Impersonation Scam Threatens Consumer Data,SuspiciousActivity,2024
sx.ssgxvx.icu,Widespread UAE Law Enforcement Impersonation Scam Threatens Consumer Data,SuspiciousActivity,2024
tfs.asfjte.icu,Widespread UAE Law Enforcement Impersonation Scam Threatens Consumer Data,SuspiciousActivity,2024
cnbjgds.icu,Widespread UAE Law Enforcement Impersonation Scam Threatens Consumer Data,SuspiciousActivity,2024
vcnjh.icu,Widespread UAE Law Enforcement Impersonation Scam Threatens Consumer Data,SuspiciousActivity,2024
fdg.icu,Widespread UAE Law Enforcement Impersonation Scam Threatens Consumer Data,SuspiciousActivity,2024
qad.dsgey.icu,Widespread UAE Law Enforcement Impersonation Scam Threatens Consumer Data,SuspiciousActivity,2024
dubaipoliauey.top,Widespread UAE Law Enforcement Impersonation Scam Threatens Consumer Data,SuspiciousActivity,2024
ityht.icu,Widespread UAE Law Enforcement Impersonation Scam Threatens Consumer Data,SuspiciousActivity,2024
kjf.icu,Widespread UAE Law Enforcement Impersonation Scam Threatens Consumer Data,SuspiciousActivity,2024
tyrrt.icu,Widespread UAE Law Enforcement Impersonation Scam Threatens Consumer Data,SuspiciousActivity,2024
vdsfsh.icu,Widespread UAE Law Enforcement Impersonation Scam Threatens Consumer Data,SuspiciousActivity,2024
ws.vdsfsh.icu,Widespread UAE Law Enforcement Impersonation Scam Threatens Consumer Data,SuspiciousActivity,2024
dsfjd.icu,Widespread UAE Law Enforcement Impersonation Scam Threatens Consumer Data,SuspiciousActivity,2024
dcnar.icu,Widespread UAE Law Enforcement Impersonation Scam Threatens Consumer Data,SuspiciousActivity,2024
ssgxvx.icu,Widespread UAE Law Enforcement Impersonation Scam Threatens Consumer Data,SuspiciousActivity,2024
urwyu.icu,Widespread UAE Law Enforcement Impersonation Scam Threatens Consumer Data,SuspiciousActivity,2024
dq.fhjyd.icu,Widespread UAE Law Enforcement Impersonation Scam Threatens Consumer Data,SuspiciousActivity,2024
vnvcn.icu,Widespread UAE Law Enforcement Impersonation Scam Threatens Consumer Data,SuspiciousActivity,2024
gv.ityht.icu,Widespread UAE Law Enforcement Impersonation Scam Threatens Consumer Data,SuspiciousActivity,2024
rdf.xstyj.icu,Widespread UAE Law Enforcement Impersonation Scam Threatens Consumer Data,SuspiciousActivity,2024
sagy.site,Widespread UAE Law Enforcement Impersonation Scam Threatens Consumer Data,SuspiciousActivity,2024
ju.fhjre.icu,Widespread UAE Law Enforcement Impersonation Scam Threatens Consumer Data,SuspiciousActivity,2024
fhjrw.icu,Widespread UAE Law Enforcement Impersonation Scam Threatens Consumer Data,SuspiciousActivity,2024
hjffd.icu,Widespread UAE Law Enforcement Impersonation Scam Threatens Consumer Data,SuspiciousActivity,2024
qad.fdg.icu,Widespread UAE Law Enforcement Impersonation Scam Threatens Consumer Data,SuspiciousActivity,2024
zc.bnfhf.icu,Widespread UAE Law Enforcement Impersonation Scam Threatens Consumer Data,SuspiciousActivity,2024
cxdfh.icu,Widespread UAE Law Enforcement Impersonation Scam Threatens Consumer Data,SuspiciousActivity,2024
joujg.icu,Widespread UAE Law Enforcement Impersonation Scam Threatens Consumer Data,SuspiciousActivity,2024
zvdeasa.icu,Widespread UAE Law Enforcement Impersonation Scam Threatens Consumer Data,SuspiciousActivity,2024
gjhdf.icu,Widespread UAE Law Enforcement Impersonation Scam Threatens Consumer Data,SuspiciousActivity,2024
ws.bnfhfd.icu,Widespread UAE Law Enforcement Impersonation Scam Threatens Consumer Data,SuspiciousActivity,2024
tfs.etyur.icu,Widespread UAE Law Enforcement Impersonation Scam Threatens Consumer Data,SuspiciousActivity,2024
ghl.icu,Widespread UAE Law Enforcement Impersonation Scam Threatens Consumer Data,SuspiciousActivity,2024
rfcxb.icu,Widespread UAE Law Enforcement Impersonation Scam Threatens Consumer Data,SuspiciousActivity,2024
uoyty.icu,Widespread UAE Law Enforcement Impersonation Scam Threatens Consumer Data,SuspiciousActivity,2024
systemupdate.info,BellaCiao Malware Evolves with C++ Variant,SuspiciousActivity,2024
ti.twilight.zip,CleverSoar Campaign Delivers Winos4.0 Framework & Nidhogg Rootkit,SuspiciousActivity,2024
gery.xmwwm.site,CleverSoar Campaign Delivers Winos4.0 Framework & Nidhogg Rootkit,SuspiciousActivity,2024
http://jakang.freewebhostmost.com/korea/app.html,Exploiting Generative AI for Weakening Cybersecurity,SuspiciousActivity,2024
http://ipfs.io/ipfs/bafkreihzqku7sygssd6riocrla7wx6dyh5acszguxaob57z4sfzv5x55cq,Exploiting Generative AI for Weakening Cybersecurity,SuspiciousActivity,2024
http://dub.sh/trvww78?email=,Exploiting Generative AI for Weakening Cybersecurity,SuspiciousActivity,2024
o2-prepay.com,Mobile Spear Phishing Targets DocuSign & Executive Teams,SuspiciousActivity,2024
uspzlc.top,Mobile Spear Phishing Targets DocuSign & Executive Teams,SuspiciousActivity,2024
oecoress.click,Mobile Spear Phishing Targets DocuSign & Executive Teams,SuspiciousActivity,2024
wplusoriginal.com,Mobile Spear Phishing Targets DocuSign & Executive Teams,SuspiciousActivity,2024
arrcom.top,Mobile Spear Phishing Targets DocuSign & Executive Teams,SuspiciousActivity,2024
true-lie.com,Researcher Uncovers LummApp Malware Campaign,SuspiciousActivity,2024
l-back.com,LummaStealer malware drives the comeback of Genesis Market,SuspiciousActivity,2024
key-pack.com,Researcher Uncovers LummApp Malware Campaign,SuspiciousActivity,2024
hit-bone.com,Researcher Uncovers LummApp Malware Campaign,SuspiciousActivity,2024
gulbur.com,Researcher Uncovers LummApp Malware Campaign,SuspiciousActivity,2024
tcl-black.com,Researcher Uncovers LummApp Malware Campaign,SuspiciousActivity,2024
https://true-lie.com/api/machine/set-files-v,Researcher Uncovers LummApp Malware Campaign,SuspiciousActivity,2024
http://common-temperature.gl.at.ply.gg:38635/,Skuld Infostealer Resurfaces Targeting npm Developers Through Fake Packages,SuspiciousActivity,2024
6429384311.federallegalexpert.com,FlowerStorm Emerges as Replacement for Rockstar2FA Amid Technical Failures,SuspiciousActivity,2024
www.901557029.federalbizlaw.com,FlowerStorm Emerges as Replacement for Rockstar2FA Amid Technical Failures,SuspiciousActivity,2024
6598089685.constructionlawus.com,FlowerStorm Emerges as Replacement for Rockstar2FA Amid Technical Failures,SuspiciousActivity,2024
www.5072436762.courtdocumentsupport.com,FlowerStorm Emerges as Replacement for Rockstar2FA Amid Technical Failures,SuspiciousActivity,2024
www.6598089685.lawyersfederalcourt.com,FlowerStorm Emerges as Replacement for Rockstar2FA Amid Technical Failures,SuspiciousActivity,2024
1022627789.businesslawyeroutlook.com,FlowerStorm Emerges as Replacement for Rockstar2FA Amid Technical Failures,SuspiciousActivity,2024
6094671263.lawyersfederalcourt.com,FlowerStorm Emerges as Replacement for Rockstar2FA Amid Technical Failures,SuspiciousActivity,2024
1628866669.constructionlawcourts.com,FlowerStorm Emerges as Replacement for Rockstar2FA Amid Technical Failures,SuspiciousActivity,2024
www.5096052331.courtdocumentsupport.com,FlowerStorm Emerges as Replacement for Rockstar2FA Amid Technical Failures,SuspiciousActivity,2024
www.7863788682.lawyerforconstruction.com,FlowerStorm Emerges as Replacement for Rockstar2FA Amid Technical Failures,SuspiciousActivity,2024
5096052331.courtdocumentsupport.com,FlowerStorm Emerges as Replacement for Rockstar2FA Amid Technical Failures,SuspiciousActivity,2024
www.6191758952.federallegalexpert.com,FlowerStorm Emerges as Replacement for Rockstar2FA Amid Technical Failures,SuspiciousActivity,2024
5396547141.constructionlawus.com,FlowerStorm Emerges as Replacement for Rockstar2FA Amid Technical Failures,SuspiciousActivity,2024
www.7676217150.constructionlawus.com,FlowerStorm Emerges as Replacement for Rockstar2FA Amid Technical Failures,SuspiciousActivity,2024
6178850362.federalbusinessdoc.com,FlowerStorm Emerges as Replacement for Rockstar2FA Amid Technical Failures,SuspiciousActivity,2024
www.6094671263.lawyersfederalcourt.com,FlowerStorm Emerges as Replacement for Rockstar2FA Amid Technical Failures,SuspiciousActivity,2024
5072436762.courtdocumentsupport.com,FlowerStorm Emerges as Replacement for Rockstar2FA Amid Technical Failures,SuspiciousActivity,2024
5284784914.lawyersfederalcourt.com,FlowerStorm Emerges as Replacement for Rockstar2FA Amid Technical Failures,SuspiciousActivity,2024
6869413099.uscourtconstructionlaw.com,FlowerStorm Emerges as Replacement for Rockstar2FA Amid Technical Failures,SuspiciousActivity,2024
1149283203.federalbusinesslawyer.com,FlowerStorm Emerges as Replacement for Rockstar2FA Amid Technical Failures,SuspiciousActivity,2024
5506031284.courtdocumentsupport.com,FlowerStorm Emerges as Replacement for Rockstar2FA Amid Technical Failures,SuspiciousActivity,2024
1585794595.courtdocumentsupport.com,FlowerStorm Emerges as Replacement for Rockstar2FA Amid Technical Failures,SuspiciousActivity,2024
www.5779459270.businesslawyeroutlook.com,FlowerStorm Emerges as Replacement for Rockstar2FA Amid Technical Failures,SuspiciousActivity,2024
5111019926.federalbusinesslawyer.com,FlowerStorm Emerges as Replacement for Rockstar2FA Amid Technical Failures,SuspiciousActivity,2024
6087599981.businesslawyeroutlook.com,FlowerStorm Emerges as Replacement for Rockstar2FA Amid Technical Failures,SuspiciousActivity,2024
www.5996140554.constructionlawcourts.com,FlowerStorm Emerges as Replacement for Rockstar2FA Amid Technical Failures,SuspiciousActivity,2024
www.6121127171.lawyersfederalcourt.com,FlowerStorm Emerges as Replacement for Rockstar2FA Amid Technical Failures,SuspiciousActivity,2024
www.7530472825.constructionlawcourts.com,FlowerStorm Emerges as Replacement for Rockstar2FA Amid Technical Failures,SuspiciousActivity,2024
www.6355252300.uscourtconstructionlaw.com,FlowerStorm Emerges as Replacement for Rockstar2FA Amid Technical Failures,SuspiciousActivity,2024
www.5867694250.federallegalexpert.com,FlowerStorm Emerges as Replacement for Rockstar2FA Amid Technical Failures,SuspiciousActivity,2024
www.5506031284.courtdocumentsupport.com,FlowerStorm Emerges as Replacement for Rockstar2FA Amid Technical Failures,SuspiciousActivity,2024
www.6111431544.courtdocumentsupport.com,FlowerStorm Emerges as Replacement for Rockstar2FA Amid Technical Failures,SuspiciousActivity,2024
5882674643.uscourtconstructionlaw.com,FlowerStorm Emerges as Replacement for Rockstar2FA Amid Technical Failures,SuspiciousActivity,2024
6970793981.constructionlawus.com,FlowerStorm Emerges as Replacement for Rockstar2FA Amid Technical Failures,SuspiciousActivity,2024
www.5612393536.uscourtconstructionlaw.com,FlowerStorm Emerges as Replacement for Rockstar2FA Amid Technical Failures,SuspiciousActivity,2024
5882674643.federalbusinesslawyer.com,FlowerStorm Emerges as Replacement for Rockstar2FA Amid Technical Failures,SuspiciousActivity,2024
7329548758.federallegalexpert.com,FlowerStorm Emerges as Replacement for Rockstar2FA Amid Technical Failures,SuspiciousActivity,2024
www.5879537809.uscourtlegal.com,FlowerStorm Emerges as Replacement for Rockstar2FA Amid Technical Failures,SuspiciousActivity,2024
6882389794.courtdocumentsupport.com,FlowerStorm Emerges as Replacement for Rockstar2FA Amid Technical Failures,SuspiciousActivity,2024
5523045637.courtdocumentsupport.com,FlowerStorm Emerges as Replacement for Rockstar2FA Amid Technical Failures,SuspiciousActivity,2024
www.889788691.site,FlowerStorm Emerges as Replacement for Rockstar2FA Amid Technical Failures,SuspiciousActivity,2024
www.5615496527.federallegalexpert.com,FlowerStorm Emerges as Replacement for Rockstar2FA Amid Technical Failures,SuspiciousActivity,2024
www.5111019926.federalbusinesslawyer.com,FlowerStorm Emerges as Replacement for Rockstar2FA Amid Technical Failures,SuspiciousActivity,2024
5840962294.constructionlawus.com,FlowerStorm Emerges as Replacement for Rockstar2FA Amid Technical Failures,SuspiciousActivity,2024
6032451419.businesslawyeroutlook.com,FlowerStorm Emerges as Replacement for Rockstar2FA Amid Technical Failures,SuspiciousActivity,2024
5882674643fsawfdbhg.federalbusinesslawyer.com,FlowerStorm Emerges as Replacement for Rockstar2FA Amid Technical Failures,SuspiciousActivity,2024
6045666049.federalbusinessdoc.com,FlowerStorm Emerges as Replacement for Rockstar2FA Amid Technical Failures,SuspiciousActivity,2024
6598089685.lawyersfederalcourt.com,FlowerStorm Emerges as Replacement for Rockstar2FA Amid Technical Failures,SuspiciousActivity,2024
5615496527.federallegalexpert.com,FlowerStorm Emerges as Replacement for Rockstar2FA Amid Technical Failures,SuspiciousActivity,2024
www.6160190517.uscourtlegal.com,FlowerStorm Emerges as Replacement for Rockstar2FA Amid Technical Failures,SuspiciousActivity,2024
www.6587413879.constructionlawcourts.com,FlowerStorm Emerges as Replacement for Rockstar2FA Amid Technical Failures,SuspiciousActivity,2024
7676217150.constructionlawus.com,FlowerStorm Emerges as Replacement for Rockstar2FA Amid Technical Failures,SuspiciousActivity,2024
www.6504122924.federalbusinesslawyer.com,FlowerStorm Emerges as Replacement for Rockstar2FA Amid Technical Failures,SuspiciousActivity,2024
6587413879.constructionlawcourts.com,FlowerStorm Emerges as Replacement for Rockstar2FA Amid Technical Failures,SuspiciousActivity,2024
www.6598089685.constructionlawus.com,FlowerStorm Emerges as Replacement for Rockstar2FA Amid Technical Failures,SuspiciousActivity,2024
www.7488549444.businesslawyeroutlook.com,FlowerStorm Emerges as Replacement for Rockstar2FA Amid Technical Failures,SuspiciousActivity,2024
6368331160.lawyersfederalcourt.com,FlowerStorm Emerges as Replacement for Rockstar2FA Amid Technical Failures,SuspiciousActivity,2024
7488549444.businesslawyeroutlook.com,FlowerStorm Emerges as Replacement for Rockstar2FA Amid Technical Failures,SuspiciousActivity,2024
www.5644672930.uscourtconstructionlaw.com,FlowerStorm Emerges as Replacement for Rockstar2FA Amid Technical Failures,SuspiciousActivity,2024
www.6032451419.businesslawyeroutlook.com,FlowerStorm Emerges as Replacement for Rockstar2FA Amid Technical Failures,SuspiciousActivity,2024
7039431067.constructionlawus.com,FlowerStorm Emerges as Replacement for Rockstar2FA Amid Technical Failures,SuspiciousActivity,2024
www.5882674643fsawfdbhg.federalbusinesslawyer.com,FlowerStorm Emerges as Replacement for Rockstar2FA Amid Technical Failures,SuspiciousActivity,2024
6089971492.federallegalexpert.com,FlowerStorm Emerges as Replacement for Rockstar2FA Amid Technical Failures,SuspiciousActivity,2024
5467688726.businesslawyeroutlook.com,FlowerStorm Emerges as Replacement for Rockstar2FA Amid Technical Failures,SuspiciousActivity,2024
www.1306699059.businesslawyeroutlook.com,FlowerStorm Emerges as Replacement for Rockstar2FA Amid Technical Failures,SuspiciousActivity,2024
www.6022847549.lawyersfederalcourt.com,FlowerStorm Emerges as Replacement for Rockstar2FA Amid Technical Failures,SuspiciousActivity,2024
6368331160.uscourtconstructionlaw.com,FlowerStorm Emerges as Replacement for Rockstar2FA Amid Technical Failures,SuspiciousActivity,2024
6882366057.uscourtconstructionlaw.com,FlowerStorm Emerges as Replacement for Rockstar2FA Amid Technical Failures,SuspiciousActivity,2024
7411136052.federallegalexpert.com,FlowerStorm Emerges as Replacement for Rockstar2FA Amid Technical Failures,SuspiciousActivity,2024
www.6970793981.constructionlawus.com,FlowerStorm Emerges as Replacement for Rockstar2FA Amid Technical Failures,SuspiciousActivity,2024
6265662839.constructionlawus.com,FlowerStorm Emerges as Replacement for Rockstar2FA Amid Technical Failures,SuspiciousActivity,2024
www.5882674643.federalbusinesslawyer.com,FlowerStorm Emerges as Replacement for Rockstar2FA Amid Technical Failures,SuspiciousActivity,2024
www.5771935265.businesslawyeroutlook.com,FlowerStorm Emerges as Replacement for Rockstar2FA Amid Technical Failures,SuspiciousActivity,2024
5615336592.federallegalexpert.com,FlowerStorm Emerges as Replacement for Rockstar2FA Amid Technical Failures,SuspiciousActivity,2024
www.6882389794.courtdocumentsupport.com,FlowerStorm Emerges as Replacement for Rockstar2FA Amid Technical Failures,SuspiciousActivity,2024
www.7039431067.constructionlawus.com,FlowerStorm Emerges as Replacement for Rockstar2FA Amid Technical Failures,SuspiciousActivity,2024
www.7821781576.businesslawconstruction.com,FlowerStorm Emerges as Replacement for Rockstar2FA Amid Technical Failures,SuspiciousActivity,2024
5624540406.federallegalexpert.com,FlowerStorm Emerges as Replacement for Rockstar2FA Amid Technical Failures,SuspiciousActivity,2024
www.5284784914.lawyersfederalcourt.com,FlowerStorm Emerges as Replacement for Rockstar2FA Amid Technical Failures,SuspiciousActivity,2024
www.6034502767.federalbusinesslawyer.com,FlowerStorm Emerges as Replacement for Rockstar2FA Amid Technical Failures,SuspiciousActivity,2024
5779459270.businesslawyeroutlook.com,FlowerStorm Emerges as Replacement for Rockstar2FA Amid Technical Failures,SuspiciousActivity,2024
5879537809.uscourtlegal.com,FlowerStorm Emerges as Replacement for Rockstar2FA Amid Technical Failures,SuspiciousActivity,2024
7024165682.lawyersfederalcourt.com,FlowerStorm Emerges as Replacement for Rockstar2FA Amid Technical Failures,SuspiciousActivity,2024
7530472825.constructionlawcourts.com,FlowerStorm Emerges as Replacement for Rockstar2FA Amid Technical Failures,SuspiciousActivity,2024
www.6321692281.constructionlawcourts.com,FlowerStorm Emerges as Replacement for Rockstar2FA Amid Technical Failures,SuspiciousActivity,2024
www.7674412482.lawyerforconstruction.com,FlowerStorm Emerges as Replacement for Rockstar2FA Amid Technical Failures,SuspiciousActivity,2024
8191769809.constructionlawus.com,FlowerStorm Emerges as Replacement for Rockstar2FA Amid Technical Failures,SuspiciousActivity,2024
www.1022627789.businesslawyeroutlook.com,FlowerStorm Emerges as Replacement for Rockstar2FA Amid Technical Failures,SuspiciousActivity,2024
www.1149283203.federalbusinesslawyer.com,FlowerStorm Emerges as Replacement for Rockstar2FA Amid Technical Failures,SuspiciousActivity,2024
5967326376.lawyersfederalcourt.com,FlowerStorm Emerges as Replacement for Rockstar2FA Amid Technical Failures,SuspiciousActivity,2024
www.5467688726.businesslawyeroutlook.com,FlowerStorm Emerges as Replacement for Rockstar2FA Amid Technical Failures,SuspiciousActivity,2024
www.7676063207.microsoftbusinesslawyers.com,FlowerStorm Emerges as Replacement for Rockstar2FA Amid Technical Failures,SuspiciousActivity,2024
www.1585794595.courtdocumentsupport.com,FlowerStorm Emerges as Replacement for Rockstar2FA Amid Technical Failures,SuspiciousActivity,2024
5339485049.uscourtlegal.com,FlowerStorm Emerges as Replacement for Rockstar2FA Amid Technical Failures,SuspiciousActivity,2024
www.5967326376.lawyersfederalcourt.com,FlowerStorm Emerges as Replacement for Rockstar2FA Amid Technical Failures,SuspiciousActivity,2024
1325438698.constructionlawus.com,FlowerStorm Emerges as Replacement for Rockstar2FA Amid Technical Failures,SuspiciousActivity,2024
5156917726.federalbusinessdoc.com,FlowerStorm Emerges as Replacement for Rockstar2FA Amid Technical Failures,SuspiciousActivity,2024
5644672930.uscourtconstructionlaw.com,FlowerStorm Emerges as Replacement for Rockstar2FA Amid Technical Failures,SuspiciousActivity,2024
www.5101497287.businesslawyeroutlook.com,FlowerStorm Emerges as Replacement for Rockstar2FA Amid Technical Failures,SuspiciousActivity,2024
www.5646634237.businesslawyeroutlook.com,FlowerStorm Emerges as Replacement for Rockstar2FA Amid Technical Failures,SuspiciousActivity,2024
www.5889631857.constructionlawus.com,FlowerStorm Emerges as Replacement for Rockstar2FA Amid Technical Failures,SuspiciousActivity,2024
1518292281.federallegalexpert.com,FlowerStorm Emerges as Replacement for Rockstar2FA Amid Technical Failures,SuspiciousActivity,2024
1414520833.lawyersfederalcourt.com,FlowerStorm Emerges as Replacement for Rockstar2FA Amid Technical Failures,SuspiciousActivity,2024
6188338069.constructionlawus.com,FlowerStorm Emerges as Replacement for Rockstar2FA Amid Technical Failures,SuspiciousActivity,2024
5646634237.businesslawyeroutlook.com,FlowerStorm Emerges as Replacement for Rockstar2FA Amid Technical Failures,SuspiciousActivity,2024
www.1414520833.lawyersfederalcourt.com,FlowerStorm Emerges as Replacement for Rockstar2FA Amid Technical Failures,SuspiciousActivity,2024
5612393536.uscourtconstructionlaw.com,FlowerStorm Emerges as Replacement for Rockstar2FA Amid Technical Failures,SuspiciousActivity,2024
www.6248643719.businesslawyeroutlook.com,FlowerStorm Emerges as Replacement for Rockstar2FA Amid Technical Failures,SuspiciousActivity,2024
6785433762.constructionlawcourts.com,FlowerStorm Emerges as Replacement for Rockstar2FA Amid Technical Failures,SuspiciousActivity,2024
www.1265342062.uscourtlegal.com,FlowerStorm Emerges as Replacement for Rockstar2FA Amid Technical Failures,SuspiciousActivity,2024
5437776170.constructionlawus.com,FlowerStorm Emerges as Replacement for Rockstar2FA Amid Technical Failures,SuspiciousActivity,2024
6321692281.constructionlawcourts.com,FlowerStorm Emerges as Replacement for Rockstar2FA Amid Technical Failures,SuspiciousActivity,2024
www.6178850362.federalbusinessdoc.com,FlowerStorm Emerges as Replacement for Rockstar2FA Amid Technical Failures,SuspiciousActivity,2024
5101497287.businesslawyeroutlook.com,FlowerStorm Emerges as Replacement for Rockstar2FA Amid Technical Failures,SuspiciousActivity,2024
6355252300.uscourtconstructionlaw.com,FlowerStorm Emerges as Replacement for Rockstar2FA Amid Technical Failures,SuspiciousActivity,2024
www.6785433762.constructionlawcourts.com,FlowerStorm Emerges as Replacement for Rockstar2FA Amid Technical Failures,SuspiciousActivity,2024
7876794383.constructionlawcourts.com,FlowerStorm Emerges as Replacement for Rockstar2FA Amid Technical Failures,SuspiciousActivity,2024
5885068021.constructionlawus.com,FlowerStorm Emerges as Replacement for Rockstar2FA Amid Technical Failures,SuspiciousActivity,2024
5771935265.businesslawyeroutlook.com,FlowerStorm Emerges as Replacement for Rockstar2FA Amid Technical Failures,SuspiciousActivity,2024
6038222878.courtdocumentsupport.com,FlowerStorm Emerges as Replacement for Rockstar2FA Amid Technical Failures,SuspiciousActivity,2024
6034502767.federalbusinesslawyer.com,FlowerStorm Emerges as Replacement for Rockstar2FA Amid Technical Failures,SuspiciousActivity,2024
6809182165.uscourtconstructionlaw.com,FlowerStorm Emerges as Replacement for Rockstar2FA Amid Technical Failures,SuspiciousActivity,2024
www.6670710944.federalbusinessdoc.com,FlowerStorm Emerges as Replacement for Rockstar2FA Amid Technical Failures,SuspiciousActivity,2024
6504122924.federalbusinesslawyer.com,FlowerStorm Emerges as Replacement for Rockstar2FA Amid Technical Failures,SuspiciousActivity,2024
5889631857.federalbusinesslawyer.com,FlowerStorm Emerges as Replacement for Rockstar2FA Amid Technical Failures,SuspiciousActivity,2024
6248643719.businesslawyeroutlook.com,FlowerStorm Emerges as Replacement for Rockstar2FA Amid Technical Failures,SuspiciousActivity,2024
www.6265662839.constructionlawus.com,FlowerStorm Emerges as Replacement for Rockstar2FA Amid Technical Failures,SuspiciousActivity,2024
www.7876794383.constructionlawcourts.com,FlowerStorm Emerges as Replacement for Rockstar2FA Amid Technical Failures,SuspiciousActivity,2024
www.5882674643.uscourtconstructionlaw.com,FlowerStorm Emerges as Replacement for Rockstar2FA Amid Technical Failures,SuspiciousActivity,2024
www.6188338069.constructionlawus.com,FlowerStorm Emerges as Replacement for Rockstar2FA Amid Technical Failures,SuspiciousActivity,2024
1714326380.constructionlawus.com,FlowerStorm Emerges as Replacement for Rockstar2FA Amid Technical Failures,SuspiciousActivity,2024
7609751628.uscourtconstructionlaw.com,FlowerStorm Emerges as Replacement for Rockstar2FA Amid Technical Failures,SuspiciousActivity,2024
www.7821781576.constructionlawus.com,FlowerStorm Emerges as Replacement for Rockstar2FA Amid Technical Failures,SuspiciousActivity,2024
1306699059.businesslawyeroutlook.com,FlowerStorm Emerges as Replacement for Rockstar2FA Amid Technical Failures,SuspiciousActivity,2024
www.5615336592.federallegalexpert.com,FlowerStorm Emerges as Replacement for Rockstar2FA Amid Technical Failures,SuspiciousActivity,2024
www.6368331160.lawyersfederalcourt.com,FlowerStorm Emerges as Replacement for Rockstar2FA Amid Technical Failures,SuspiciousActivity,2024
776425627.federalbusinesslawyer.com,FlowerStorm Emerges as Replacement for Rockstar2FA Amid Technical Failures,SuspiciousActivity,2024
www.7170287801.federalbusinessdoc.com,FlowerStorm Emerges as Replacement for Rockstar2FA Amid Technical Failures,SuspiciousActivity,2024
www.1325438698.constructionlawus.com,FlowerStorm Emerges as Replacement for Rockstar2FA Amid Technical Failures,SuspiciousActivity,2024
www.7800964014.lawyerforconstruction.com,FlowerStorm Emerges as Replacement for Rockstar2FA Amid Technical Failures,SuspiciousActivity,2024
www.5624540406.federallegalexpert.com,FlowerStorm Emerges as Replacement for Rockstar2FA Amid Technical Failures,SuspiciousActivity,2024
1686966416.federalbusinesslawyer.com,FlowerStorm Emerges as Replacement for Rockstar2FA Amid Technical Failures,SuspiciousActivity,2024
7170287801.federalbusinessdoc.com,FlowerStorm Emerges as Replacement for Rockstar2FA Amid Technical Failures,SuspiciousActivity,2024
www.2108460472.federalbusinesslawyer.com,FlowerStorm Emerges as Replacement for Rockstar2FA Amid Technical Failures,SuspiciousActivity,2024
7120207675.lawyersfederalcourt.com,FlowerStorm Emerges as Replacement for Rockstar2FA Amid Technical Failures,SuspiciousActivity,2024
www.6654134509.federalbusinesslawyer.com,FlowerStorm Emerges as Replacement for Rockstar2FA Amid Technical Failures,SuspiciousActivity,2024
2108460472.federalbusinesslawyer.com,FlowerStorm Emerges as Replacement for Rockstar2FA Amid Technical Failures,SuspiciousActivity,2024
www.7411136052.federallegalexpert.com,FlowerStorm Emerges as Replacement for Rockstar2FA Amid Technical Failures,SuspiciousActivity,2024
6022847549.lawyersfederalcourt.com,FlowerStorm Emerges as Replacement for Rockstar2FA Amid Technical Failures,SuspiciousActivity,2024
1381488073.courtdocumentsupport.com,FlowerStorm Emerges as Replacement for Rockstar2FA Amid Technical Failures,SuspiciousActivity,2024
www.5889631857.federalbusinesslawyer.com,FlowerStorm Emerges as Replacement for Rockstar2FA Amid Technical Failures,SuspiciousActivity,2024
www.927275241.federalpayrollsolutions.com,FlowerStorm Emerges as Replacement for Rockstar2FA Amid Technical Failures,SuspiciousActivity,2024
5476299064.constructionlawcourts.com,FlowerStorm Emerges as Replacement for Rockstar2FA Amid Technical Failures,SuspiciousActivity,2024
1724225570.constructionlawus.com,FlowerStorm Emerges as Replacement for Rockstar2FA Amid Technical Failures,SuspiciousActivity,2024
7821781576.constructionlawus.com,FlowerStorm Emerges as Replacement for Rockstar2FA Amid Technical Failures,SuspiciousActivity,2024
www.6008460744.federalbusinesslawyer.com,FlowerStorm Emerges as Replacement for Rockstar2FA Amid Technical Failures,SuspiciousActivity,2024
www.6778839013.lawyersfederalcourt.com,FlowerStorm Emerges as Replacement for Rockstar2FA Amid Technical Failures,SuspiciousActivity,2024
6111431544.courtdocumentsupport.com,FlowerStorm Emerges as Replacement for Rockstar2FA Amid Technical Failures,SuspiciousActivity,2024
6191758952.federallegalexpert.com,FlowerStorm Emerges as Replacement for Rockstar2FA Amid Technical Failures,SuspiciousActivity,2024
www.813644346.federalbusinesslegal.com,FlowerStorm Emerges as Replacement for Rockstar2FA Amid Technical Failures,SuspiciousActivity,2024
www.5885068021.constructionlawus.com,FlowerStorm Emerges as Replacement for Rockstar2FA Amid Technical Failures,SuspiciousActivity,2024
www.1686966416.federalbusinesslawyer.com,FlowerStorm Emerges as Replacement for Rockstar2FA Amid Technical Failures,SuspiciousActivity,2024
www.6038222878.courtdocumentsupport.com,FlowerStorm Emerges as Replacement for Rockstar2FA Amid Technical Failures,SuspiciousActivity,2024
www.5156917726.federalbusinessdoc.com,FlowerStorm Emerges as Replacement for Rockstar2FA Amid Technical Failures,SuspiciousActivity,2024
www.6045666049.federalbusinessdoc.com,FlowerStorm Emerges as Replacement for Rockstar2FA Amid Technical Failures,SuspiciousActivity,2024
www.6087599981.businesslawyeroutlook.com,FlowerStorm Emerges as Replacement for Rockstar2FA Amid Technical Failures,SuspiciousActivity,2024
6533272565.federalbusinesslawyer.com,FlowerStorm Emerges as Replacement for Rockstar2FA Amid Technical Failures,SuspiciousActivity,2024
5996140554.constructionlawcourts.com,FlowerStorm Emerges as Replacement for Rockstar2FA Amid Technical Failures,SuspiciousActivity,2024
5889631857.constructionlawus.com,FlowerStorm Emerges as Replacement for Rockstar2FA Amid Technical Failures,SuspiciousActivity,2024
www.7329548758.federallegalexpert.com,FlowerStorm Emerges as Replacement for Rockstar2FA Amid Technical Failures,SuspiciousActivity,2024
www.1724225570.constructionlawus.com,FlowerStorm Emerges as Replacement for Rockstar2FA Amid Technical Failures,SuspiciousActivity,2024
www.889547742.federalconstructionlawyer.com,FlowerStorm Emerges as Replacement for Rockstar2FA Amid Technical Failures,SuspiciousActivity,2024
6654134509.federalbusinesslawyer.com,FlowerStorm Emerges as Replacement for Rockstar2FA Amid Technical Failures,SuspiciousActivity,2024
www.7024165682.lawyersfederalcourt.com,FlowerStorm Emerges as Replacement for Rockstar2FA Amid Technical Failures,SuspiciousActivity,2024
www.5396547141.constructionlawus.com,FlowerStorm Emerges as Replacement for Rockstar2FA Amid Technical Failures,SuspiciousActivity,2024
www.5476299064.constructionlawcourts.com,FlowerStorm Emerges as Replacement for Rockstar2FA Amid Technical Failures,SuspiciousActivity,2024
5867694250.federallegalexpert.com,FlowerStorm Emerges as Replacement for Rockstar2FA Amid Technical Failures,SuspiciousActivity,2024
www.5437776170.constructionlawus.com,FlowerStorm Emerges as Replacement for Rockstar2FA Amid Technical Failures,SuspiciousActivity,2024
fk-new-year-deal.sbs,Cybersecurity Threats Escalate During the Holiday Shopping Season,SuspiciousActivity,2024
new-year-offer.zya.me,Cybersecurity Threats Escalate During the Holiday Shopping Season,SuspiciousActivity,2024
mirconnect.info,Threat Actor Cloud Atlas Expands Arsenal with New Tool,SuspiciousActivity,2024
riamir.net,Threat Actor Cloud Atlas Expands Arsenal with New Tool,SuspiciousActivity,2024
onesoftware.info,Threat Actor Cloud Atlas Expands Arsenal with New Tool,SuspiciousActivity,2024
yandisk.info,Threat Actor Cloud Atlas Expands Arsenal with New Tool,SuspiciousActivity,2024
gosportal.net,Threat Actor Cloud Atlas Expands Arsenal with New Tool,SuspiciousActivity,2024
yandesks.net,Threat Actor Cloud Atlas Expands Arsenal with New Tool,SuspiciousActivity,2024
yandesktop.com,Threat Actor Cloud Atlas Expands Arsenal with New Tool,SuspiciousActivity,2024
hurawatch.cc,Ad Fraudsters Employ Sophisticated Techniques with Fake CAPTCHAs,SuspiciousActivity,2024
arcivevaxue34.b-cdn.net,Ad Fraudsters Employ Sophisticated Techniques with Fake CAPTCHAs,SuspiciousActivity,2024
alphatron.tv,Ad Fraudsters Employ Sophisticated Techniques with Fake CAPTCHAs,SuspiciousActivity,2024
hdtodayz.to,Ad Fraudsters Employ Sophisticated Techniques with Fake CAPTCHAs,SuspiciousActivity,2024
mixdrop.ps,Ad Fraudsters Employ Sophisticated Techniques with Fake CAPTCHAs,SuspiciousActivity,2024
cinego.tv,Ad Fraudsters Employ Sophisticated Techniques with Fake CAPTCHAs,SuspiciousActivity,2024
filecrypt.co,Ad Fraudsters Employ Sophisticated Techniques with Fake CAPTCHAs,SuspiciousActivity,2024
dopebox.to,Ad Fraudsters Employ Sophisticated Techniques with Fake CAPTCHAs,SuspiciousActivity,2024
travelmiso.com,Ad Fraudsters Employ Sophisticated Techniques with Fake CAPTCHAs,SuspiciousActivity,2024
kisskh.co,Ad Fraudsters Employ Sophisticated Techniques with Fake CAPTCHAs,SuspiciousActivity,2024
moviesjoy.is,Ad Fraudsters Employ Sophisticated Techniques with Fake CAPTCHAs,SuspiciousActivity,2024
movies2watch.tv,Ad Fraudsters Employ Sophisticated Techniques with Fake CAPTCHAs,SuspiciousActivity,2024
manhwaclan.com,Ad Fraudsters Employ Sophisticated Techniques with Fake CAPTCHAs,SuspiciousActivity,2024
gostream.to,Ad Fraudsters Employ Sophisticated Techniques with Fake CAPTCHAs,SuspiciousActivity,2024
chromeupdates.com,Ad Fraudsters Employ Sophisticated Techniques with Fake CAPTCHAs,SuspiciousActivity,2024
hydrahd.cc,Ad Fraudsters Employ Sophisticated Techniques with Fake CAPTCHAs,SuspiciousActivity,2024
sflix.to,Ad Fraudsters Employ Sophisticated Techniques with Fake CAPTCHAs,SuspiciousActivity,2024
myflixerz.to,Ad Fraudsters Employ Sophisticated Techniques with Fake CAPTCHAs,SuspiciousActivity,2024
freek.to,Ad Fraudsters Employ Sophisticated Techniques with Fake CAPTCHAs,SuspiciousActivity,2024
tubemp4.is,Ad Fraudsters Employ Sophisticated Techniques with Fake CAPTCHAs,SuspiciousActivity,2024
e123movieswatch.com,Ad Fraudsters Employ Sophisticated Techniques with Fake CAPTCHAs,SuspiciousActivity,2024
theflixertv.to,Ad Fraudsters Employ Sophisticated Techniques with Fake CAPTCHAs,SuspiciousActivity,2024
totalsportek.best,Ad Fraudsters Employ Sophisticated Techniques with Fake CAPTCHAs,SuspiciousActivity,2024
totalsportek.games,Ad Fraudsters Employ Sophisticated Techniques with Fake CAPTCHAs,SuspiciousActivity,2024
flixhq.to,Ad Fraudsters Employ Sophisticated Techniques with Fake CAPTCHAs,SuspiciousActivity,2024
streameast.best,Ad Fraudsters Employ Sophisticated Techniques with Fake CAPTCHAs,SuspiciousActivity,2024
coinpriceline.com,Ad Fraudsters Employ Sophisticated Techniques with Fake CAPTCHAs,SuspiciousActivity,2024
dramacool.bg,Ad Fraudsters Employ Sophisticated Techniques with Fake CAPTCHAs,SuspiciousActivity,2024
mangabuddy.com,Ad Fraudsters Employ Sophisticated Techniques with Fake CAPTCHAs,SuspiciousActivity,2024
gomovies.sx,Ad Fraudsters Employ Sophisticated Techniques with Fake CAPTCHAs,SuspiciousActivity,2024
http://encryption-code-verification.b-cdn.net/verify-human-recaptcha.html,Ad Fraudsters Employ Sophisticated Techniques with Fake CAPTCHAs,SuspiciousActivity,2024
https://regsigara.com/go/a78798ba-50d8-4cef-9a64-1bd0e917da8e,Ad Fraudsters Employ Sophisticated Techniques with Fake CAPTCHAs,SuspiciousActivity,2024
https://gawanjaneto.com/go/7b4c672a-7787-45cc-913b-1f2f9108d002,Ad Fraudsters Employ Sophisticated Techniques with Fake CAPTCHAs,SuspiciousActivity,2024
http://nikutjyjgchrv24.b-cdn.net/syncfuzzv2.html,Ad Fraudsters Employ Sophisticated Techniques with Fake CAPTCHAs,SuspiciousActivity,2024
https://clickzstreamer.com/go/cdff9f96-8cbd-4c44-b679-2f612a64cd00,Ad Fraudsters Employ Sophisticated Techniques with Fake CAPTCHAs,SuspiciousActivity,2024
http://botcheck-encrypted-system.b-cdn.net/recaptcha-verification.html,Ad Fraudsters Employ Sophisticated Techniques with Fake CAPTCHAs,SuspiciousActivity,2024
https://editorcoms.com/go/49b491b8-09d0-422d-8735-275dc82a37ca,Ad Fraudsters Employ Sophisticated Techniques with Fake CAPTCHAs,SuspiciousActivity,2024
http://fingerboarding.com/cha,Ad Fraudsters Employ Sophisticated Techniques with Fake CAPTCHAs,SuspiciousActivity,2024
http://anti-automation-v6.b-cdn.net/recap-v6.html,Ad Fraudsters Employ Sophisticated Techniques with Fake CAPTCHAs,SuspiciousActivity,2024
https://searchmegood.com/go/49c2dac8-63b7-46d9-a9f6-6ebdaa1ce3ee,Ad Fraudsters Employ Sophisticated Techniques with Fake CAPTCHAs,SuspiciousActivity,2024
http://dedicloadpgeingv9.b-cdn.net/dedicated-captcha-page.html,Ad Fraudsters Employ Sophisticated Techniques with Fake CAPTCHAs,SuspiciousActivity,2024
https://startingdestine.com/go/ad3b65a2-9255-4017-a1e1-087bcca4e2ef,Ad Fraudsters Employ Sophisticated Techniques with Fake CAPTCHAs,SuspiciousActivity,2024
http://ajmaboxanherulv2.b-cdn.net/jskadull.html,Ad Fraudsters Employ Sophisticated Techniques with Fake CAPTCHAs,SuspiciousActivity,2024
http://sos-at-vie-2.exo.io/sanbuck/,Ad Fraudsters Employ Sophisticated Techniques with Fake CAPTCHAs,SuspiciousActivity,2024
http://pub-7a0525921ff54f1193db83d7303c6ee8.r2.dev/verify-me-first-v1.html,Ad Fraudsters Employ Sophisticated Techniques with Fake CAPTCHAs,SuspiciousActivity,2024
http://weoidnet012.b-cdn.net/iqwjdolx.html,Ad Fraudsters Employ Sophisticated Techniques with Fake CAPTCHAs,SuspiciousActivity,2024
http://encryption-module-botverify.b-cdn.net/recaptcha-verification.html,Ad Fraudsters Employ Sophisticated Techniques with Fake CAPTCHAs,SuspiciousActivity,2024
https://fineclouding.com/go/83a7f27f-d3ae-4935-b854-fdf492984ed3,Ad Fraudsters Employ Sophisticated Techniques with Fake CAPTCHAs,SuspiciousActivity,2024
http://sos-ch-gva-2.sos-cdn.net/bytebin/,Ad Fraudsters Employ Sophisticated Techniques with Fake CAPTCHAs,SuspiciousActivity,2024
https://adstrails.com/go/3a2f0420-aa82-403a-a04e-4df13708bc04,Ad Fraudsters Employ Sophisticated Techniques with Fake CAPTCHAs,SuspiciousActivity,2024
http://objectstorage.sa-santiago-1.oraclecloud.com/n/bmy7etxgksxo/b/to-continue/o/,Ad Fraudsters Employ Sophisticated Techniques with Fake CAPTCHAs,SuspiciousActivity,2024
http://sos-at-vie-1.exo.io/cloudcask/,Ad Fraudsters Employ Sophisticated Techniques with Fake CAPTCHAs,SuspiciousActivity,2024
http://verification-module-v3.b-cdn.net/recaptcha_verification_updated.html,Ad Fraudsters Employ Sophisticated Techniques with Fake CAPTCHAs,SuspiciousActivity,2024
http://foodrailway.cfd/tracker/index.php,Ad Fraudsters Employ Sophisticated Techniques with Fake CAPTCHAs,SuspiciousActivity,2024
https://scrutinycheck.cash/go/f94e2fd6-3569-4d2d-b596-5e07f79a5818,Ad Fraudsters Employ Sophisticated Techniques with Fake CAPTCHAs,SuspiciousActivity,2024
https://nettrilo.com/go/4c5443a1-ba90-487a-839a-b67a2b0317a8,Ad Fraudsters Employ Sophisticated Techniques with Fake CAPTCHAs,SuspiciousActivity,2024
http://izmncdnboxuse01.b-cdn.net/final-step-to-continue.html,Ad Fraudsters Employ Sophisticated Techniques with Fake CAPTCHAs,SuspiciousActivity,2024
https://godagichi.com/go/10a84a68-b524-4885-adb2-bfbda4c17778,Ad Fraudsters Employ Sophisticated Techniques with Fake CAPTCHAs,SuspiciousActivity,2024
https://linkspans.com/go/7110a328-a727-4c2c-9e88-3a71adf76cb1,Ad Fraudsters Employ Sophisticated Techniques with Fake CAPTCHAs,SuspiciousActivity,2024
https://westreamdaily.com/go/2912600c-ec64-47fd-93cd-d7172bc29206,Ad Fraudsters Employ Sophisticated Techniques with Fake CAPTCHAs,SuspiciousActivity,2024
http://upgraded-botcheck-encryption.b-cdn.net/verify-human-recaptcha.html,Ad Fraudsters Employ Sophisticated Techniques with Fake CAPTCHAs,SuspiciousActivity,2024
http://nikutjyjgchrv21.b-cdn.net/syncfuzzv2.html,Ad Fraudsters Employ Sophisticated Techniques with Fake CAPTCHAs,SuspiciousActivity,2024
http://full-fast-movie-downloader.b-cdn.net/kh6kjsdnvk4suiew4klsw43ep8pijhol.html,Ad Fraudsters Employ Sophisticated Techniques with Fake CAPTCHAs,SuspiciousActivity,2024
https://smartlinkoffer.com/go/b11f973d-01d4-4a5b-8af3-139daaa5443f,Ad Fraudsters Employ Sophisticated Techniques with Fake CAPTCHAs,SuspiciousActivity,2024
http://verification-module-v6.b-cdn.net/recaptcha_verification_updated.html,Ad Fraudsters Employ Sophisticated Techniques with Fake CAPTCHAs,SuspiciousActivity,2024
http://weoidnet09.b-cdn.net/iqwjdolx.html,Ad Fraudsters Employ Sophisticated Techniques with Fake CAPTCHAs,SuspiciousActivity,2024
https://insigelo.com/go/0e94e3bf-65a0-476a-b00e-5ababc6ff856,Ad Fraudsters Employ Sophisticated Techniques with Fake CAPTCHAs,SuspiciousActivity,2024
http://verifyyourself-newsystem.b-cdn.net/recaptcha_verification.html,Ad Fraudsters Employ Sophisticated Techniques with Fake CAPTCHAs,SuspiciousActivity,2024
http://objectstorage.ap-mumbai-1.oraclecloud.com/n/bmy7etxgksxo/b/lusbucket/o/,Ad Fraudsters Employ Sophisticated Techniques with Fake CAPTCHAs,SuspiciousActivity,2024
http://dedicloadpgeingv8.b-cdn.net/dedicated-captcha-page.html,Ad Fraudsters Employ Sophisticated Techniques with Fake CAPTCHAs,SuspiciousActivity,2024
http://encryption-code-verification.b-cdn.net/recaptcha-verification.html,Ad Fraudsters Employ Sophisticated Techniques with Fake CAPTCHAs,SuspiciousActivity,2024
https://scrutinycheck.cash/go/180f58b8-38df-46cb-a0d2-d6f12d8aa8a8,Ad Fraudsters Employ Sophisticated Techniques with Fake CAPTCHAs,SuspiciousActivity,2024
https://yourtruelover.com/go/76c79b3b-c3bd-409a-9f9d-d25f984b6ac5,Ad Fraudsters Employ Sophisticated Techniques with Fake CAPTCHAs,SuspiciousActivity,2024
http://sos-bg-sof-1.exo.io/asgbuck/verify/hcaptcha-human-check.html,Ad Fraudsters Employ Sophisticated Techniques with Fake CAPTCHAs,SuspiciousActivity,2024
https://clovixo.com/go/35b66391-3541-4d40-a116-52515cc39b9e,Ad Fraudsters Employ Sophisticated Techniques with Fake CAPTCHAs,SuspiciousActivity,2024
http://sos-ch-gva-2.exo.io/bytebin/,Ad Fraudsters Employ Sophisticated Techniques with Fake CAPTCHAs,SuspiciousActivity,2024
http://anti-automation-v4.b-cdn.net/verf-v3.html,Ad Fraudsters Employ Sophisticated Techniques with Fake CAPTCHAs,SuspiciousActivity,2024
http://weoidnet04.b-cdn.net/iqwjdolx.html,Ad Fraudsters Employ Sophisticated Techniques with Fake CAPTCHAs,SuspiciousActivity,2024
https://satisfiedweb.com/go/3710d145-158f-4faa-942f-467142fd9201,Ad Fraudsters Employ Sophisticated Techniques with Fake CAPTCHAs,SuspiciousActivity,2024
http://izmncdnboxuse02.b-cdn.net/final-step-to-continue.html,Ad Fraudsters Employ Sophisticated Techniques with Fake CAPTCHAs,SuspiciousActivity,2024
http://sos-ch-gva-2.exo.io/clouddesk/,Ad Fraudsters Employ Sophisticated Techniques with Fake CAPTCHAs,SuspiciousActivity,2024
https://secureporter.com/go/c788f30c-9d6f-4fdd-96bc-1767e250f9c5,Ad Fraudsters Employ Sophisticated Techniques with Fake CAPTCHAs,SuspiciousActivity,2024
https://fineclouding.com/go/134f0807-4dc8-4a61-895c-acf5107b611a,Ad Fraudsters Employ Sophisticated Techniques with Fake CAPTCHAs,SuspiciousActivity,2024
https://yourtruelover.com/go/d05741b5-5782-4882-b0d0-d5cbf5c14f58,Ad Fraudsters Employ Sophisticated Techniques with Fake CAPTCHAs,SuspiciousActivity,2024
http://weoidnet02.b-cdn.net/iqwjdolx.html,Ad Fraudsters Employ Sophisticated Techniques with Fake CAPTCHAs,SuspiciousActivity,2024
http://nikutjyjgchrv23.b-cdn.net/syncfuzzv2.html,Ad Fraudsters Employ Sophisticated Techniques with Fake CAPTCHAs,SuspiciousActivity,2024
https://sheenglathora.com/go/3442df81-6329-4d47-8594-73a9455c5363,Ad Fraudsters Employ Sophisticated Techniques with Fake CAPTCHAs,SuspiciousActivity,2024
http://verification-module-v9.b-cdn.net/recaptcha_verification_updated.html,Ad Fraudsters Employ Sophisticated Techniques with Fake CAPTCHAs,SuspiciousActivity,2024
http://sos-ch-dk-2.exo.io/bucketofbits/modi-cloudflare-update-new.html,Ad Fraudsters Employ Sophisticated Techniques with Fake CAPTCHAs,SuspiciousActivity,2024
http://dedicloadpgeingv12.b-cdn.net/final-step-to-continue.html,Ad Fraudsters Employ Sophisticated Techniques with Fake CAPTCHAs,SuspiciousActivity,2024
https://streamingsplays.com/go/6754805d-41c5-46b7-929f-6655b02fce2c,Ad Fraudsters Employ Sophisticated Techniques with Fake CAPTCHAs,SuspiciousActivity,2024
https://helpmemoverand.com/go/a895c485-d572-4e80-bd52-9dd3540c81d9,Ad Fraudsters Employ Sophisticated Techniques with Fake CAPTCHAs,SuspiciousActivity,2024
https://stephighs.com/go/a8e78df0-c0cb-4d55-b4e9-48ed33fd2a6e,Ad Fraudsters Employ Sophisticated Techniques with Fake CAPTCHAs,SuspiciousActivity,2024
http://sos-ch-dk-2.exo.io/ataniya/bigot/,Ad Fraudsters Employ Sophisticated Techniques with Fake CAPTCHAs,SuspiciousActivity,2024
https://helpmemoverand.com/go/dc3ae9c2-de16-4dc0-b614-b0b36b81f319,Ad Fraudsters Employ Sophisticated Techniques with Fake CAPTCHAs,SuspiciousActivity,2024
http://sys-update-botcheck.b-cdn.net/get-this-puzzle-solved.html,Ad Fraudsters Employ Sophisticated Techniques with Fake CAPTCHAs,SuspiciousActivity,2024
https://mediamanagerverif.com/go/d3aa1081-e2fd-4bc5-b168-5502eae928f1,Ad Fraudsters Employ Sophisticated Techniques with Fake CAPTCHAs,SuspiciousActivity,2024
http://sos-de-fra-1.exo.io/sandisk/step/,Ad Fraudsters Employ Sophisticated Techniques with Fake CAPTCHAs,SuspiciousActivity,2024
https://trailsift.com/go/5c881316-6dd0-46cb-b9aa-2d72b614d026,Ad Fraudsters Employ Sophisticated Techniques with Fake CAPTCHAs,SuspiciousActivity,2024
https://editorcoms.com/go/dd423e06-1ace-4a1f-80be-1790bdbbe75d,Ad Fraudsters Employ Sophisticated Techniques with Fake CAPTCHAs,SuspiciousActivity,2024
http://izmncdnboxuse03.b-cdn.net/final-step-to-continue.html,Ad Fraudsters Employ Sophisticated Techniques with Fake CAPTCHAs,SuspiciousActivity,2024
https://adstrails.com/go/708fba2f-fbc0-45d0-831f-4e92054b1b73,Ad Fraudsters Employ Sophisticated Techniques with Fake CAPTCHAs,SuspiciousActivity,2024
http://system-update-botcheck.b-cdn.net/security-challenge-captcha.html,Ad Fraudsters Employ Sophisticated Techniques with Fake CAPTCHAs,SuspiciousActivity,2024
https://streamingsplays.com/go/1c406539-b787-4493-a61b-f4ea31ffbd56,Ad Fraudsters Employ Sophisticated Techniques with Fake CAPTCHAs,SuspiciousActivity,2024
http://ytgvjh65archi.b-cdn.net/,Ad Fraudsters Employ Sophisticated Techniques with Fake CAPTCHAs,SuspiciousActivity,2024
http://newverifyyourself-system1.b-cdn.net/recaptcha_verification-new.html,Ad Fraudsters Employ Sophisticated Techniques with Fake CAPTCHAs,SuspiciousActivity,2024
http://verification-module-v8.b-cdn.net/recaptcha_verification_updated.html,Ad Fraudsters Employ Sophisticated Techniques with Fake CAPTCHAs,SuspiciousActivity,2024
http://weoidnet07.b-cdn.net/iqwjdolx.html,Ad Fraudsters Employ Sophisticated Techniques with Fake CAPTCHAs,SuspiciousActivity,2024
http://dedicloadpgeingv2.b-cdn.net/dedicated-captcha-page.html,Ad Fraudsters Employ Sophisticated Techniques with Fake CAPTCHAs,SuspiciousActivity,2024
http://sos-ch-dk-2.exo.io/filebyte/,Ad Fraudsters Employ Sophisticated Techniques with Fake CAPTCHAs,SuspiciousActivity,2024
http://nikutjyjgchrv25.b-cdn.net/syncfuzzv2.html,Ad Fraudsters Employ Sophisticated Techniques with Fake CAPTCHAs,SuspiciousActivity,2024
https://helpmemoverand.com/go/26131470-304e-4f6c-b6dc-1ffd5c5a9930,Ad Fraudsters Employ Sophisticated Techniques with Fake CAPTCHAs,SuspiciousActivity,2024
https://freeofapps.com/go/9f900112-9d2f-41f7-a8db-cd21dd738750,Ad Fraudsters Employ Sophisticated Techniques with Fake CAPTCHAs,SuspiciousActivity,2024
http://weoidnet05.b-cdn.net/iqwjdolx.html,Ad Fraudsters Employ Sophisticated Techniques with Fake CAPTCHAs,SuspiciousActivity,2024
http://izmncdnboxuse04.b-cdn.net/final-step-to-continue.html,Ad Fraudsters Employ Sophisticated Techniques with Fake CAPTCHAs,SuspiciousActivity,2024
http://anti-automation-v3.b-cdn.net/verf-v3.html,Ad Fraudsters Employ Sophisticated Techniques with Fake CAPTCHAs,SuspiciousActivity,2024
https://boltsreach.com/go/83afb110-50f2-4b29-a93e-15e37801c7e2,Ad Fraudsters Employ Sophisticated Techniques with Fake CAPTCHAs,SuspiciousActivity,2024
http://weoidnet011.b-cdn.net/iqwjdolx.html,Ad Fraudsters Employ Sophisticated Techniques with Fake CAPTCHAs,SuspiciousActivity,2024
http://dedicloadpgeingv10.b-cdn.net/dedicated-captcha-page.html,Ad Fraudsters Employ Sophisticated Techniques with Fake CAPTCHAs,SuspiciousActivity,2024
http://objectstorage.ap-mumbai-1.oraclecloud.com/n/bmy7etxgksxo/b/buket-aws/o/,Ad Fraudsters Employ Sophisticated Techniques with Fake CAPTCHAs,SuspiciousActivity,2024
https://smartlinkoffer.com/go/6754805d-41c5-46b7-929f-6655b02fce2c,Ad Fraudsters Employ Sophisticated Techniques with Fake CAPTCHAs,SuspiciousActivity,2024
http://dedicloadpgeingv5.b-cdn.net/dedicated-captcha-page.html,Ad Fraudsters Employ Sophisticated Techniques with Fake CAPTCHAs,SuspiciousActivity,2024
http://verification-module-v7.b-cdn.net/recaptcha_verification_updated.html,Ad Fraudsters Employ Sophisticated Techniques with Fake CAPTCHAs,SuspiciousActivity,2024
https://insigelo.com/go/96f84023-dd9d-4331-9788-5705babb7f0c,Ad Fraudsters Employ Sophisticated Techniques with Fake CAPTCHAs,SuspiciousActivity,2024
http://marimarbahamas.me/downloads/index.html,Ad Fraudsters Employ Sophisticated Techniques with Fake CAPTCHAs,SuspiciousActivity,2024
http://nikutjyjgchrv22.b-cdn.net/syncfuzzv2.html,Ad Fraudsters Employ Sophisticated Techniques with Fake CAPTCHAs,SuspiciousActivity,2024
https://latestgadet.com/go/837d85a4-fda0-4b10-89c8-c840455acb25,Ad Fraudsters Employ Sophisticated Techniques with Fake CAPTCHAs,SuspiciousActivity,2024
https://streamingsplays.com/go/b11f973d-01d4-4a5b-8af3-139daaa5443f,Ad Fraudsters Employ Sophisticated Techniques with Fake CAPTCHAs,SuspiciousActivity,2024
https://mediamanagerverif.com/go/2bf025b9-52c0-4587-bf7f-9a8cdd459851,Ad Fraudsters Employ Sophisticated Techniques with Fake CAPTCHAs,SuspiciousActivity,2024
https://adstrails.com/go/ac3d7719-d344-478a-b3b6-06bf5461f189,Ad Fraudsters Employ Sophisticated Techniques with Fake CAPTCHAs,SuspiciousActivity,2024
http://izmncdnboxuse05.b-cdn.net/final-step-to-continue.html,Ad Fraudsters Employ Sophisticated Techniques with Fake CAPTCHAs,SuspiciousActivity,2024
https://tagsflare.com/go/0c3c343a-abfa-4467-b52d-0c20711b2d7e,Ad Fraudsters Employ Sophisticated Techniques with Fake CAPTCHAs,SuspiciousActivity,2024
http://file-typ-botcheck-v1.b-cdn.net/prove-human-recaptcha.html,Ad Fraudsters Employ Sophisticated Techniques with Fake CAPTCHAs,SuspiciousActivity,2024
http://sos-bg-sof-1.exo.io/amdbuck/,Ad Fraudsters Employ Sophisticated Techniques with Fake CAPTCHAs,SuspiciousActivity,2024
https://streamingszone.com/go/b3ddd860-89c0-448c-937d-acf02f7a766f,Ad Fraudsters Employ Sophisticated Techniques with Fake CAPTCHAs,SuspiciousActivity,2024
https://addonclicks.com/go/aa22d074-412b-41b9-ba13-7dcf967019d9,Ad Fraudsters Employ Sophisticated Techniques with Fake CAPTCHAs,SuspiciousActivity,2024
http://check-in-cf.b-cdn.net/verify/cf-check.html,Ad Fraudsters Employ Sophisticated Techniques with Fake CAPTCHAs,SuspiciousActivity,2024
http://dedicloadpgeing.b-cdn.net/dedicated-captcha-page.html,Ad Fraudsters Employ Sophisticated Techniques with Fake CAPTCHAs,SuspiciousActivity,2024
http://dedicloadpgeingv11.b-cdn.net/dedicated-captcha-page.html,Ad Fraudsters Employ Sophisticated Techniques with Fake CAPTCHAs,SuspiciousActivity,2024
https://smartlinkoffer.com/go/15ef9db0-585b-4c85-9ffc-a2b6e81c4bfa,Ad Fraudsters Employ Sophisticated Techniques with Fake CAPTCHAs,SuspiciousActivity,2024
http://anti-automation-v2.b-cdn.net/verf-v2.html,Ad Fraudsters Employ Sophisticated Techniques with Fake CAPTCHAs,SuspiciousActivity,2024
https://privatemeld.com/go/014e411a-91a4-44b3-9da2-5954404438dc,Ad Fraudsters Employ Sophisticated Techniques with Fake CAPTCHAs,SuspiciousActivity,2024
https://searchmegood.com/go/897a19a7-2e55-408c-94a6-d82617b5361f,Ad Fraudsters Employ Sophisticated Techniques with Fake CAPTCHAs,SuspiciousActivity,2024
https://addonclicks.com/go/b37e8c6f-ddee-4501-8a45-c5a466afee72,Ad Fraudsters Employ Sophisticated Techniques with Fake CAPTCHAs,SuspiciousActivity,2024
https://mediamanagerverif.com/go/9626641b-871b-45e1-b360-84e2767326cc,Ad Fraudsters Employ Sophisticated Techniques with Fake CAPTCHAs,SuspiciousActivity,2024
https://vanshitref.com/go/e594bfab-e401-456c-a4fc-63d70055ff5b,Ad Fraudsters Employ Sophisticated Techniques with Fake CAPTCHAs,SuspiciousActivity,2024
http://dedicloadpgeingv4.b-cdn.net/dedicated-captcha-page.html,Ad Fraudsters Employ Sophisticated Techniques with Fake CAPTCHAs,SuspiciousActivity,2024
https://servinglane.com/go/83864c8d-2168-4d4e-bf47-b67a99e6178a,Ad Fraudsters Employ Sophisticated Techniques with Fake CAPTCHAs,SuspiciousActivity,2024
http://check-cf-ver1.b-cdn.net/version3/cf-check.html,Ad Fraudsters Employ Sophisticated Techniques with Fake CAPTCHAs,SuspiciousActivity,2024
https://tunneloid.com/go/520c3874-eeb8-4f5c-bc79-849759f17715,Ad Fraudsters Employ Sophisticated Techniques with Fake CAPTCHAs,SuspiciousActivity,2024
http://verification-module-v2.b-cdn.net/recaptcha_verification_updated.html,Ad Fraudsters Employ Sophisticated Techniques with Fake CAPTCHAs,SuspiciousActivity,2024
http://file-typ-botcheck.b-cdn.net/prove-human-recaptcha.html,Ad Fraudsters Employ Sophisticated Techniques with Fake CAPTCHAs,SuspiciousActivity,2024
http://weoidnet013.b-cdn.net/iqwjdolx.html,Ad Fraudsters Employ Sophisticated Techniques with Fake CAPTCHAs,SuspiciousActivity,2024
https://getcodavbiz.com/go/ce1c3e68-e155-4e87-992c-b66f1485aef9,Ad Fraudsters Employ Sophisticated Techniques with Fake CAPTCHAs,SuspiciousActivity,2024
https://purnimaali.com/go/b36d4019-1072-445e-8719-8fae7640ed7f,Ad Fraudsters Employ Sophisticated Techniques with Fake CAPTCHAs,SuspiciousActivity,2024
https://clickzstreamer.com/go/7110a328-a727-4c2c-9e88-3a71adf76cb1,Ad Fraudsters Employ Sophisticated Techniques with Fake CAPTCHAs,SuspiciousActivity,2024
http://anti-automation-v5.b-cdn.net/verf-v5.html,Ad Fraudsters Employ Sophisticated Techniques with Fake CAPTCHAs,SuspiciousActivity,2024
http://izmncdnboxuse06.b-cdn.net/final-step-to-continue.html,Ad Fraudsters Employ Sophisticated Techniques with Fake CAPTCHAs,SuspiciousActivity,2024
http://verification-module-v5.b-cdn.net/recaptcha_verification_updated.html,Ad Fraudsters Employ Sophisticated Techniques with Fake CAPTCHAs,SuspiciousActivity,2024
http://bmy7etxgksxo.objectstorage.sa-santiago-1.oci.customer-oci.com/n/bmy7etxgksxo/b/,Ad Fraudsters Employ Sophisticated Techniques with Fake CAPTCHAs,SuspiciousActivity,2024
https://nettrilo.com/go/708fba2f-fbc0-45d0-831f-4e92054b1b73,Ad Fraudsters Employ Sophisticated Techniques with Fake CAPTCHAs,SuspiciousActivity,2024
http://precious-valkyrie-cea580.netlify.app/recaptcha-sep-v2-1-baba.html,Ad Fraudsters Employ Sophisticated Techniques with Fake CAPTCHAs,SuspiciousActivity,2024
http://dedicloadpgeingv7.b-cdn.net/dedicated-captcha-page.html,Ad Fraudsters Employ Sophisticated Techniques with Fake CAPTCHAs,SuspiciousActivity,2024
http://nikutjyjgchr.b-cdn.net/ryftgjcaptchv1.html,Ad Fraudsters Employ Sophisticated Techniques with Fake CAPTCHAs,SuspiciousActivity,2024
https://camplytic.com/go/7110a328-a727-4c2c-9e88-3a71adf76cb1,Ad Fraudsters Employ Sophisticated Techniques with Fake CAPTCHAs,SuspiciousActivity,2024
https://gamebalri.com/go/6818d61d-1f2e-4bc0-a98b-c63669acc41f,Ad Fraudsters Employ Sophisticated Techniques with Fake CAPTCHAs,SuspiciousActivity,2024
http://objectstorage.ap-mumbai-1.oraclecloud.com/n/bmy7etxgksxo/b/fetchbucket/o/,Ad Fraudsters Employ Sophisticated Techniques with Fake CAPTCHAs,SuspiciousActivity,2024
http://weoidnet03.b-cdn.net/iqwjdolx.html,Ad Fraudsters Employ Sophisticated Techniques with Fake CAPTCHAs,SuspiciousActivity,2024
http://newverifyyourself-system.b-cdn.net/recaptcha_verification-v1.html,Ad Fraudsters Employ Sophisticated Techniques with Fake CAPTCHAs,SuspiciousActivity,2024
http://travelwithandrew.xyz/assets/index.html,Ad Fraudsters Employ Sophisticated Techniques with Fake CAPTCHAs,SuspiciousActivity,2024
https://fineclouding.com/go/0160ee85-0b3d-45cf-adbd-4801966ce1dd,Ad Fraudsters Employ Sophisticated Techniques with Fake CAPTCHAs,SuspiciousActivity,2024
http://objectstorage.ap-mumbai-1.oraclecloud.com/n/bmy7etxgksxo/b/bucket-aws-vip/o/,Ad Fraudsters Employ Sophisticated Techniques with Fake CAPTCHAs,SuspiciousActivity,2024
http://verifyyourself-system.b-cdn.net/recaptcha_verification-new.html,Ad Fraudsters Employ Sophisticated Techniques with Fake CAPTCHAs,SuspiciousActivity,2024
http://weoidnet08.b-cdn.net/iqwjdolx.html,Ad Fraudsters Employ Sophisticated Techniques with Fake CAPTCHAs,SuspiciousActivity,2024
http://izmncdnboxuse07.b-cdn.net/final-step-to-continue.html,Ad Fraudsters Employ Sophisticated Techniques with Fake CAPTCHAs,SuspiciousActivity,2024
https://provenhandshakecap.com/go/3442df81-6329-4d47-8594-73a9455c5363,Ad Fraudsters Employ Sophisticated Techniques with Fake CAPTCHAs,SuspiciousActivity,2024
https://glidronix.com/go/8eb5d9be-98ca-42c4-8185-090a299eb3ef,Ad Fraudsters Employ Sophisticated Techniques with Fake CAPTCHAs,SuspiciousActivity,2024
http://weoidnet010.b-cdn.net/iqwjdolx.html,Ad Fraudsters Employ Sophisticated Techniques with Fake CAPTCHAs,SuspiciousActivity,2024
https://stephighs.com/go/ce1c3e68-e155-4e87-992c-b66f1485aef9,Ad Fraudsters Employ Sophisticated Techniques with Fake CAPTCHAs,SuspiciousActivity,2024
http://weoidnet015.b-cdn.net/iqwjdolx.html,Ad Fraudsters Employ Sophisticated Techniques with Fake CAPTCHAs,SuspiciousActivity,2024
https://tracksvista.com/go/b67f38ca-952b-44e3-b463-126a325e85c6,Ad Fraudsters Employ Sophisticated Techniques with Fake CAPTCHAs,SuspiciousActivity,2024
http://weoidnet01.b-cdn.net/iqwjdolx.html,Ad Fraudsters Employ Sophisticated Techniques with Fake CAPTCHAs,SuspiciousActivity,2024
http://weoidnet06.b-cdn.net/iqwjdolx.html,Ad Fraudsters Employ Sophisticated Techniques with Fake CAPTCHAs,SuspiciousActivity,2024
https://gawanjaneto.com/go/180f58b8-38df-46cb-a0d2-d6f12d8aa8a8,Ad Fraudsters Employ Sophisticated Techniques with Fake CAPTCHAs,SuspiciousActivity,2024
http://sos-at-vie-1.exo.io/bucketrack/dir62/final/,Ad Fraudsters Employ Sophisticated Techniques with Fake CAPTCHAs,SuspiciousActivity,2024
https://insigelo.com/go/fecdc64b-280d-4ee1-9f28-96efb38acb15,Ad Fraudsters Employ Sophisticated Techniques with Fake CAPTCHAs,SuspiciousActivity,2024
http://nikutjyjgchr.b-cdn.net/syncfuzzv2.html,Ad Fraudsters Employ Sophisticated Techniques with Fake CAPTCHAs,SuspiciousActivity,2024
http://bot-systemexplorer.b-cdn.net/recaptcha-v4-protocol-nov23.html,Ad Fraudsters Employ Sophisticated Techniques with Fake CAPTCHAs,SuspiciousActivity,2024
http://dedicloadpgeingv6.b-cdn.net/dedicated-captcha-page.html,Ad Fraudsters Employ Sophisticated Techniques with Fake CAPTCHAs,SuspiciousActivity,2024
https://stephighs.com/go/4be1a5d1-14ab-44ae-bea7-d55de09afac0,Ad Fraudsters Employ Sophisticated Techniques with Fake CAPTCHAs,SuspiciousActivity,2024
https://spotconningo.com/go/3119e6d0-9df0-4116-816f-0ff62631557b,Ad Fraudsters Employ Sophisticated Techniques with Fake CAPTCHAs,SuspiciousActivity,2024
http://restoindia.me/recaptcha/downloads,Ad Fraudsters Employ Sophisticated Techniques with Fake CAPTCHAs,SuspiciousActivity,2024
http://verification-module-v4.b-cdn.net/recaptcha_verification_updated.html,Ad Fraudsters Employ Sophisticated Techniques with Fake CAPTCHAs,SuspiciousActivity,2024
https://impressflow.com/go/f7d8c7fb-c416-4972-94cd-2f1ede1bac38,Ad Fraudsters Employ Sophisticated Techniques with Fake CAPTCHAs,SuspiciousActivity,2024
mil-ee.cloud,Earth Koshchei’s Rogue RDP Espionage - A Global Cyber Threat,SuspiciousActivity,2024
ms-meeting.online,Earth Koshchei’s Rogue RDP Espionage - A Global Cyber Threat,SuspiciousActivity,2024
awsmeet.cloud,Earth Koshchei’s Rogue RDP Espionage - A Global Cyber Threat,SuspiciousActivity,2024
s3-blackberry.cloud,Earth Koshchei’s Rogue RDP Espionage - A Global Cyber Threat,SuspiciousActivity,2024
mzv-sk.cloud,Earth Koshchei’s Rogue RDP Espionage - A Global Cyber Threat,SuspiciousActivity,2024
s3-ucia.cloud,Earth Koshchei’s Rogue RDP Espionage - A Global Cyber Threat,SuspiciousActivity,2024
s3-rand.cloud,Earth Koshchei’s Rogue RDP Espionage - A Global Cyber Threat,SuspiciousActivity,2024
gov-gr.cloud,Earth Koshchei’s Rogue RDP Espionage - A Global Cyber Threat,SuspiciousActivity,2024
symbolsecurity.cloud,Earth Koshchei’s Rogue RDP Espionage - A Global Cyber Threat,SuspiciousActivity,2024
americanprogress.cloud,Earth Koshchei’s Rogue RDP Espionage - A Global Cyber Threat,SuspiciousActivity,2024
caci.solutions,Earth Koshchei’s Rogue RDP Espionage - A Global Cyber Threat,SuspiciousActivity,2024
admin-ch.cloud,Earth Koshchei’s Rogue RDP Espionage - A Global Cyber Threat,SuspiciousActivity,2024
democracyendowment.cloud,Earth Koshchei’s Rogue RDP Espionage - A Global Cyber Threat,SuspiciousActivity,2024
trustifi.cloud,Earth Koshchei’s Rogue RDP Espionage - A Global Cyber Threat,SuspiciousActivity,2024
aws-join.cloud,Earth Koshchei’s Rogue RDP Espionage - A Global Cyber Threat,SuspiciousActivity,2024
mfa-gov-tr.cloud,Earth Koshchei’s Rogue RDP Espionage - A Global Cyber Threat,SuspiciousActivity,2024
aws-il.cloud,Earth Koshchei’s Rogue RDP Espionage - A Global Cyber Threat,SuspiciousActivity,2024
awsplatform.online,Earth Koshchei’s Rogue RDP Espionage - A Global Cyber Threat,SuspiciousActivity,2024
s3-dnc.cloud,Earth Koshchei’s Rogue RDP Espionage - A Global Cyber Threat,SuspiciousActivity,2024
ua-energy.cloud,Earth Koshchei’s Rogue RDP Espionage - A Global Cyber Threat,SuspiciousActivity,2024
albrightstonebridge.cloud,Earth Koshchei’s Rogue RDP Espionage - A Global Cyber Threat,SuspiciousActivity,2024
microsoftmeeting.cloud,Earth Koshchei’s Rogue RDP Espionage - A Global Cyber Threat,SuspiciousActivity,2024
ndu.solutions,Earth Koshchei’s Rogue RDP Espionage - A Global Cyber Threat,SuspiciousActivity,2024
asucloud.us,Earth Koshchei’s Rogue RDP Espionage - A Global Cyber Threat,SuspiciousActivity,2024
govua.cloud,Earth Koshchei’s Rogue RDP Espionage - A Global Cyber Threat,SuspiciousActivity,2024
ukrtelecom.cloud,Earth Koshchei’s Rogue RDP Espionage - A Global Cyber Threat,SuspiciousActivity,2024
gov-lt.cloud,Earth Koshchei’s Rogue RDP Espionage - A Global Cyber Threat,SuspiciousActivity,2024
mde-es.cloud,Earth Koshchei’s Rogue RDP Espionage - A Global Cyber Threat,SuspiciousActivity,2024
eopgov.cloud,Earth Koshchei’s Rogue RDP Espionage - A Global Cyber Threat,SuspiciousActivity,2024
zixcorp.cloud,Earth Koshchei’s Rogue RDP Espionage - A Global Cyber Threat,SuspiciousActivity,2024
gov-fi.cloud,Earth Koshchei’s Rogue RDP Espionage - A Global Cyber Threat,SuspiciousActivity,2024
s3-acronis.cloud,Earth Koshchei’s Rogue RDP Espionage - A Global Cyber Threat,SuspiciousActivity,2024
ms-meeting.com,Earth Koshchei’s Rogue RDP Espionage - A Global Cyber Threat,SuspiciousActivity,2024
cnas.zone,Earth Koshchei’s Rogue RDP Espionage - A Global Cyber Threat,SuspiciousActivity,2024
sipacolumbia.us,Earth Koshchei’s Rogue RDP Espionage - A Global Cyber Threat,SuspiciousActivity,2024
ms-conference.cloud,Earth Koshchei’s Rogue RDP Espionage - A Global Cyber Threat,SuspiciousActivity,2024
europeanvalues.cloud,Earth Koshchei’s Rogue RDP Espionage - A Global Cyber Threat,SuspiciousActivity,2024
gov-ua.cloud,Earth Koshchei’s Rogue RDP Espionage - A Global Cyber Threat,SuspiciousActivity,2024
barracuda.solutions,Earth Koshchei’s Rogue RDP Espionage - A Global Cyber Threat,SuspiciousActivity,2024
opensocietyfoundations.cloud,Earth Koshchei’s Rogue RDP Espionage - A Global Cyber Threat,SuspiciousActivity,2024
s3-marcus.cloud,Earth Koshchei’s Rogue RDP Espionage - A Global Cyber Threat,SuspiciousActivity,2024
ua-mil.cloud,Earth Koshchei’s Rogue RDP Espionage - A Global Cyber Threat,SuspiciousActivity,2024
exclaimer.solutions,Earth Koshchei’s Rogue RDP Espionage - A Global Cyber Threat,SuspiciousActivity,2024
foreignpolicy.cloud,Earth Koshchei’s Rogue RDP Espionage - A Global Cyber Threat,SuspiciousActivity,2024
ncfta.cloud,Earth Koshchei’s Rogue RDP Espionage - A Global Cyber Threat,SuspiciousActivity,2024
s3-dk.cloud,Earth Koshchei’s Rogue RDP Espionage - A Global Cyber Threat,SuspiciousActivity,2024
cwinc.cloud,Earth Koshchei’s Rogue RDP Espionage - A Global Cyber Threat,SuspiciousActivity,2024
ua-aws.army,Earth Koshchei’s Rogue RDP Espionage - A Global Cyber Threat,SuspiciousActivity,2024
s3-cloud.us,Earth Koshchei’s Rogue RDP Espionage - A Global Cyber Threat,SuspiciousActivity,2024
difesa-it.cloud,Earth Koshchei’s Rogue RDP Espionage - A Global Cyber Threat,SuspiciousActivity,2024
ceip.cloud,Earth Koshchei’s Rogue RDP Espionage - A Global Cyber Threat,SuspiciousActivity,2024
stratfor.cloud,Earth Koshchei’s Rogue RDP Espionage - A Global Cyber Threat,SuspiciousActivity,2024
brookings.cloud,Earth Koshchei’s Rogue RDP Espionage - A Global Cyber Threat,SuspiciousActivity,2024
s3-pt.cloud,Earth Koshchei’s Rogue RDP Espionage - A Global Cyber Threat,SuspiciousActivity,2024
cer.zone,Earth Koshchei’s Rogue RDP Espionage - A Global Cyber Threat,SuspiciousActivity,2024
quirinale.cloud,Earth Koshchei’s Rogue RDP Espionage - A Global Cyber Threat,SuspiciousActivity,2024
go-meeting.online,Earth Koshchei’s Rogue RDP Espionage - A Global Cyber Threat,SuspiciousActivity,2024
usaid.cloud,Earth Koshchei’s Rogue RDP Espionage - A Global Cyber Threat,SuspiciousActivity,2024
mil-pt.cloud,Earth Koshchei’s Rogue RDP Espionage - A Global Cyber Threat,SuspiciousActivity,2024
zoom-meetings.cloud,Earth Koshchei’s Rogue RDP Espionage - A Global Cyber Threat,SuspiciousActivity,2024
bund-de.cloud,Earth Koshchei’s Rogue RDP Espionage - A Global Cyber Threat,SuspiciousActivity,2024
defence-au.cloud,Earth Koshchei’s Rogue RDP Espionage - A Global Cyber Threat,SuspiciousActivity,2024
mae-ro.cloud,Earth Koshchei’s Rogue RDP Espionage - A Global Cyber Threat,SuspiciousActivity,2024
ssi-gouv-fr.cloud,Earth Koshchei’s Rogue RDP Espionage - A Global Cyber Threat,SuspiciousActivity,2024
s3-spacex.cloud,Earth Koshchei’s Rogue RDP Espionage - A Global Cyber Threat,SuspiciousActivity,2024
parseccomputer.cloud,Earth Koshchei’s Rogue RDP Espionage - A Global Cyber Threat,SuspiciousActivity,2024
wrapsnet.cloud,Earth Koshchei’s Rogue RDP Espionage - A Global Cyber Threat,SuspiciousActivity,2024
microsoft-meeting.cloud,Earth Koshchei’s Rogue RDP Espionage - A Global Cyber Threat,SuspiciousActivity,2024
s3-rackspace.cloud,Earth Koshchei’s Rogue RDP Espionage - A Global Cyber Threat,SuspiciousActivity,2024
ecfr.cloud,Earth Koshchei’s Rogue RDP Espionage - A Global Cyber Threat,SuspiciousActivity,2024
ua-gov.cloud,Earth Koshchei’s Rogue RDP Espionage - A Global Cyber Threat,SuspiciousActivity,2024
s3-aws.cloud,Earth Koshchei’s Rogue RDP Espionage - A Global Cyber Threat,SuspiciousActivity,2024
servicenowinc.us,Earth Koshchei’s Rogue RDP Espionage - A Global Cyber Threat,SuspiciousActivity,2024
aspeninstitute.cloud,Earth Koshchei’s Rogue RDP Espionage - A Global Cyber Threat,SuspiciousActivity,2024
ms-meetings.online,Earth Koshchei’s Rogue RDP Espionage - A Global Cyber Threat,SuspiciousActivity,2024
s3-zoho.cloud,Earth Koshchei’s Rogue RDP Espionage - A Global Cyber Threat,SuspiciousActivity,2024
mimecast.cloud,Earth Koshchei’s Rogue RDP Espionage - A Global Cyber Threat,SuspiciousActivity,2024
mil-be.cloud,Earth Koshchei’s Rogue RDP Espionage - A Global Cyber Threat,SuspiciousActivity,2024
s3-stig.cloud,Earth Koshchei’s Rogue RDP Espionage - A Global Cyber Threat,SuspiciousActivity,2024
capgemini.services,Earth Koshchei’s Rogue RDP Espionage - A Global Cyber Threat,SuspiciousActivity,2024
statecloud.us,Earth Koshchei’s Rogue RDP Espionage - A Global Cyber Threat,SuspiciousActivity,2024
ncsc.solutions,Earth Koshchei’s Rogue RDP Espionage - A Global Cyber Threat,SuspiciousActivity,2024
backupify.cloud,Earth Koshchei’s Rogue RDP Espionage - A Global Cyber Threat,SuspiciousActivity,2024
aws-meet.cloud,Earth Koshchei’s Rogue RDP Espionage - A Global Cyber Threat,SuspiciousActivity,2024
macfound.services,Earth Koshchei’s Rogue RDP Espionage - A Global Cyber Threat,SuspiciousActivity,2024
c-r.services,Earth Koshchei’s Rogue RDP Espionage - A Global Cyber Threat,SuspiciousActivity,2024
s3-csis.cloud,Earth Koshchei’s Rogue RDP Espionage - A Global Cyber Threat,SuspiciousActivity,2024
gov-trust.cloud,Earth Koshchei’s Rogue RDP Espionage - A Global Cyber Threat,SuspiciousActivity,2024
gmfus.cloud,Earth Koshchei’s Rogue RDP Espionage - A Global Cyber Threat,SuspiciousActivity,2024
kam-lt.cloud,Earth Koshchei’s Rogue RDP Espionage - A Global Cyber Threat,SuspiciousActivity,2024
s3-ida.cloud,Earth Koshchei’s Rogue RDP Espionage - A Global Cyber Threat,SuspiciousActivity,2024
us-mil.cloud,Earth Koshchei’s Rogue RDP Espionage - A Global Cyber Threat,SuspiciousActivity,2024
aws-data.cloud,Earth Koshchei’s Rogue RDP Espionage - A Global Cyber Threat,SuspiciousActivity,2024
gc-cloud.ca,Earth Koshchei’s Rogue RDP Espionage - A Global Cyber Threat,SuspiciousActivity,2024
s3-us.navy,Earth Koshchei’s Rogue RDP Espionage - A Global Cyber Threat,SuspiciousActivity,2024
s3-esa.cloud,Earth Koshchei’s Rogue RDP Espionage - A Global Cyber Threat,SuspiciousActivity,2024
forces-gc.cloud,Earth Koshchei’s Rogue RDP Espionage - A Global Cyber Threat,SuspiciousActivity,2024
s3-be.cloud,Earth Koshchei’s Rogue RDP Espionage - A Global Cyber Threat,SuspiciousActivity,2024
dep-no.cloud,Earth Koshchei’s Rogue RDP Espionage - A Global Cyber Threat,SuspiciousActivity,2024
govtr.cloud,Earth Koshchei’s Rogue RDP Espionage - A Global Cyber Threat,SuspiciousActivity,2024
s3-proofpoint.cloud,Earth Koshchei’s Rogue RDP Espionage - A Global Cyber Threat,SuspiciousActivity,2024
oktacloud.us,Earth Koshchei’s Rogue RDP Espionage - A Global Cyber Threat,SuspiciousActivity,2024
swcloud.us,Earth Koshchei’s Rogue RDP Espionage - A Global Cyber Threat,SuspiciousActivity,2024
shicloud.online,Earth Koshchei’s Rogue RDP Espionage - A Global Cyber Threat,SuspiciousActivity,2024
go-meeting.cloud,Earth Koshchei’s Rogue RDP Espionage - A Global Cyber Threat,SuspiciousActivity,2024
polycom.solutions,Earth Koshchei’s Rogue RDP Espionage - A Global Cyber Threat,SuspiciousActivity,2024
aws-ukraine.cloud,Earth Koshchei’s Rogue RDP Espionage - A Global Cyber Threat,SuspiciousActivity,2024
msconferences.cloud,Earth Koshchei’s Rogue RDP Espionage - A Global Cyber Threat,SuspiciousActivity,2024
googlemeet.zone,Earth Koshchei’s Rogue RDP Espionage - A Global Cyber Threat,SuspiciousActivity,2024
zoommeeting.today,Earth Koshchei’s Rogue RDP Espionage - A Global Cyber Threat,SuspiciousActivity,2024
gov-pl.cloud,Earth Koshchei’s Rogue RDP Espionage - A Global Cyber Threat,SuspiciousActivity,2024
gov-au.cloud,Earth Koshchei’s Rogue RDP Espionage - A Global Cyber Threat,SuspiciousActivity,2024
mfa-gov-il.cloud,Earth Koshchei’s Rogue RDP Espionage - A Global Cyber Threat,SuspiciousActivity,2024
s3-nato.cloud,Earth Koshchei’s Rogue RDP Espionage - A Global Cyber Threat,SuspiciousActivity,2024
gov-sk.cloud,Earth Koshchei’s Rogue RDP Espionage - A Global Cyber Threat,SuspiciousActivity,2024
gv-at.cloud,Earth Koshchei’s Rogue RDP Espionage - A Global Cyber Threat,SuspiciousActivity,2024
cfr-aws.cloud,Earth Koshchei’s Rogue RDP Espionage - A Global Cyber Threat,SuspiciousActivity,2024
cepa.solutions,Earth Koshchei’s Rogue RDP Espionage - A Global Cyber Threat,SuspiciousActivity,2024
s3-state.cloud,Earth Koshchei’s Rogue RDP Espionage - A Global Cyber Threat,SuspiciousActivity,2024
s3.army,Earth Koshchei’s Rogue RDP Espionage - A Global Cyber Threat,SuspiciousActivity,2024
s3-iri.cloud,Earth Koshchei’s Rogue RDP Espionage - A Global Cyber Threat,SuspiciousActivity,2024
mzv-cz.cloud,Earth Koshchei’s Rogue RDP Espionage - A Global Cyber Threat,SuspiciousActivity,2024
csbaonline.cloud,Earth Koshchei’s Rogue RDP Espionage - A Global Cyber Threat,SuspiciousActivity,2024
zoom-meeting.today,Earth Koshchei’s Rogue RDP Espionage - A Global Cyber Threat,SuspiciousActivity,2024
saiccloud.us,Earth Koshchei’s Rogue RDP Espionage - A Global Cyber Threat,SuspiciousActivity,2024
usip.us,Earth Koshchei’s Rogue RDP Espionage - A Global Cyber Threat,SuspiciousActivity,2024
s3-fbi.cloud,Earth Koshchei’s Rogue RDP Espionage - A Global Cyber Threat,SuspiciousActivity,2024
zoom-meeting.cloud,Earth Koshchei’s Rogue RDP Espionage - A Global Cyber Threat,SuspiciousActivity,2024
ukrainesec.cloud,Earth Koshchei’s Rogue RDP Espionage - A Global Cyber Threat,SuspiciousActivity,2024
zoom-meeting.pro,Earth Koshchei’s Rogue RDP Espionage - A Global Cyber Threat,SuspiciousActivity,2024
mil-pl.cloud,Earth Koshchei’s Rogue RDP Espionage - A Global Cyber Threat,SuspiciousActivity,2024
go-meet.pro,Earth Koshchei’s Rogue RDP Espionage - A Global Cyber Threat,SuspiciousActivity,2024
regeringskansliet-se.cloud,Earth Koshchei’s Rogue RDP Espionage - A Global Cyber Threat,SuspiciousActivity,2024
mfa-gov.cloud,Earth Koshchei’s Rogue RDP Espionage - A Global Cyber Threat,SuspiciousActivity,2024
s3-nsa.cloud,Earth Koshchei’s Rogue RDP Espionage - A Global Cyber Threat,SuspiciousActivity,2024
druva.cloud,Earth Koshchei’s Rogue RDP Espionage - A Global Cyber Threat,SuspiciousActivity,2024
s3-monitoring.cloud,Earth Koshchei’s Rogue RDP Espionage - A Global Cyber Threat,SuspiciousActivity,2024
aws-online.cloud,Earth Koshchei’s Rogue RDP Espionage - A Global Cyber Threat,SuspiciousActivity,2024
crisisgroup.services,Earth Koshchei’s Rogue RDP Espionage - A Global Cyber Threat,SuspiciousActivity,2024
defense-gouv.cloud,Earth Koshchei’s Rogue RDP Espionage - A Global Cyber Threat,SuspiciousActivity,2024
gov-aws.cloud,Earth Koshchei’s Rogue RDP Espionage - A Global Cyber Threat,SuspiciousActivity,2024
softcat.cloud,Earth Koshchei’s Rogue RDP Espionage - A Global Cyber Threat,SuspiciousActivity,2024
mindef-nl.cloud,Earth Koshchei’s Rogue RDP Espionage - A Global Cyber Threat,SuspiciousActivity,2024
s3-ned.cloud,Earth Koshchei’s Rogue RDP Espionage - A Global Cyber Threat,SuspiciousActivity,2024
s3-de.cloud,Earth Koshchei’s Rogue RDP Espionage - A Global Cyber Threat,SuspiciousActivity,2024
4freerussia.cloud,Earth Koshchei’s Rogue RDP Espionage - A Global Cyber Threat,SuspiciousActivity,2024
pulsesecure.cloud,Earth Koshchei’s Rogue RDP Espionage - A Global Cyber Threat,SuspiciousActivity,2024
s3-atlassian.cloud,Earth Koshchei’s Rogue RDP Espionage - A Global Cyber Threat,SuspiciousActivity,2024
amazonmeeting.cloud,Earth Koshchei’s Rogue RDP Espionage - A Global Cyber Threat,SuspiciousActivity,2024
s3-ua.cloud,Earth Koshchei’s Rogue RDP Espionage - A Global Cyber Threat,SuspiciousActivity,2024
s3-knowbe4.cloud,Earth Koshchei’s Rogue RDP Espionage - A Global Cyber Threat,SuspiciousActivity,2024
minbuza.cloud,Earth Koshchei’s Rogue RDP Espionage - A Global Cyber Threat,SuspiciousActivity,2024
s3-bah.cloud,Earth Koshchei’s Rogue RDP Espionage - A Global Cyber Threat,SuspiciousActivity,2024
s3-hudson.cloud,Earth Koshchei’s Rogue RDP Espionage - A Global Cyber Threat,SuspiciousActivity,2024
ua-sec.cloud,Earth Koshchei’s Rogue RDP Espionage - A Global Cyber Threat,SuspiciousActivity,2024
zero-trust.solutions,Earth Koshchei’s Rogue RDP Espionage - A Global Cyber Threat,SuspiciousActivity,2024
wilsoncenter.cloud,Earth Koshchei’s Rogue RDP Espionage - A Global Cyber Threat,SuspiciousActivity,2024
s3-dgap.cloud,Earth Koshchei’s Rogue RDP Espionage - A Global Cyber Threat,SuspiciousActivity,2024
mvep-hr.cloud,Earth Koshchei’s Rogue RDP Espionage - A Global Cyber Threat,SuspiciousActivity,2024
gouv-fr.cloud,Earth Koshchei’s Rogue RDP Espionage - A Global Cyber Threat,SuspiciousActivity,2024
prio.zone,Earth Koshchei’s Rogue RDP Espionage - A Global Cyber Threat,SuspiciousActivity,2024
amazonsolutions.cloud,Earth Koshchei’s Rogue RDP Espionage - A Global Cyber Threat,SuspiciousActivity,2024
s3-army.cloud,Earth Koshchei’s Rogue RDP Espionage - A Global Cyber Threat,SuspiciousActivity,2024
presidencia-pt.cloud,Earth Koshchei’s Rogue RDP Espionage - A Global Cyber Threat,SuspiciousActivity,2024
msz-pl.cloud,Earth Koshchei’s Rogue RDP Espionage - A Global Cyber Threat,SuspiciousActivity,2024
freedomhouse.cloud,Earth Koshchei’s Rogue RDP Espionage - A Global Cyber Threat,SuspiciousActivity,2024
aws-meetings.cloud,Earth Koshchei’s Rogue RDP Espionage - A Global Cyber Threat,SuspiciousActivity,2024
gov-lv.cloud,Earth Koshchei’s Rogue RDP Espionage - A Global Cyber Threat,SuspiciousActivity,2024
google-meet.cloud,Earth Koshchei’s Rogue RDP Espionage - A Global Cyber Threat,SuspiciousActivity,2024
mod-gov-il.cloud,Earth Koshchei’s Rogue RDP Espionage - A Global Cyber Threat,SuspiciousActivity,2024
conferencefreckewl.shop,HeartCrypt Packer-as-a-Service Enables Easy Malware Distribution,SuspiciousActivity,2024
stitchmiscpaew.shop,HeartCrypt Packer-as-a-Service Enables Easy Malware Distribution,SuspiciousActivity,2024
possiwreeste.site,HeartCrypt Packer-as-a-Service Enables Easy Malware Distribution,SuspiciousActivity,2024
quotamkdsdqo.shop,FBI and CISA Uncover Lumma Stealer Evolving Cyber Threats,SuspiciousActivity,2024
l34d3r.duckdns.org,HeartCrypt Packer-as-a-Service Enables Easy Malware Distribution,SuspiciousActivity,2024
octubre212024.giize.com,HeartCrypt Packer-as-a-Service Enables Easy Malware Distribution,SuspiciousActivity,2024
chickerkuso.shop,FBI and CISA Uncover Lumma Stealer Evolving Cyber Threats,SuspiciousActivity,2024
dcmayofornuevo.dynuddns.com,HeartCrypt Packer-as-a-Service Enables Easy Malware Distribution,SuspiciousActivity,2024
chorusarorp.site,HeartCrypt Packer-as-a-Service Enables Easy Malware Distribution,SuspiciousActivity,2024
relevantvoicelesskw.shop,HeartCrypt Packer-as-a-Service Enables Easy Malware Distribution,SuspiciousActivity,2024
frizzettei.sbs,FBI and CISA Uncover Lumma Stealer Evolving Cyber Threats,SuspiciousActivity,2024
achievenmtynwjq.shop,FBI and CISA Uncover Lumma Stealer Evolving Cyber Threats,SuspiciousActivity,2024
enlargkiw.sbs,HeartCrypt Packer-as-a-Service Enables Easy Malware Distribution,SuspiciousActivity,2024
mathcucom.sbs,HeartCrypt Packer-as-a-Service Enables Easy Malware Distribution,SuspiciousActivity,2024
procesosespeciales855.casacam.net,HeartCrypt Packer-as-a-Service Enables Easy Malware Distribution,SuspiciousActivity,2024
colorfulequalugliess.shop,HeartCrypt Packer-as-a-Service Enables Easy Malware Distribution,SuspiciousActivity,2024
publicitttyps.shop,HeartCrypt Packer-as-a-Service Enables Easy Malware Distribution,SuspiciousActivity,2024
ehticsprocw.sbs,HeartCrypt Packer-as-a-Service Enables Easy Malware Distribution,SuspiciousActivity,2024
puerto4000.duckdns.org,HeartCrypt Packer-as-a-Service Enables Easy Malware Distribution,SuspiciousActivity,2024
doesnotkl.dynuddns.net,HeartCrypt Packer-as-a-Service Enables Easy Malware Distribution,SuspiciousActivity,2024
isoplethui.sbs,LummaStealer malware drives the comeback of Genesis Market,SuspiciousActivity,2024
evoliutwoqm.shop,FBI and CISA Uncover Lumma Stealer Evolving Cyber Threats,SuspiciousActivity,2024
appetitesallooonsj.shop,HeartCrypt Packer-as-a-Service Enables Easy Malware Distribution,SuspiciousActivity,2024
gutterydhowi.shop,LummaStealer malware drives the comeback of Genesis Market,SuspiciousActivity,2024
mysterisop.site,HeartCrypt Packer-as-a-Service Enables Easy Malware Distribution,SuspiciousActivity,2024
bouncedgowp.shop,HeartCrypt Packer-as-a-Service Enables Easy Malware Distribution,SuspiciousActivity,2024
newera08.casacam.net,HeartCrypt Packer-as-a-Service Enables Easy Malware Distribution,SuspiciousActivity,2024
krakenstudio0612.casacam.net,HeartCrypt Packer-as-a-Service Enables Easy Malware Distribution,SuspiciousActivity,2024
opponnentduei.shop,FBI and CISA Uncover Lumma Stealer Evolving Cyber Threats,SuspiciousActivity,2024
allocatinow.sbs,HeartCrypt Packer-as-a-Service Enables Easy Malware Distribution,SuspiciousActivity,2024
wisemassiveharmonious.shop,HeartCrypt Packer-as-a-Service Enables Easy Malware Distribution,SuspiciousActivity,2024
0.tcp.ngrok.io,HeartCrypt Packer-as-a-Service Enables Easy Malware Distribution,SuspiciousActivity,2024
agentyanlark.site,HeartCrypt Packer-as-a-Service Enables Easy Malware Distribution,SuspiciousActivity,2024
nuevodcsrat.duckdns.org,HeartCrypt Packer-as-a-Service Enables Easy Malware Distribution,SuspiciousActivity,2024
diosayudamesenor.dynuddns.net,HeartCrypt Packer-as-a-Service Enables Easy Malware Distribution,SuspiciousActivity,2024
perezedc95.duckdns.org,HeartCrypt Packer-as-a-Service Enables Easy Malware Distribution,SuspiciousActivity,2024
grassemenwji.shop,HeartCrypt Packer-as-a-Service Enables Easy Malware Distribution,SuspiciousActivity,2024
fragnantbui.shop,FBI and CISA Uncover Lumma Stealer Evolving Cyber Threats,SuspiciousActivity,2024
offensivedzvju.shop,LummaStealer malware drives the comeback of Genesis Market,SuspiciousActivity,2024
closeconection.duckdns.org,HeartCrypt Packer-as-a-Service Enables Easy Malware Distribution,SuspiciousActivity,2024
offcordl.dynuddns.net,HeartCrypt Packer-as-a-Service Enables Easy Malware Distribution,SuspiciousActivity,2024
snarlypagowo.site,HeartCrypt Packer-as-a-Service Enables Easy Malware Distribution,SuspiciousActivity,2024
famikyjdiag.site,HeartCrypt Packer-as-a-Service Enables Easy Malware Distribution,SuspiciousActivity,2024
reverseproxy.con-ip.com,HeartCrypt Packer-as-a-Service Enables Easy Malware Distribution,SuspiciousActivity,2024
sofaprivateawarderysj.shop,HeartCrypt Packer-as-a-Service Enables Easy Malware Distribution,SuspiciousActivity,2024
charistmatwio.shop,HeartCrypt Packer-as-a-Service Enables Easy Malware Distribution,SuspiciousActivity,2024
bargainnykwo.shop,HeartCrypt Packer-as-a-Service Enables Easy Malware Distribution,SuspiciousActivity,2024
radiationnopp.shop,HeartCrypt Packer-as-a-Service Enables Easy Malware Distribution,SuspiciousActivity,2024
abnomalrkmu.site,HeartCrypt Packer-as-a-Service Enables Easy Malware Distribution,SuspiciousActivity,2024
proyectoxman1.casacam.net,HeartCrypt Packer-as-a-Service Enables Easy Malware Distribution,SuspiciousActivity,2024
ohfantasyproclaiwlo.shop,HeartCrypt Packer-as-a-Service Enables Easy Malware Distribution,SuspiciousActivity,2024
treatynreit.site,HeartCrypt Packer-as-a-Service Enables Easy Malware Distribution,SuspiciousActivity,2024
vozmeatillu.shop,FBI and CISA Uncover Lumma Stealer Evolving Cyber Threats,SuspiciousActivity,2024
word8328.duckdns.org,HeartCrypt Packer-as-a-Service Enables Easy Malware Distribution,SuspiciousActivity,2024
resinedyw.sbs,HeartCrypt Packer-as-a-Service Enables Easy Malware Distribution,SuspiciousActivity,2024
pt4040.4cloud.click,HeartCrypt Packer-as-a-Service Enables Easy Malware Distribution,SuspiciousActivity,2024
basedsymsotp.shop,HeartCrypt Packer-as-a-Service Enables Easy Malware Distribution,SuspiciousActivity,2024
liabiliytshareodlkv.shop,HeartCrypt Packer-as-a-Service Enables Easy Malware Distribution,SuspiciousActivity,2024
globalserverwindows.duckdns.org,HeartCrypt Packer-as-a-Service Enables Easy Malware Distribution,SuspiciousActivity,2024
complainnykso.shop,HeartCrypt Packer-as-a-Service Enables Easy Malware Distribution,SuspiciousActivity,2024
hhkhgklbnc.duckdns.org,HeartCrypt Packer-as-a-Service Enables Easy Malware Distribution,SuspiciousActivity,2024
notoriousdcellkw.shop,HeartCrypt Packer-as-a-Service Enables Easy Malware Distribution,SuspiciousActivity,2024
trackboxing.dynuddns.net,HeartCrypt Packer-as-a-Service Enables Easy Malware Distribution,SuspiciousActivity,2024
lineagelasserytailsd.shop,HeartCrypt Packer-as-a-Service Enables Easy Malware Distribution,SuspiciousActivity,2024
bellykmrebk.site,HeartCrypt Packer-as-a-Service Enables Easy Malware Distribution,SuspiciousActivity,2024
dxpam.duckdns.org,Blind Eagle’s relentless operations against South America’s core institutions,SuspiciousActivity,2024
jorgeperezpu145.con-ip.com,HeartCrypt Packer-as-a-Service Enables Easy Malware Distribution,SuspiciousActivity,2024
exemplarou.sbs,FBI and CISA Uncover Lumma Stealer Evolving Cyber Threats,SuspiciousActivity,2024
condifendteu.sbs,HeartCrypt Packer-as-a-Service Enables Easy Malware Distribution,SuspiciousActivity,2024
stay-daughters.gl.at.ply.gg,HeartCrypt Packer-as-a-Service Enables Easy Malware Distribution,SuspiciousActivity,2024
fuertefuerte.accesscam.org,HeartCrypt Packer-as-a-Service Enables Easy Malware Distribution,SuspiciousActivity,2024
castanojulian1111.chickenkiller.com,HeartCrypt Packer-as-a-Service Enables Easy Malware Distribution,SuspiciousActivity,2024
raven123.ddnsgeek.com,HeartCrypt Packer-as-a-Service Enables Easy Malware Distribution,SuspiciousActivity,2024
renagtiondo.com,HeartCrypt Packer-as-a-Service Enables Easy Malware Distribution,SuspiciousActivity,2024
commandejorsk.site,HeartCrypt Packer-as-a-Service Enables Easy Malware Distribution,SuspiciousActivity,2024
bannngwko.shop,HeartCrypt Packer-as-a-Service Enables Easy Malware Distribution,SuspiciousActivity,2024
mnnioudfd.duckdns.org,HeartCrypt Packer-as-a-Service Enables Easy Malware Distribution,SuspiciousActivity,2024
headraisepresidensu.shop,HeartCrypt Packer-as-a-Service Enables Easy Malware Distribution,SuspiciousActivity,2024
dashboard.dynuddns.com,HeartCrypt Packer-as-a-Service Enables Easy Malware Distribution,SuspiciousActivity,2024
soldiefieop.site,HeartCrypt Packer-as-a-Service Enables Easy Malware Distribution,SuspiciousActivity,2024
comercialnuevoan20.casacam.net,HeartCrypt Packer-as-a-Service Enables Easy Malware Distribution,SuspiciousActivity,2024
minorittyeffeoos.shop,HeartCrypt Packer-as-a-Service Enables Easy Malware Distribution,SuspiciousActivity,2024
septiembre13.con-ip.com,HeartCrypt Packer-as-a-Service Enables Easy Malware Distribution,SuspiciousActivity,2024
stogeneratmns.shop,FBI and CISA Uncover Lumma Stealer Evolving Cyber Threats,SuspiciousActivity,2024
enivomarzo12.dynuddns.com,HeartCrypt Packer-as-a-Service Enables Easy Malware Distribution,SuspiciousActivity,2024
ergwgfbrej.duckdns.org,HeartCrypt Packer-as-a-Service Enables Easy Malware Distribution,SuspiciousActivity,2024
ergfdsvhiebviured.con-ip.com,HeartCrypt Packer-as-a-Service Enables Easy Malware Distribution,SuspiciousActivity,2024
underlinemdsj.site,HeartCrypt Packer-as-a-Service Enables Easy Malware Distribution,SuspiciousActivity,2024
xwrmsistem.duckdns.org,HeartCrypt Packer-as-a-Service Enables Easy Malware Distribution,SuspiciousActivity,2024
invinjurhey.sbs,FBI and CISA Uncover Lumma Stealer Evolving Cyber Threats,SuspiciousActivity,2024
exilepolsiy.sbs,LummaStealer malware drives the comeback of Genesis Market,SuspiciousActivity,2024
rafaborre27.duckdns.org,HeartCrypt Packer-as-a-Service Enables Easy Malware Distribution,SuspiciousActivity,2024
puerto4001.duckdns.org,HeartCrypt Packer-as-a-Service Enables Easy Malware Distribution,SuspiciousActivity,2024
laddyirekyi.sbs,LummaStealer malware drives the comeback of Genesis Market,SuspiciousActivity,2024
octubre18.ydns.eu,HeartCrypt Packer-as-a-Service Enables Easy Malware Distribution,SuspiciousActivity,2024
zabra2oto.theworkpc.com,HeartCrypt Packer-as-a-Service Enables Easy Malware Distribution,SuspiciousActivity,2024
affecthorsedpo.shop,HeartCrypt Packer-as-a-Service Enables Easy Malware Distribution,SuspiciousActivity,2024
landdumpycolorwskfw.shop,HeartCrypt Packer-as-a-Service Enables Easy Malware Distribution,SuspiciousActivity,2024
parallelmercywksoffw.shop,HeartCrypt Packer-as-a-Service Enables Easy Malware Distribution,SuspiciousActivity,2024
tendencyportionjsuk.shop,HeartCrypt Packer-as-a-Service Enables Easy Malware Distribution,SuspiciousActivity,2024
vennurviot.sbs,HeartCrypt Packer-as-a-Service Enables Easy Malware Distribution,SuspiciousActivity,2024
ignoracndwko.shop,HeartCrypt Packer-as-a-Service Enables Easy Malware Distribution,SuspiciousActivity,2024
uoptyerdg.duckdns.org,HeartCrypt Packer-as-a-Service Enables Easy Malware Distribution,SuspiciousActivity,2024
doctorganador.duckdns.org,HeartCrypt Packer-as-a-Service Enables Easy Malware Distribution,SuspiciousActivity,2024
esteesdeldcr23.duckdns.org,HeartCrypt Packer-as-a-Service Enables Easy Malware Distribution,SuspiciousActivity,2024
preachstrwnwjw.shop,HeartCrypt Packer-as-a-Service Enables Easy Malware Distribution,SuspiciousActivity,2024
azul.accesscam.org,HeartCrypt Packer-as-a-Service Enables Easy Malware Distribution,SuspiciousActivity,2024
ghostreedmnu.shop,LummaStealer malware drives the comeback of Genesis Market,SuspiciousActivity,2024
milldymarskwom.shop,FBI and CISA Uncover Lumma Stealer Evolving Cyber Threats,SuspiciousActivity,2024
octubre242024.casacam.net,HeartCrypt Packer-as-a-Service Enables Easy Malware Distribution,SuspiciousActivity,2024
bemuzzeki.sbs,FBI and CISA Uncover Lumma Stealer Evolving Cyber Threats,SuspiciousActivity,2024
drawzhotdog.shop,FBI and CISA Uncover Lumma Stealer Evolving Cyber Threats,SuspiciousActivity,2024
mrtwinks.duckdns.org,HeartCrypt Packer-as-a-Service Enables Easy Malware Distribution,SuspiciousActivity,2024
metallygaricwo.shop,FBI and CISA Uncover Lumma Stealer Evolving Cyber Threats,SuspiciousActivity,2024
questionsmw.store,HeartCrypt Packer-as-a-Service Enables Easy Malware Distribution,SuspiciousActivity,2024
flourhishdiscovrw.shop,HeartCrypt Packer-as-a-Service Enables Easy Malware Distribution,SuspiciousActivity,2024
wins22jul.duckdns.org,HeartCrypt Packer-as-a-Service Enables Easy Malware Distribution,SuspiciousActivity,2024
writekdmsnu.site,HeartCrypt Packer-as-a-Service Enables Easy Malware Distribution,SuspiciousActivity,2024
puerto4003-envios.mysynology.net,HeartCrypt Packer-as-a-Service Enables Easy Malware Distribution,SuspiciousActivity,2024
puredoffustow.shop,FBI and CISA Uncover Lumma Stealer Evolving Cyber Threats,SuspiciousActivity,2024
prideconstituiiosjk.shop,HeartCrypt Packer-as-a-Service Enables Easy Malware Distribution,SuspiciousActivity,2024
http://pruebaoctubrenuevo.ydns.eu:3018/,HeartCrypt Packer-as-a-Service Enables Easy Malware Distribution,SuspiciousActivity,2024
https://188.245.87.202/,HeartCrypt Packer-as-a-Service Enables Easy Malware Distribution,SuspiciousActivity,2024
http://confrewdsfgfs.con-ip.com:1661/,HeartCrypt Packer-as-a-Service Enables Easy Malware Distribution,SuspiciousActivity,2024
http://consolidado23.linkpc.net:3019/,HeartCrypt Packer-as-a-Service Enables Easy Malware Distribution,SuspiciousActivity,2024
http://hotsdefender.webredirect.org:2404/,HeartCrypt Packer-as-a-Service Enables Easy Malware Distribution,SuspiciousActivity,2024
http://5.161.190.139:13757/,HeartCrypt Packer-as-a-Service Enables Easy Malware Distribution,SuspiciousActivity,2024
http://assaasjdnsubdcdy.con-ip.com:1661/,HeartCrypt Packer-as-a-Service Enables Easy Malware Distribution,SuspiciousActivity,2024
http://jorgeperezpu145.con-ip.com:1661/,HeartCrypt Packer-as-a-Service Enables Easy Malware Distribution,SuspiciousActivity,2024
https://95.217.135.112/,HeartCrypt Packer-as-a-Service Enables Easy Malware Distribution,SuspiciousActivity,2024
https://tougn.website/,HeartCrypt Packer-as-a-Service Enables Easy Malware Distribution,SuspiciousActivity,2024
http://assaasjdnsubdcdy.con-ip.com:1667/,HeartCrypt Packer-as-a-Service Enables Easy Malware Distribution,SuspiciousActivity,2024
https://116.203.153.40/,HeartCrypt Packer-as-a-Service Enables Easy Malware Distribution,SuspiciousActivity,2024
http://mywhitelab.ddns.net:2404/,HeartCrypt Packer-as-a-Service Enables Easy Malware Distribution,SuspiciousActivity,2024
https://195.201.118.191/,HeartCrypt Packer-as-a-Service Enables Easy Malware Distribution,SuspiciousActivity,2024
http://193.142.146.21:2404/,HeartCrypt Packer-as-a-Service Enables Easy Malware Distribution,SuspiciousActivity,2024
http://193.233.132.10:50500/,HeartCrypt Packer-as-a-Service Enables Easy Malware Distribution,SuspiciousActivity,2024
http://192.227.94.170/,HeartCrypt Packer-as-a-Service Enables Easy Malware Distribution,SuspiciousActivity,2024
http://91.92.244.67:50500/,HeartCrypt Packer-as-a-Service Enables Easy Malware Distribution,SuspiciousActivity,2024
https://135.181.31.18/,HeartCrypt Packer-as-a-Service Enables Easy Malware Distribution,SuspiciousActivity,2024
http://sleepychanreal.com:4040/,HeartCrypt Packer-as-a-Service Enables Easy Malware Distribution,SuspiciousActivity,2024
http://agosto15.con-ip.com:7771/,HeartCrypt Packer-as-a-Service Enables Easy Malware Distribution,SuspiciousActivity,2024
http://91.202.233.181/any,HeartCrypt Packer-as-a-Service Enables Easy Malware Distribution,SuspiciousActivity,2024
http://5.161.190.139:8732/,HeartCrypt Packer-as-a-Service Enables Easy Malware Distribution,SuspiciousActivity,2024
http://207.148.69.28:6608/,HeartCrypt Packer-as-a-Service Enables Easy Malware Distribution,SuspiciousActivity,2024
https://5.75.253.161/,HeartCrypt Packer-as-a-Service Enables Easy Malware Distribution,SuspiciousActivity,2024
http://78.142.18.221:2401/,HeartCrypt Packer-as-a-Service Enables Easy Malware Distribution,SuspiciousActivity,2024
https://37.27.31.150/,HeartCrypt Packer-as-a-Service Enables Easy Malware Distribution,SuspiciousActivity,2024
http://genesisloperalora09.con-ip.com:1880/,HeartCrypt Packer-as-a-Service Enables Easy Malware Distribution,SuspiciousActivity,2024
https://95.217.28.72/,HeartCrypt Packer-as-a-Service Enables Easy Malware Distribution,SuspiciousActivity,2024
http://estrillajuju.con-ip.com:1668/,HeartCrypt Packer-as-a-Service Enables Easy Malware Distribution,SuspiciousActivity,2024
http://azul.accesscam.org:2609/,HeartCrypt Packer-as-a-Service Enables Easy Malware Distribution,SuspiciousActivity,2024
https://65.109.243.0/,HeartCrypt Packer-as-a-Service Enables Easy Malware Distribution,SuspiciousActivity,2024
http://149.28.222.15:44506/,HeartCrypt Packer-as-a-Service Enables Easy Malware Distribution,SuspiciousActivity,2024
http://juanruizpu1405.con-ip.com:1668/,HeartCrypt Packer-as-a-Service Enables Easy Malware Distribution,SuspiciousActivity,2024
http://solumintir.duckdns.org:1994/,HeartCrypt Packer-as-a-Service Enables Easy Malware Distribution,SuspiciousActivity,2024
http://873d723jh90387gdbn283dn3.con-ip.com:5023/,HeartCrypt Packer-as-a-Service Enables Easy Malware Distribution,SuspiciousActivity,2024
http://nwemarkets.com:5552/,HeartCrypt Packer-as-a-Service Enables Easy Malware Distribution,SuspiciousActivity,2024
http://dfgdfghghfhfh.con-ip.com:1665/,HeartCrypt Packer-as-a-Service Enables Easy Malware Distribution,SuspiciousActivity,2024
http://91.92.248.143:1000/,HeartCrypt Packer-as-a-Service Enables Easy Malware Distribution,SuspiciousActivity,2024
http://segurosbolivar24.con-ip.com:2006/,HeartCrypt Packer-as-a-Service Enables Easy Malware Distribution,SuspiciousActivity,2024
http://octubre2424.run.place:3019/,HeartCrypt Packer-as-a-Service Enables Easy Malware Distribution,SuspiciousActivity,2024
https://65.109.11.145/,HeartCrypt Packer-as-a-Service Enables Easy Malware Distribution,SuspiciousActivity,2024
http://libardino.linkpc.net:3019/,HeartCrypt Packer-as-a-Service Enables Easy Malware Distribution,SuspiciousActivity,2024
http://167.235.207.130/,HeartCrypt Packer-as-a-Service Enables Easy Malware Distribution,SuspiciousActivity,2024
http://peleinufele.kozow.com:32024/,HeartCrypt Packer-as-a-Service Enables Easy Malware Distribution,SuspiciousActivity,2024
http://mayo006.con-ip.com:7770/,HeartCrypt Packer-as-a-Service Enables Easy Malware Distribution,SuspiciousActivity,2024
http://188.40.248.148/,HeartCrypt Packer-as-a-Service Enables Easy Malware Distribution,SuspiciousActivity,2024
http://193.233.133.152:35515/,HeartCrypt Packer-as-a-Service Enables Easy Malware Distribution,SuspiciousActivity,2024
http://nwemarkets.com:9774/,HeartCrypt Packer-as-a-Service Enables Easy Malware Distribution,SuspiciousActivity,2024
https://128.140.125.116/,HeartCrypt Packer-as-a-Service Enables Easy Malware Distribution,SuspiciousActivity,2024
http://newtestdn.dns.army:1700/,HeartCrypt Packer-as-a-Service Enables Easy Malware Distribution,SuspiciousActivity,2024
http://rcmpx.duckdns.org:57870/,HeartCrypt Packer-as-a-Service Enables Easy Malware Distribution,SuspiciousActivity,2024
cybelejack9.mywire.org,Malware Campaigns Exploit Festive Themes to Target Users,SuspiciousActivity,2024
jobs-projecthope.org,Malware Campaigns Exploit Festive Themes to Target Users,SuspiciousActivity,2024
orients-pk.com,Malware Campaigns Exploit Festive Themes to Target Users,SuspiciousActivity,2024
quantumdhub.ru,Malware Campaigns Exploit Festive Themes to Target Users,SuspiciousActivity,2024
9a8ed03d.f2cb57a2c2a430507599d2aa.workers.dev,Malware Campaigns Exploit Festive Themes to Target Users,SuspiciousActivity,2024
www.codingdrunk.in,Outdated D-Link Routers Targeted by Botnets,SuspiciousActivity,2024
f.codingdrunk.cc,Outdated D-Link Routers Targeted by Botnets,SuspiciousActivity,2024
pirati.abuser.eu,Outdated D-Link Routers Targeted by Botnets,SuspiciousActivity,2024
le.codingdrunk.in,Outdated D-Link Routers Targeted by Botnets,SuspiciousActivity,2024
ru.coziest.lol,Outdated D-Link Routers Targeted by Botnets,SuspiciousActivity,2024
http://87.10.220.221/bins.sh,Outdated D-Link Routers Targeted by Botnets,SuspiciousActivity,2024
http://87.10.220.221/yakuza.arm5,Outdated D-Link Routers Targeted by Botnets,SuspiciousActivity,2024
http://87.10.220.221/yakuza.arm6,Outdated D-Link Routers Targeted by Botnets,SuspiciousActivity,2024
http://87.10.220.221/yakuza.arm7,Outdated D-Link Routers Targeted by Botnets,SuspiciousActivity,2024
http://87.10.220.221/yakuza.m68k,Outdated D-Link Routers Targeted by Botnets,SuspiciousActivity,2024
http://pirati.abuser.eu/yakuza.mips,Outdated D-Link Routers Targeted by Botnets,SuspiciousActivity,2024
http://103.149.87.69/multi,Outdated D-Link Routers Targeted by Botnets,SuspiciousActivity,2024
http://87.10.220.221/yakuza.arm4,Outdated D-Link Routers Targeted by Botnets,SuspiciousActivity,2024
http://pirati.abuser.eu/yakuza.ppc,Outdated D-Link Routers Targeted by Botnets,SuspiciousActivity,2024
http://pirati.abuser.eu/yakuza.arm5,Outdated D-Link Routers Targeted by Botnets,SuspiciousActivity,2024
http://pirati.abuser.eu/yakuza.arm6,Outdated D-Link Routers Targeted by Botnets,SuspiciousActivity,2024
http://pirati.abuser.eu/yakuza.m68k,Outdated D-Link Routers Targeted by Botnets,SuspiciousActivity,2024
http://87.10.220.221/yakuza.mips,Outdated D-Link Routers Targeted by Botnets,SuspiciousActivity,2024
http://pirati.abuser.eu/yakuza.arm7,Outdated D-Link Routers Targeted by Botnets,SuspiciousActivity,2024
http://pirati.abuser.eu/yakuza.x86,Outdated D-Link Routers Targeted by Botnets,SuspiciousActivity,2024
http://87.10.220.221/yakuza.i686,Outdated D-Link Routers Targeted by Botnets,SuspiciousActivity,2024
http://103.149.87.69/la.bot.mipsel,Outdated D-Link Routers Targeted by Botnets,SuspiciousActivity,2024
http://pirati.abuser.eu/yakuza.mipsel,Outdated D-Link Routers Targeted by Botnets,SuspiciousActivity,2024
http://87.11.174.141/bins.sh,Outdated D-Link Routers Targeted by Botnets,SuspiciousActivity,2024
http://87.10.220.221/yakuza.x86,Outdated D-Link Routers Targeted by Botnets,SuspiciousActivity,2024
http://87.10.220.221/yakuza.sparc,Outdated D-Link Routers Targeted by Botnets,SuspiciousActivity,2024
http://103.149.87.69/la.bot.mips,Outdated D-Link Routers Targeted by Botnets,SuspiciousActivity,2024
http://103.149.87.69/la.bot.powerpc,Outdated D-Link Routers Targeted by Botnets,SuspiciousActivity,2024
http://87.10.220.221/yakuza.sh,Outdated D-Link Routers Targeted by Botnets,SuspiciousActivity,2024
http://87.10.220.221/yakuza.i586,Outdated D-Link Routers Targeted by Botnets,SuspiciousActivity,2024
http://103.149.87.69/la.bot.sh4,Outdated D-Link Routers Targeted by Botnets,SuspiciousActivity,2024
http://pirati.abuser.eu/yakuza.i586,Outdated D-Link Routers Targeted by Botnets,SuspiciousActivity,2024
http://103.149.87.69/la.bot.sparc,Outdated D-Link Routers Targeted by Botnets,SuspiciousActivity,2024
http://103.149.87.69/la.bot.arm7,Outdated D-Link Routers Targeted by Botnets,SuspiciousActivity,2024
http://103.149.87.69/la.bot.arm5,Outdated D-Link Routers Targeted by Botnets,SuspiciousActivity,2024
http://103.149.87.69/la.bot.arm6,Outdated D-Link Routers Targeted by Botnets,SuspiciousActivity,2024
http://103.149.87.69/la.bot.m68k,Outdated D-Link Routers Targeted by Botnets,SuspiciousActivity,2024
http://pirati.abuser.eu/yakuza.i686,Outdated D-Link Routers Targeted by Botnets,SuspiciousActivity,2024
http://103.149.87.69/la.bot.arc,Outdated D-Link Routers Targeted by Botnets,SuspiciousActivity,2024
http://87.10.220.221/yakuza.mipsel,Outdated D-Link Routers Targeted by Botnets,SuspiciousActivity,2024
http://pirati.abuser.eu/yakuza.sparc,Outdated D-Link Routers Targeted by Botnets,SuspiciousActivity,2024
http://87.10.220.221/yakuza.ppc,Outdated D-Link Routers Targeted by Botnets,SuspiciousActivity,2024
http://pirati.abuser.eu/yakuza.yak.sh,Outdated D-Link Routers Targeted by Botnets,SuspiciousActivity,2024
http://103.149.87.69/la.bot.arm,Outdated D-Link Routers Targeted by Botnets,SuspiciousActivity,2024
